d1,r,d2
DB00862,0,DB01137
DB00398,0,DB01182
DB00440,0,DB00757
DB00243,0,DB04844
DB00818,0,DB00489
DB01189,0,DB01118
DB01189,0,DB09039
DB08893,0,DB01165
DB00934,0,DB01224
DB00188,0,DB01267
DB00714,0,DB00199
DB00199,0,DB00333
DB01242,0,DB00420
DB00691,0,DB00608
DB00188,0,DB01195
DB00862,0,DB00875
DB00691,0,DB00477
DB00622,0,DB00204
DB00543,0,DB01137
DB01075,0,DB00604
DB00346,0,DB04855
DB01167,0,DB01267
DB00537,0,DB00889
DB01236,0,DB06589
DB04953,0,DB01182
DB00218,0,DB00976
DB01591,0,DB00889
DB00289,0,DB00976
DB09080,0,DB01035
DB00458,0,DB01035
DB01263,0,DB00333
DB00889,0,DB04844
DB06825,0,DB01184
DB00608,0,DB00757
DB01104,0,DB06216
DB00915,0,DB00608
DB00537,0,DB01175
DB00818,0,DB00246
DB01268,0,DB00889
DB00334,0,DB00308
DB01274,0,DB00246
DB01036,0,DB00363
DB00289,0,DB00261
DB00674,0,DB05294
DB01151,0,DB01087
DB08815,0,DB00908
DB06788,0,DB01175
DB08903,0,DB01175
DB01104,0,DB00904
DB00915,0,DB01175
DB01075,0,DB01267
DB01254,0,DB01035
DB01356,0,DB09039
DB04953,0,DB01195
DB00691,0,DB04844
DB01142,0,DB06708
DB01274,0,DB00556
DB01151,0,DB00757
DB00243,0,DB06216
DB01069,0,DB00199
DB00743,0,DB08881
DB01001,0,DB00014
DB01087,0,DB01624
DB00358,0,DB00215
DB06603,0,DB00489
DB01001,0,DB00743
DB00834,0,DB01001
DB00871,0,DB01169
DB00674,0,DB01155
DB00726,0,DB00308
DB04953,0,DB00014
DB00757,0,DB01195
DB06663,0,DB00908
DB00270,0,DB06216
DB00726,0,DB00679
DB00622,0,DB06216
DB00270,0,DB01035
DB01036,0,DB01624
DB01268,0,DB01182
DB00949,0,DB06589
DB00334,0,DB01211
DB01238,0,DB06216
DB00458,0,DB00199
DB09080,0,DB04946
DB00818,0,DB00743
DB00289,0,DB01137
DB00656,0,DB00218
DB00916,0,DB00889
DB00263,0,DB01195
DB01268,0,DB00743
DB00334,0,DB00204
DB01142,0,DB05294
DB00753,0,DB00014
DB00196,0,DB09063
DB00808,0,DB04855
DB01195,0,DB00308
DB00344,0,DB01165
DB02546,0,DB06708
DB00374,0,DB08903
DB01036,0,DB00889
DB00218,0,DB00556
DB00346,0,DB06708
DB00916,0,DB00246
DB01242,0,DB08865
DB00220,0,DB01155
DB00753,0,DB08865
DB02546,0,DB09063
DB01151,0,DB01211
DB01623,0,DB06708
DB00537,0,DB00908
DB00540,0,DB00363
DB00199,0,DB06402
DB00199,0,DB00608
DB00938,0,DB06708
DB00734,0,DB06589
DB01236,0,DB00468
DB06788,0,DB00468
DB01001,0,DB01137
DB08912,0,DB00218
DB00218,0,DB08903
DB01263,0,DB01165
DB00656,0,DB01182
DB00674,0,DB06697
DB00871,0,DB00472
DB00915,0,DB01169
DB06708,0,DB09083
DB01233,0,DB00539
DB00691,0,DB00363
DB00808,0,DB06216
DB00321,0,DB05294
DB01165,0,DB01211
DB06663,0,DB00280
DB00743,0,DB01601
DB00710,0,DB00757
DB06699,0,DB00604
DB00477,0,DB00889
DB01233,0,DB01118
DB00477,0,DB00738
DB01274,0,DB00280
DB00916,0,DB09039
DB01268,0,DB01175
DB00458,0,DB00604
DB00927,0,DB00204
DB01069,0,DB01182
DB00014,0,DB06708
DB01155,0,DB00875
DB00753,0,DB04855
DB06699,0,DB00420
DB01069,0,DB06708
DB00334,0,DB01035
DB01403,0,DB06697
DB08868,0,DB00604
DB00714,0,DB04855
DB00808,0,DB06697
DB00743,0,DB00757
DB01274,0,DB00537
DB01151,0,DB01169
DB00710,0,DB01224
DB06663,0,DB00679
DB01182,0,DB00539
DB01195,0,DB00204
DB01137,0,DB04946
DB00243,0,DB00904
DB01182,0,DB08903
DB00529,0,DB06589
DB00346,0,DB01155
DB00321,0,DB01169
DB01623,0,DB00207
DB00904,0,DB05294
DB01236,0,DB01184
DB01059,0,DB04844
DB00697,0,DB00246
DB01087,0,DB01182
DB00270,0,DB01195
DB09080,0,DB00679
DB01195,0,DB05294
DB01026,0,DB00218
DB00398,0,DB00199
DB00679,0,DB09083
DB01623,0,DB00363
DB01623,0,DB00537
DB00889,0,DB01100
DB01075,0,DB09078
DB00889,0,DB06402
DB00656,0,DB00679
DB09078,0,DB09039
DB00674,0,DB06216
DB01233,0,DB00014
DB01015,0,DB01267
DB01591,0,DB01624
DB00916,0,DB04868
DB00346,0,DB00218
DB09083,0,DB06603
DB01403,0,DB06708
DB00420,0,DB00537
DB08903,0,DB06708
DB01623,0,DB00556
DB01001,0,DB01155
DB02546,0,DB04946
DB00738,0,DB01184
DB06699,0,DB01211
DB09080,0,DB00308
DB06663,0,DB00743
DB06402,0,DB00308
DB00104,0,DB00537
DB00871,0,DB01087
DB00927,0,DB00889
DB00502,0,DB01232
DB00738,0,DB06402
DB01356,0,DB00539
DB00289,0,DB06697
DB08871,0,DB00261
DB00862,0,DB00556
DB01001,0,DB00472
DB00420,0,DB06589
DB06603,0,DB00261
DB06589,0,DB00261
DB00263,0,DB06603
DB00983,0,DB01224
DB00333,0,DB08865
DB00529,0,DB00261
DB00363,0,DB00889
DB00691,0,DB00889
DB01155,0,DB04855
DB00543,0,DB01224
DB09083,0,DB09063
DB00374,0,DB01137
DB08871,0,DB01087
DB01623,0,DB00261
DB01059,0,DB00477
DB00674,0,DB01100
DB00834,0,DB01087
DB00608,0,DB00738
DB00714,0,DB00215
DB01242,0,DB01169
DB00370,0,DB04855
DB00834,0,DB00199
DB00949,0,DB00280
DB08871,0,DB01232
DB00334,0,DB01155
DB00543,0,DB00014
DB00915,0,DB00215
DB00916,0,DB04946
DB00734,0,DB00889
DB00556,0,DB01175
DB00398,0,DB00738
DB01075,0,DB01184
DB00370,0,DB01137
DB00757,0,DB00889
DB00285,0,DB00875
DB00582,0,DB00489
DB00557,0,DB00261
DB00188,0,DB00477
DB06825,0,DB01232
DB00358,0,DB00875
DB00753,0,DB01169
DB00915,0,DB00757
DB00834,0,DB01591
DB01069,0,DB06697
DB00363,0,DB00743
DB01036,0,DB08903
DB00503,0,DB01087
DB01591,0,DB00489
DB00458,0,DB06216
DB09083,0,DB00976
DB00916,0,DB08865
DB00502,0,DB05294
DB08912,0,DB00489
DB00834,0,DB01254
DB00691,0,DB01267
DB00289,0,DB00502
DB01274,0,DB08903
DB00543,0,DB04868
DB00537,0,DB00904
DB00934,0,DB00308
DB00949,0,DB01175
DB06402,0,DB01601
DB02546,0,DB00450
DB01142,0,DB00604
DB00834,0,DB00543
DB00014,0,DB00477
DB09080,0,DB00757
DB00556,0,DB00679
DB00529,0,DB01087
DB00450,0,DB00261
DB01182,0,DB01195
DB00674,0,DB01267
DB01259,0,DB00420
DB06699,0,DB04855
DB00726,0,DB01169
DB00321,0,DB01184
DB00270,0,DB00539
DB00949,0,DB00537
DB01072,0,DB00679
DB00344,0,DB00308
DB00557,0,DB01087
DB01274,0,DB01601
DB00346,0,DB01182
DB00656,0,DB01155
DB01254,0,DB00308
DB00916,0,DB00308
DB01236,0,DB00280
DB00675,0,DB06402
DB00289,0,DB00468
DB00743,0,DB00246
DB00889,0,DB00604
DB00871,0,DB06216
DB00726,0,DB01182
DB01233,0,DB00537
DB00862,0,DB04844
DB00344,0,DB06216
DB00285,0,DB00489
DB01259,0,DB01137
DB01591,0,DB00263
DB00344,0,DB00875
DB01142,0,DB08865
DB00608,0,DB08865
DB00363,0,DB00204
DB01356,0,DB08903
DB00934,0,DB00743
DB01015,0,DB00420
DB00537,0,DB00308
DB01001,0,DB00263
DB00734,0,DB01182
DB01403,0,DB06402
DB01075,0,DB01232
DB00014,0,DB00218
DB00697,0,DB01137
DB01165,0,DB05294
DB00889,0,DB00904
DB00715,0,DB01137
DB05039,0,DB01035
DB02546,0,DB09078
DB00370,0,DB01169
DB01165,0,DB01182
DB00916,0,DB01165
DB01259,0,DB01267
DB00934,0,DB06402
DB08871,0,DB06603
DB08893,0,DB06697
DB01015,0,DB01087
DB00818,0,DB01224
DB00358,0,DB00757
DB00450,0,DB08903
DB00014,0,DB00363
DB08868,0,DB00539
DB05039,0,DB01087
DB01259,0,DB00502
DB01072,0,DB00489
DB00697,0,DB08903
DB01015,0,DB09039
DB00207,0,DB08903
DB00808,0,DB01195
DB00949,0,DB04855
DB01268,0,DB00539
DB06697,0,DB09083
DB00374,0,DB01087
DB00540,0,DB00207
DB09080,0,DB01182
DB00440,0,DB00502
DB01015,0,DB04946
DB00818,0,DB00420
DB00714,0,DB00537
DB00477,0,DB00604
DB08871,0,DB01035
DB01242,0,DB00904
DB00691,0,DB08865
DB00674,0,DB01182
DB00726,0,DB00280
DB01591,0,DB00502
DB00904,0,DB01035
DB00714,0,DB01211
DB00218,0,DB01165
DB00753,0,DB00537
DB00695,0,DB00204
DB00285,0,DB00308
DB00334,0,DB04946
DB01259,0,DB01182
DB00537,0,DB00757
DB06663,0,DB01087
DB00537,0,DB00204
DB00440,0,DB00280
DB06788,0,DB01601
DB00889,0,DB00308
DB00188,0,DB04844
DB01236,0,DB04946
DB01623,0,DB01224
DB01189,0,DB01232
DB00675,0,DB01169
DB00289,0,DB00218
DB00916,0,DB00608
DB01236,0,DB00263
DB00188,0,DB00468
DB01142,0,DB01624
DB00270,0,DB01087
DB01059,0,DB00976
DB00934,0,DB00472
DB01104,0,DB09078
DB00458,0,DB00502
DB00734,0,DB00280
DB00207,0,DB00218
DB00196,0,DB00308
DB00938,0,DB01175
DB05039,0,DB01195
DB06699,0,DB00468
DB00334,0,DB00489
DB01356,0,DB01137
DB00743,0,DB01118
DB06788,0,DB00218
DB00398,0,DB00908
DB00864,0,DB04855
DB00916,0,DB00679
DB00622,0,DB00246
DB00691,0,DB00904
DB01268,0,DB00199
DB00218,0,DB09063
DB00540,0,DB00608
DB00710,0,DB00477
DB06603,0,DB00308
DB00358,0,DB01195
DB01069,0,DB00904
DB00398,0,DB00539
DB01274,0,DB00204
DB00450,0,DB00537
DB00714,0,DB04946
DB00450,0,DB00743
DB00871,0,DB09078
DB00622,0,DB01175
DB00916,0,DB00537
DB02546,0,DB04855
DB00608,0,DB01195
DB00014,0,DB00261
DB00420,0,DB00502
DB00270,0,DB01165
DB01591,0,DB09078
DB01165,0,DB06697
DB01268,0,DB00450
DB00440,0,DB04855
DB00949,0,DB06216
DB00540,0,DB01169
DB00289,0,DB00539
DB01236,0,DB00679
DB01036,0,DB00489
DB00450,0,DB01232
DB01059,0,DB09078
DB01059,0,DB00450
DB01233,0,DB04868
DB00927,0,DB01035
DB01236,0,DB06697
DB00983,0,DB00204
DB01189,0,DB00743
DB00458,0,DB04946
DB00440,0,DB00738
DB01069,0,DB01601
DB09080,0,DB00489
DB00927,0,DB01155
DB00871,0,DB01137
DB00557,0,DB00215
DB08868,0,DB01100
DB06663,0,DB01184
DB01069,0,DB00468
DB00014,0,DB04844
DB00540,0,DB01100
DB00582,0,DB01267
DB06825,0,DB06216
DB06402,0,DB04868
DB00934,0,DB01232
DB00104,0,DB00679
DB06663,0,DB00199
DB00726,0,DB00604
DB01259,0,DB00743
DB00503,0,DB04868
DB00270,0,DB00472
DB00871,0,DB04868
DB01403,0,DB01137
DB00440,0,DB00537
DB01069,0,DB00472
DB01072,0,DB00218
DB00374,0,DB01100
DB00582,0,DB00537
DB00808,0,DB01087
DB00915,0,DB06708
DB01268,0,DB06216
DB08868,0,DB04844
DB01259,0,DB00738
DB08903,0,DB00280
DB09078,0,DB01224
DB00477,0,DB01155
DB06402,0,DB01175
DB00529,0,DB08903
DB01623,0,DB06589
DB00289,0,DB01175
DB00104,0,DB01211
DB00289,0,DB06589
DB01623,0,DB00246
DB00207,0,DB01624
DB00543,0,DB04844
DB00321,0,DB01035
DB01242,0,DB04855
DB00871,0,DB01100
DB01036,0,DB00738
DB08868,0,DB08903
DB01142,0,DB01165
DB00358,0,DB00450
DB06663,0,DB00468
DB01591,0,DB06589
DB09080,0,DB01155
DB06699,0,DB00308
DB00743,0,DB00976
DB01069,0,DB00604
DB01242,0,DB00246
DB00477,0,DB00308
DB00927,0,DB06697
DB01623,0,DB01211
DB06663,0,DB00489
DB01026,0,DB00537
DB06788,0,DB08881
DB00871,0,DB01211
DB00710,0,DB06697
DB01072,0,DB01267
DB00622,0,DB01169
DB01623,0,DB01175
DB00529,0,DB00333
DB00440,0,DB08865
DB01151,0,DB00904
DB00440,0,DB06603
DB00285,0,DB00904
DB00656,0,DB06708
DB00196,0,DB01267
DB09078,0,DB06708
DB06663,0,DB01175
DB02546,0,DB00261
DB01087,0,DB01137
DB00714,0,DB00738
DB00207,0,DB00263
DB00346,0,DB01087
DB00656,0,DB01175
DB00196,0,DB00215
DB00753,0,DB00604
DB00420,0,DB00738
DB00871,0,DB04946
DB06699,0,DB01118
DB01075,0,DB01087
DB00715,0,DB00308
DB01087,0,DB01100
DB00104,0,DB00904
DB01015,0,DB00608
DB00871,0,DB01165
DB01623,0,DB00477
DB01233,0,DB01137
DB00871,0,DB00218
DB00818,0,DB01087
DB00862,0,DB00908
DB01137,0,DB06697
DB00734,0,DB00743
DB00927,0,DB05294
DB00904,0,DB01165
DB00557,0,DB06402
DB01155,0,DB01118
DB01059,0,DB08865
DB01189,0,DB06697
DB01165,0,DB06708
DB06825,0,DB01195
DB01151,0,DB00308
DB00333,0,DB00608
DB00285,0,DB00246
DB06699,0,DB00908
DB08868,0,DB01137
DB01263,0,DB00263
DB08864,0,DB01175
DB00346,0,DB01137
DB06663,0,DB04868
DB01320,0,DB01118
DB00285,0,DB01175
DB00949,0,DB00757
DB01263,0,DB00450
DB00104,0,DB01118
DB00450,0,DB00280
DB00927,0,DB01118
DB00726,0,DB00204
DB00871,0,DB01184
DB00370,0,DB00014
DB00346,0,DB00489
DB08871,0,DB04855
DB04953,0,DB01601
DB00263,0,DB00420
DB01001,0,DB06589
DB09082,0,DB06708
DB00915,0,DB00472
DB01155,0,DB00679
DB01059,0,DB00207
DB01015,0,DB00908
DB00285,0,DB00472
DB00983,0,DB00363
DB00862,0,DB00014
DB00503,0,DB00199
DB06603,0,DB01100
DB01151,0,DB00875
DB00938,0,DB00450
DB01015,0,DB00604
DB00529,0,DB01165
DB01142,0,DB00477
DB09080,0,DB00537
DB06402,0,DB06589
DB00734,0,DB00333
DB00398,0,DB00472
DB00949,0,DB08865
DB01211,0,DB01169
DB06825,0,DB06708
DB01059,0,DB01184
DB00344,0,DB04855
DB09083,0,DB06402
DB00915,0,DB06402
DB00714,0,DB05294
DB00440,0,DB01169
DB09082,0,DB01182
DB00014,0,DB01169
DB00818,0,DB00207
DB00862,0,DB06216
DB06699,0,DB09039
DB00358,0,DB00502
DB01059,0,DB06708
DB00472,0,DB00502
DB00983,0,DB01211
DB01403,0,DB01035
DB01165,0,DB00215
DB00334,0,DB01165
DB00334,0,DB00908
DB09082,0,DB06216
DB01015,0,DB00738
DB00370,0,DB00308
DB00543,0,DB00489
DB00656,0,DB00207
DB01268,0,DB00333
DB01259,0,DB00218
DB00289,0,DB00904
DB00370,0,DB00537
DB06825,0,DB01211
DB00334,0,DB09078
DB01015,0,DB00308
DB06402,0,DB00261
DB00440,0,DB00468
DB00540,0,DB06697
DB04953,0,DB00738
DB00218,0,DB00889
DB00691,0,DB09078
DB01069,0,DB01211
DB00188,0,DB00875
DB00270,0,DB00904
DB06603,0,DB06708
DB00398,0,DB04844
DB00477,0,DB01195
DB00529,0,DB00489
DB00983,0,DB01100
DB01242,0,DB00608
DB00321,0,DB00204
DB08868,0,DB00875
DB00938,0,DB00904
DB00540,0,DB00556
DB02546,0,DB00604
DB01137,0,DB04844
DB00289,0,DB01035
DB01259,0,DB01175
DB01137,0,DB01211
DB00188,0,DB00539
DB00818,0,DB08865
DB01189,0,DB00468
DB00862,0,DB05294
DB00188,0,DB08865
DB00622,0,DB01624
DB09289,0,DB00908
DB09078,0,DB00908
DB00218,0,DB08865
DB00927,0,DB09063
DB00757,0,DB00604
DB00656,0,DB00468
DB01242,0,DB06697
DB00543,0,DB01169
DB01155,0,DB06708
DB08815,0,DB00280
DB00398,0,DB00556
DB00285,0,DB00604
DB09080,0,DB00539
DB06788,0,DB00875
DB00218,0,DB06216
DB05039,0,DB00204
DB00927,0,DB00207
DB01155,0,DB01211
DB00697,0,DB00539
DB05039,0,DB06708
DB00714,0,DB00207
DB02546,0,DB00472
DB00691,0,DB00420
DB00196,0,DB06708
DB00398,0,DB00537
DB00904,0,DB06589
DB09082,0,DB04855
DB00346,0,DB00537
DB00916,0,DB00908
DB00104,0,DB00450
DB00915,0,DB00904
DB00949,0,DB00502
DB09083,0,DB01165
DB00188,0,DB00738
DB00656,0,DB00889
DB00753,0,DB01195
DB00582,0,DB00450
DB00674,0,DB01195
DB00674,0,DB04844
DB00539,0,DB09083
DB00927,0,DB08881
DB00757,0,DB09078
DB00503,0,DB00261
DB00622,0,DB00608
DB09080,0,DB06708
DB00543,0,DB01182
DB02546,0,DB00608
DB01142,0,DB00363
DB00691,0,DB06589
DB00734,0,DB00875
DB00714,0,DB01100
DB00334,0,DB00472
DB00477,0,DB09078
DB01259,0,DB00472
DB01087,0,DB00280
DB01069,0,DB00207
DB00543,0,DB00261
DB00358,0,DB00014
DB01268,0,DB01195
DB01274,0,DB09039
DB00363,0,DB00738
DB00927,0,DB00904
DB00529,0,DB06402
DB00196,0,DB00218
DB00363,0,DB05294
DB01238,0,DB05294
DB01036,0,DB06589
DB00458,0,DB08903
DB01075,0,DB01224
DB00834,0,DB01236
DB00289,0,DB08881
DB08871,0,DB00489
DB06699,0,DB08881
DB00543,0,DB08865
DB00458,0,DB00280
DB08868,0,DB00199
DB00334,0,DB00976
DB00188,0,DB00537
DB00738,0,DB01169
DB01155,0,DB00489
DB00334,0,DB04855
DB01268,0,DB00363
DB01075,0,DB00363
DB00710,0,DB06589
DB01274,0,DB01165
DB00537,0,DB01267
DB00916,0,DB00477
DB00915,0,DB00308
DB00871,0,DB06708
DB00207,0,DB01165
DB00220,0,DB00014
DB00370,0,DB06589
DB05039,0,DB00908
DB00934,0,DB01087
DB00656,0,DB01267
DB00715,0,DB00207
DB08893,0,DB00246
DB01072,0,DB00014
DB00344,0,DB05294
DB00753,0,DB01118
DB00862,0,DB00450
DB01242,0,DB00363
DB01059,0,DB01624
DB09080,0,DB06216
DB00014,0,DB00199
DB06699,0,DB08865
DB00537,0,DB04946
DB06825,0,DB00420
DB05039,0,DB00679
DB00871,0,DB00743
DB00949,0,DB00875
DB01075,0,DB00608
DB00656,0,DB00539
DB00270,0,DB00875
DB05039,0,DB01267
DB00503,0,DB01267
DB00285,0,DB00218
DB08871,0,DB06216
DB00270,0,DB00450
DB06699,0,DB06603
DB00346,0,DB01100
DB01268,0,DB01184
DB00374,0,DB00215
DB01591,0,DB01182
DB08893,0,DB00889
DB00927,0,DB00215
DB01015,0,DB06216
DB00656,0,DB00604
DB00540,0,DB01137
DB00818,0,DB00604
DB01259,0,DB00679
DB00915,0,DB09078
DB00468,0,DB09083
DB01268,0,DB00477
DB00734,0,DB08903
DB06663,0,DB00502
DB00540,0,DB04868
DB04953,0,DB00489
DB00188,0,DB00207
DB00738,0,DB00261
DB01059,0,DB01137
DB00710,0,DB00468
DB00370,0,DB00539
DB08871,0,DB05294
DB09083,0,DB00757
DB00675,0,DB01087
DB00104,0,DB08903
DB05039,0,DB04868
DB09082,0,DB00537
DB01142,0,DB00199
DB06402,0,DB00280
DB00529,0,DB06697
DB06699,0,DB01224
DB01591,0,DB00556
DB00915,0,DB00875
DB00270,0,DB06708
DB00334,0,DB01087
DB00927,0,DB06603
DB01137,0,DB09078
DB00927,0,DB00477
DB00440,0,DB04868
DB08893,0,DB01224
DB00938,0,DB00539
DB00710,0,DB04844
DB01403,0,DB00261
DB00753,0,DB00468
DB09083,0,DB01182
DB01242,0,DB01624
DB00374,0,DB09078
DB00543,0,DB06216
DB09063,0,DB01267
DB00199,0,DB06603
DB08903,0,DB01624
DB09080,0,DB06402
DB01075,0,DB00889
DB00949,0,DB00420
DB00285,0,DB01035
DB00334,0,DB01169
DB08871,0,DB00743
DB00915,0,DB01601
DB00622,0,DB01137
DB00218,0,DB04868
DB01167,0,DB00263
DB08865,0,DB01169
DB01274,0,DB00875
DB00346,0,DB00450
DB00710,0,DB00450
DB01254,0,DB00450
DB00757,0,DB04844
DB00726,0,DB00468
DB00927,0,DB01182
DB00543,0,DB00743
DB00289,0,DB00308
DB00270,0,DB06402
DB00420,0,DB00204
DB01268,0,DB00679
DB01155,0,DB00604
DB00270,0,DB06589
DB00374,0,DB01211
DB00656,0,DB09078
DB00196,0,DB01195
DB00207,0,DB01118
DB00710,0,DB01624
DB00691,0,DB01118
DB00656,0,DB00420
DB00529,0,DB00743
DB00285,0,DB01224
DB00289,0,DB09063
DB00557,0,DB01232
DB01274,0,DB00477
DB00889,0,DB01155
DB06699,0,DB01155
DB00344,0,DB00738
DB09082,0,DB00246
DB01104,0,DB00875
DB09083,0,DB00743
DB00656,0,DB01035
DB06663,0,DB04855
DB00450,0,DB01211
DB01036,0,DB00743
DB01142,0,DB06216
DB00834,0,DB09078
DB00196,0,DB06216
DB06663,0,DB01211
DB01087,0,DB00261
DB00871,0,DB00502
DB00734,0,DB06708
DB00983,0,DB06697
DB00218,0,DB09078
DB01254,0,DB00537
DB01232,0,DB01118
DB09083,0,DB00537
DB01356,0,DB04855
DB01104,0,DB00207
DB01001,0,DB00204
DB00834,0,DB06589
DB09083,0,DB00263
DB00834,0,DB00502
DB02546,0,DB00908
DB00503,0,DB01175
DB08893,0,DB01184
DB04844,0,DB00834
DB01356,0,DB01035
DB00104,0,DB00280
DB00232,0,DB00204
DB00710,0,DB00218
DB00915,0,DB01224
DB00207,0,DB01211
DB00334,0,DB06708
DB01142,0,DB00738
DB00608,0,DB00308
DB00927,0,DB01211
DB00450,0,DB00308
DB06699,0,DB00757
DB00503,0,DB00743
DB01036,0,DB00450
DB08864,0,DB01267
DB01195,0,DB00604
DB01236,0,DB00477
DB00537,0,DB04855
DB00344,0,DB01118
DB00710,0,DB00280
DB01268,0,DB05294
DB01238,0,DB00537
DB02546,0,DB01211
DB00334,0,DB01224
DB00604,0,DB01244
DB00218,0,DB00363
DB01233,0,DB06589
DB01015,0,DB06603
DB06788,0,DB04855
DB00674,0,DB00502
DB09082,0,DB00450
DB01118,0,DB00908
DB01195,0,DB00875
DB01001,0,DB04946
DB01268,0,DB00215
DB00983,0,DB00976
DB06788,0,DB09039
DB00344,0,DB00207
DB01059,0,DB09039
DB01232,0,DB01169
DB09083,0,DB00363
DB00346,0,DB06216
DB01142,0,DB00889
DB06589,0,DB01184
DB00710,0,DB00502
DB00697,0,DB06603
DB06825,0,DB09078
DB01274,0,DB00420
DB00543,0,DB00875
DB00537,0,DB00280
DB01059,0,DB01035
DB01036,0,DB00472
DB00321,0,DB00889
DB00715,0,DB06697
DB05039,0,DB00263
DB05039,0,DB00743
DB01591,0,DB00199
DB01591,0,DB00308
DB00710,0,DB01035
DB00556,0,DB01195
DB01195,0,DB08903
DB01591,0,DB01087
DB00014,0,DB00308
DB01195,0,DB01624
DB02546,0,DB01195
DB01403,0,DB00908
DB00334,0,DB00215
DB00458,0,DB00904
DB00502,0,DB00308
DB00915,0,DB06216
DB00934,0,DB01175
DB08871,0,DB06589
DB00608,0,DB05294
DB00862,0,DB00889
DB00726,0,DB00537
DB08871,0,DB06402
DB05039,0,DB09039
DB05039,0,DB06216
DB00818,0,DB00556
DB00334,0,DB00261
DB00270,0,DB00489
DB01155,0,DB01169
DB00734,0,DB00014
DB01242,0,DB00489
DB00556,0,DB01137
DB00927,0,DB01137
DB01356,0,DB01195
DB01036,0,DB00218
DB09080,0,DB00363
DB00834,0,DB00334
DB09082,0,DB00539
DB01274,0,DB06697
DB00334,0,DB00743
DB01036,0,DB00904
DB06825,0,DB00889
DB00270,0,DB01169
DB00363,0,DB00280
DB00104,0,DB00539
DB06825,0,DB06603
DB00346,0,DB00363
DB00188,0,DB00218
DB00743,0,DB01182
DB06402,0,DB04946
DB09082,0,DB00757
DB00714,0,DB01267
DB00543,0,DB09063
DB00738,0,DB04946
DB06603,0,DB00908
DB00458,0,DB01195
DB00871,0,DB00757
DB01195,0,DB00489
DB06699,0,DB06697
DB04953,0,DB04868
DB00420,0,DB01211
DB00540,0,DB00889
DB00344,0,DB01601
DB06699,0,DB00875
DB00675,0,DB00889
DB09082,0,DB00489
DB08864,0,DB00743
DB00674,0,DB00537
DB00537,0,DB01169
DB08903,0,DB06216
DB00743,0,DB01175
DB01075,0,DB06697
DB00871,0,DB01195
DB00556,0,DB00468
DB00743,0,DB09039
DB01195,0,DB01175
DB00529,0,DB01624
DB09078,0,DB00308
DB00862,0,DB00204
DB00674,0,DB00608
DB09080,0,DB00477
DB01104,0,DB00468
DB08871,0,DB00199
DB05039,0,DB01100
DB01601,0,DB00656
DB01591,0,DB06708
DB06699,0,DB09063
DB00726,0,DB04868
DB01104,0,DB00450
DB00734,0,DB09078
DB00734,0,DB06216
DB01036,0,DB01175
DB00934,0,DB01169
DB01001,0,DB01624
DB00196,0,DB00246
DB00218,0,DB01035
DB00537,0,DB08865
DB01591,0,DB00757
DB00263,0,DB01155
DB00503,0,DB00215
DB06825,0,DB00014
DB00976,0,DB09078
DB01155,0,DB01184
DB00934,0,DB00908
DB00862,0,DB00472
DB00871,0,DB00450
DB08893,0,DB00014
DB00983,0,DB04844
DB02546,0,DB08903
DB00871,0,DB00489
DB00207,0,DB06603
DB00916,0,DB01175
DB00949,0,DB00363
DB01015,0,DB04868
DB01075,0,DB01601
DB01036,0,DB01035
DB00834,0,DB00358
DB00714,0,DB00875
DB06788,0,DB06402
DB00543,0,DB01165
DB09078,0,DB00539
DB00938,0,DB00261
DB00334,0,DB00556
DB00710,0,DB00908
DB01254,0,DB01195
DB05039,0,DB01155
DB00927,0,DB00757
DB08868,0,DB00738
DB00871,0,DB01182
DB01167,0,DB01035
DB00529,0,DB00207
DB00976,0,DB00308
DB01165,0,DB00308
DB00556,0,DB00908
DB01182,0,DB00261
DB00524,0,DB00204
DB01075,0,DB06402
DB00691,0,DB06603
DB01026,0,DB00261
DB01236,0,DB06216
DB09082,0,DB04946
DB01036,0,DB09078
DB00346,0,DB00738
DB00529,0,DB00246
DB01075,0,DB00420
DB06699,0,DB01169
DB00818,0,DB00204
DB00358,0,DB00246
DB00321,0,DB00908
DB00529,0,DB00537
DB09080,0,DB00261
DB00477,0,DB01165
DB00358,0,DB00207
DB00540,0,DB00904
DB00622,0,DB01100
DB01623,0,DB00889
DB00289,0,DB06708
DB00674,0,DB00556
DB00344,0,DB00263
DB00199,0,DB01232
DB00557,0,DB01601
DB00358,0,DB00363
DB08871,0,DB01224
DB08871,0,DB00472
DB00346,0,DB01267
DB00834,0,DB01155
DB01075,0,DB05294
DB09080,0,DB00218
DB00934,0,DB00420
DB00333,0,DB00743
DB00440,0,DB00472
DB00104,0,DB00757
DB00321,0,DB00539
DB00188,0,DB01087
DB00818,0,DB05294
DB01142,0,DB00556
DB01274,0,DB00604
DB00934,0,DB04946
DB00938,0,DB01224
DB00556,0,DB00204
DB01104,0,DB01267
DB00938,0,DB01169
DB00458,0,DB00889
DB00374,0,DB01267
DB00243,0,DB00308
DB00196,0,DB00608
DB00458,0,DB00261
DB00543,0,DB01087
DB01274,0,DB00738
DB00289,0,DB00450
DB01623,0,DB00757
DB01232,0,DB06402
DB00808,0,DB00215
DB00674,0,DB00333
DB00398,0,DB00743
DB08864,0,DB00420
DB06788,0,DB01224
DB09039,0,DB09083
DB04953,0,DB06402
DB00458,0,DB06402
DB00714,0,DB06708
DB01623,0,DB01169
DB08912,0,DB00308
DB00450,0,DB05294
DB01320,0,DB00537
DB00321,0,DB04844
DB09080,0,DB06603
DB00915,0,DB08865
DB00420,0,DB00539
DB00370,0,DB01087
DB01036,0,DB06216
DB00270,0,DB01137
DB01233,0,DB01267
DB00374,0,DB00450
DB00458,0,DB00537
DB00697,0,DB00875
DB00871,0,DB00556
DB00503,0,DB05294
DB01015,0,DB00537
DB00333,0,DB00308
DB01151,0,DB00207
DB00818,0,DB00477
DB01001,0,DB01165
DB01001,0,DB04844
DB01238,0,DB00743
DB06699,0,DB01175
DB00691,0,DB00308
DB01259,0,DB04855
DB00557,0,DB01195
DB00188,0,DB06708
DB01623,0,DB01232
DB00358,0,DB05294
DB00927,0,DB01624
DB00243,0,DB00556
DB08893,0,DB01175
DB00757,0,DB01624
DB01137,0,DB00908
DB01238,0,DB04946
DB00808,0,DB01184
DB06825,0,DB01182
DB00871,0,DB06402
DB01211,0,DB01601
DB00420,0,DB00757
DB06825,0,DB00489
DB08893,0,DB01100
DB01320,0,DB00908
DB01324,0,DB00204
DB00334,0,DB00468
DB01169,0,DB00834
DB00818,0,DB08903
DB01036,0,DB00308
DB01263,0,DB00679
DB00104,0,DB00199
DB00014,0,DB01211
DB08871,0,DB00537
DB06699,0,DB00207
DB00420,0,DB06402
DB08864,0,DB09039
DB01623,0,DB00218
DB00557,0,DB01165
DB00529,0,DB06603
DB00753,0,DB00420
DB00916,0,DB00199
DB00675,0,DB00537
DB00915,0,DB00261
DB00289,0,DB01169
DB06663,0,DB00738
DB08868,0,DB00608
DB01137,0,DB01100
DB00333,0,DB01232
DB00715,0,DB06216
DB06603,0,DB00280
DB00710,0,DB01087
DB09082,0,DB00308
DB00938,0,DB00679
DB00938,0,DB00608
DB00675,0,DB00280
DB00674,0,DB01624
DB01036,0,DB00556
DB01075,0,DB00199
DB06825,0,DB00539
DB01274,0,DB06708
DB00556,0,DB04946
DB00710,0,DB00199
DB00691,0,DB00502
DB01233,0,DB00489
DB00715,0,DB01155
DB04953,0,DB00539
DB00529,0,DB00477
DB06788,0,DB01232
DB00675,0,DB01184
DB00871,0,DB08865
DB02546,0,DB00537
DB00753,0,DB01182
DB00915,0,DB00204
DB00715,0,DB08865
DB01036,0,DB00908
DB00218,0,DB00204
DB00196,0,DB04868
DB00270,0,DB04855
DB00344,0,DB00014
DB00697,0,DB04844
DB06663,0,DB00604
DB05039,0,DB06603
DB01254,0,DB00875
DB00529,0,DB00889
DB01233,0,DB00976
DB08871,0,DB09063
DB00697,0,DB00889
DB00218,0,DB00757
DB00537,0,DB01137
DB00743,0,DB01267
DB00450,0,DB00556
DB09080,0,DB00420
DB00675,0,DB01165
DB01356,0,DB00468
DB01623,0,DB00738
DB00503,0,DB01624
DB00243,0,DB01267
DB01015,0,DB01624
DB00374,0,DB00218
DB00734,0,DB00308
DB01075,0,DB01100
DB06699,0,DB01267
DB01182,0,DB01267
DB00218,0,DB08881
DB00440,0,DB04844
DB00207,0,DB01175
DB00757,0,DB06216
DB01155,0,DB01175
DB01036,0,DB06402
DB00104,0,DB00468
DB08871,0,DB00014
DB00710,0,DB06708
DB00834,0,DB00537
DB00734,0,DB00904
DB00714,0,DB00539
DB00834,0,DB08864
DB00537,0,DB06708
DB00818,0,DB01175
DB00916,0,DB00468
DB01026,0,DB01267
DB01623,0,DB01601
DB01142,0,DB09039
DB00743,0,DB06697
DB01087,0,DB00908
DB01165,0,DB06216
DB09083,0,DB00556
DB00104,0,DB01184
DB00440,0,DB00608
DB01356,0,DB06708
DB00556,0,DB01169
DB00714,0,DB01224
DB00714,0,DB00204
DB04953,0,DB00889
DB01268,0,DB00218
DB06402,0,DB00875
DB01059,0,DB00904
DB00502,0,DB09078
DB09080,0,DB00875
DB00582,0,DB00218
DB06663,0,DB04844
DB00270,0,DB00537
DB06825,0,DB01087
DB00243,0,DB00604
DB00710,0,DB01195
DB00714,0,DB06603
DB05039,0,DB00502
DB00289,0,DB00420
DB00374,0,DB00976
DB00834,0,DB00196
DB00710,0,DB06603
DB00543,0,DB00502
DB09080,0,DB01100
DB01104,0,DB05294
DB01072,0,DB00308
DB00188,0,DB09078
DB02546,0,DB00215
DB00697,0,DB01224
DB01238,0,DB00014
DB01104,0,DB01175
DB00280,0,DB01320
DB00529,0,DB00450
DB01195,0,DB06402
DB06788,0,DB00280
DB00697,0,DB01169
DB00697,0,DB01035
DB00014,0,DB00489
DB00243,0,DB06402
DB01211,0,DB06402
DB00927,0,DB08865
DB00398,0,DB08865
DB00808,0,DB00199
DB01075,0,DB01118
DB00734,0,DB04868
DB00927,0,DB00472
DB08868,0,DB01175
DB00916,0,DB06697
DB01165,0,DB06402
DB08912,0,DB04844
DB01155,0,DB00472
DB00691,0,DB01224
DB00529,0,DB08881
DB00808,0,DB01267
DB00691,0,DB00556
DB00458,0,DB01100
DB06825,0,DB01624
DB00374,0,DB01601
DB01233,0,DB00743
DB06825,0,DB00308
DB09080,0,DB00450
DB00834,0,DB01403
DB01268,0,DB00556
DB00440,0,DB00261
DB00714,0,DB00908
DB00622,0,DB09078
DB00834,0,DB01268
DB01263,0,DB01155
DB01268,0,DB01100
DB00622,0,DB01087
DB01356,0,DB00261
DB00398,0,DB00450
DB08868,0,DB01195
DB00710,0,DB00363
DB00656,0,DB00308
DB01233,0,DB00502
DB00398,0,DB09078
DB05039,0,DB00308
DB01151,0,DB09078
DB01015,0,DB06697
DB04953,0,DB00743
DB09063,0,DB00875
DB01403,0,DB00280
DB01189,0,DB00502
DB01069,0,DB08865
DB00924,0,DB00908
DB09082,0,DB00743
DB01356,0,DB00556
DB06663,0,DB00472
DB01104,0,DB00502
DB00543,0,DB06589
DB00743,0,DB00468
DB00710,0,DB00263
DB00207,0,DB06697
DB01189,0,DB00608
DB00691,0,DB01182
DB00218,0,DB01169
DB05039,0,DB00199
DB00808,0,DB00450
DB01403,0,DB04855
DB00753,0,DB00199
DB00938,0,DB06589
DB00726,0,DB01035
DB00333,0,DB01211
DB00104,0,DB09039
DB00938,0,DB00502
DB00218,0,DB00604
DB08868,0,DB00246
DB01274,0,DB04844
DB04953,0,DB06708
DB01036,0,DB01155
DB00529,0,DB01155
DB00691,0,DB00204
DB04953,0,DB08903
DB00691,0,DB00014
DB01268,0,DB01155
DB00196,0,DB00468
DB00477,0,DB00280
DB04953,0,DB01137
DB00502,0,DB00976
DB08903,0,DB00215
DB00346,0,DB06589
DB00983,0,DB01232
DB08912,0,DB01169
DB00374,0,DB00308
DB00220,0,DB00743
DB00743,0,DB00261
DB01104,0,DB00489
DB00889,0,DB09078
DB00346,0,DB00333
DB00543,0,DB00363
DB01036,0,DB01137
DB00927,0,DB01224
DB04953,0,DB00556
DB00370,0,DB00743
DB00674,0,DB00477
DB00734,0,DB06697
DB00218,0,DB00246
DB00321,0,DB01224
DB01165,0,DB00908
DB00218,0,DB01624
DB00285,0,DB04946
DB08864,0,DB00679
DB00477,0,DB01211
DB00743,0,DB01211
DB00834,0,DB01623
DB00220,0,DB01195
DB01137,0,DB00604
DB00333,0,DB00261
DB00834,0,DB00934
DB05039,0,DB01624
DB00710,0,DB00604
DB01189,0,DB06216
DB01151,0,DB00908
DB00344,0,DB01182
DB00537,0,DB00608
DB00714,0,DB09039
DB01142,0,DB01155
DB00818,0,DB09078
DB00398,0,DB06216
DB00710,0,DB00420
DB00529,0,DB00908
DB01233,0,DB00246
DB01591,0,DB00246
DB06788,0,DB00333
DB00734,0,DB00263
DB00818,0,DB00333
DB00543,0,DB00556
DB08903,0,DB09078
DB01036,0,DB01267
DB06788,0,DB00502
DB00104,0,DB00472
DB01151,0,DB08903
DB01233,0,DB09039
DB00656,0,DB06402
DB01263,0,DB06402
DB00285,0,DB00608
DB01189,0,DB00215
DB08903,0,DB04844
DB00543,0,DB09078
DB01001,0,DB01232
DB00420,0,DB01155
DB05039,0,DB06589
DB06788,0,DB09063
DB00889,0,DB01169
DB01591,0,DB04868
DB01036,0,DB00207
DB01104,0,DB01624
DB00753,0,DB06708
DB00358,0,DB06603
DB01254,0,DB00489
DB08871,0,DB06697
DB02546,0,DB00333
DB01268,0,DB00489
DB00714,0,DB04868
DB00916,0,DB06603
DB00949,0,DB00904
DB00674,0,DB00218
DB00904,0,DB08865
DB00743,0,DB01232
DB01137,0,DB06216
DB00398,0,DB06708
DB00889,0,DB00489
DB00697,0,DB00263
DB01036,0,DB08865
DB01151,0,DB00014
DB00270,0,DB00218
DB01155,0,DB00308
DB08871,0,DB00679
DB08864,0,DB01224
DB01059,0,DB05294
DB00582,0,DB01169
DB00983,0,DB00207
DB00543,0,DB00204
DB00938,0,DB00757
DB00608,0,DB00604
DB09082,0,DB01169
DB00818,0,DB00757
DB00871,0,DB00608
DB00714,0,DB09078
DB00757,0,DB01184
DB06663,0,DB08903
DB00557,0,DB00014
DB00674,0,DB01035
DB00199,0,DB00450
DB05039,0,DB04844
DB08868,0,DB06402
DB00738,0,DB01182
DB08864,0,DB00204
DB00915,0,DB01182
DB00949,0,DB00014
DB00218,0,DB00489
DB01403,0,DB09078
DB00934,0,DB00215
DB01104,0,DB06402
DB09083,0,DB00014
DB00263,0,DB00261
DB01195,0,DB09078
DB00537,0,DB09078
DB00540,0,DB01184
DB00697,0,DB00280
DB08865,0,DB04844
DB06708,0,DB01218
DB01155,0,DB00261
DB00220,0,DB01137
DB00218,0,DB00608
DB01104,0,DB04946
DB00927,0,DB00246
DB00753,0,DB04844
DB01356,0,DB09078
DB00014,0,DB00556
DB09080,0,DB00738
DB01233,0,DB00875
DB01015,0,DB00215
DB00757,0,DB01035
DB00363,0,DB01155
DB00889,0,DB01624
DB00540,0,DB01087
DB00934,0,DB01184
DB01242,0,DB00477
DB00734,0,DB00246
DB01151,0,DB04868
DB00927,0,DB00556
DB02546,0,DB06402
DB08868,0,DB01165
DB00938,0,DB06697
DB00321,0,DB00363
DB08864,0,DB00450
DB00207,0,DB00363
DB00537,0,DB05294
DB00915,0,DB01624
DB06825,0,DB06697
DB00927,0,DB00604
DB09082,0,DB05294
DB09080,0,DB09078
DB00834,0,DB08865
DB01059,0,DB09063
DB00757,0,DB00280
DB04953,0,DB00477
DB08871,0,DB00204
DB01137,0,DB00308
DB00656,0,DB08865
DB00285,0,DB06708
DB00808,0,DB00261
DB01142,0,DB00420
DB00537,0,DB01195
DB01242,0,DB00218
DB00346,0,DB06603
DB00104,0,DB00908
DB08893,0,DB05294
DB00458,0,DB06708
DB00934,0,DB06697
DB00346,0,DB01624
DB00104,0,DB06216
DB00834,0,DB01233
DB08893,0,DB00875
DB00916,0,DB01035
DB00285,0,DB00738
DB01151,0,DB01224
DB00622,0,DB00472
DB00556,0,DB08881
DB00220,0,DB01169
DB00537,0,DB01165
DB01236,0,DB09078
DB00220,0,DB00875
DB01274,0,DB04868
DB01015,0,DB01165
DB05039,0,DB06402
DB00916,0,DB00604
DB00263,0,DB01211
DB00333,0,DB00420
DB00710,0,DB00215
DB06663,0,DB06708
DB00697,0,DB01601
DB08871,0,DB00757
DB00818,0,DB00468
DB00757,0,DB06589
DB00656,0,DB00261
DB00263,0,DB00502
DB01232,0,DB01267
DB00502,0,DB01137
DB00398,0,DB00280
DB00540,0,DB00204
DB09078,0,DB01100
DB00916,0,DB06708
DB01069,0,DB00743
DB01036,0,DB04855
DB01259,0,DB00246
DB01356,0,DB01182
DB00656,0,DB00472
DB00537,0,DB00468
DB00263,0,DB00556
DB01356,0,DB00889
DB01254,0,DB00263
DB06589,0,DB01169
DB01087,0,DB01232
DB08864,0,DB00489
DB08868,0,DB00014
DB00344,0,DB00889
DB00927,0,DB00976
DB01026,0,DB00875
DB00346,0,DB00743
DB00710,0,DB00261
DB00983,0,DB00738
DB00934,0,DB00204
DB00218,0,DB01175
DB00949,0,DB00738
DB08871,0,DB00207
DB00344,0,DB04946
DB01232,0,DB04844
DB08868,0,DB00263
DB01623,0,DB00280
DB01069,0,DB01184
DB00753,0,DB00477
DB00540,0,DB00246
DB04953,0,DB00468
DB01167,0,DB00556
DB06699,0,DB00215
DB02546,0,DB00889
DB01069,0,DB00539
DB00714,0,DB01155
DB00440,0,DB00308
DB00818,0,DB00280
DB00503,0,DB01169
DB00358,0,DB00333
DB08893,0,DB01087
DB01075,0,DB00472
DB01232,0,DB00261
DB00220,0,DB00218
DB01167,0,DB00489
DB01236,0,DB01169
DB01623,0,DB04868
DB01356,0,DB01155
DB01242,0,DB00539
DB00537,0,DB08903
DB01165,0,DB00261
DB00502,0,DB00261
DB01015,0,DB00468
DB00753,0,DB00280
DB08903,0,DB01184
DB06788,0,DB01211
DB00808,0,DB00757
DB01233,0,DB06402
DB00915,0,DB06697
DB00753,0,DB00908
DB00862,0,DB06589
DB01015,0,DB00889
DB00289,0,DB05294
DB00916,0,DB01087
DB00904,0,DB00539
DB01069,0,DB00218
DB05039,0,DB00539
DB00916,0,DB00215
DB00529,0,DB01169
DB00196,0,DB01601
DB00743,0,DB00889
DB09082,0,DB00263
DB00543,0,DB00679
DB00358,0,DB00904
DB01104,0,DB01137
DB00543,0,DB00539
DB00440,0,DB09039
DB01263,0,DB00261
DB00714,0,DB01601
DB00477,0,DB00502
DB00753,0,DB00218
DB00715,0,DB00204
DB00871,0,DB00875
DB01104,0,DB00218
DB06788,0,DB01195
DB00691,0,DB00875
DB06788,0,DB00604
DB09078,0,DB06697
DB00656,0,DB00489
DB00503,0,DB00537
DB08893,0,DB04868
DB00556,0,DB05294
DB00334,0,DB09063
DB00321,0,DB00218
DB00915,0,DB01035
DB01026,0,DB01195
DB09082,0,DB06589
DB00321,0,DB00246
DB00834,0,DB06603
DB01167,0,DB06402
DB00622,0,DB00261
DB00808,0,DB00246
DB01167,0,DB01169
DB08893,0,DB08903
DB00199,0,DB08903
DB00915,0,DB01211
DB05039,0,DB00363
DB06699,0,DB00608
DB00370,0,DB00199
DB01189,0,DB08865
DB00710,0,DB00889
DB00697,0,DB04868
DB06603,0,DB01169
DB00927,0,DB01169
DB01591,0,DB00477
DB01189,0,DB01169
DB01001,0,DB00757
DB06699,0,DB04946
DB00934,0,DB00608
DB08868,0,DB00207
DB01238,0,DB00218
DB00983,0,DB01175
DB00458,0,DB01224
DB00398,0,DB01165
DB00656,0,DB04868
DB00321,0,DB01624
DB01591,0,DB00215
DB00363,0,DB06589
DB00834,0,DB00346
DB01268,0,DB01165
DB00334,0,DB00207
DB01151,0,DB00976
DB00196,0,DB08903
DB00726,0,DB00477
DB00263,0,DB01267
DB08912,0,DB01035
DB00285,0,DB01165
DB06825,0,DB00450
DB00714,0,DB01182
DB08871,0,DB00477
DB00334,0,DB01267
DB01267,0,DB00834
DB01236,0,DB00333
DB00738,0,DB06216
DB00714,0,DB00333
DB00916,0,DB01182
DB01059,0,DB00263
DB00344,0,DB00679
DB00358,0,DB01137
DB00726,0,DB01224
DB01242,0,DB08903
DB06402,0,DB00539
DB00738,0,DB01035
DB00934,0,DB01182
DB06699,0,DB01601
DB00697,0,DB05294
DB09078,0,DB05294
DB00556,0,DB00904
DB00556,0,DB09039
DB01184,0,DB09083
DB01211,0,DB00308
DB00104,0,DB05294
DB00334,0,DB00738
DB01087,0,DB04946
DB00285,0,DB00502
DB00949,0,DB01182
DB00398,0,DB09039
DB00104,0,DB01165
DB00556,0,DB01267
DB00862,0,DB09039
DB01259,0,DB00261
DB00014,0,DB00246
DB00738,0,DB00743
DB00862,0,DB00420
DB00374,0,DB01224
DB00916,0,DB05294
DB00344,0,DB01155
DB01356,0,DB00263
DB00450,0,DB00489
DB00916,0,DB00014
DB00714,0,DB08881
DB00734,0,DB01195
DB00199,0,DB00207
DB02546,0,DB01137
DB08871,0,DB00280
DB00196,0,DB01118
DB09083,0,DB01137
DB00243,0,DB00280
DB01087,0,DB00308
DB08912,0,DB06402
DB00243,0,DB01175
DB00370,0,DB00207
DB00321,0,DB00196
DB00104,0,DB00502
DB00871,0,DB00889
DB08893,0,DB01035
DB00834,0,DB00458
DB01274,0,DB01155
DB00734,0,DB00908
DB06589,0,DB00489
DB01623,0,DB01087
DB01233,0,DB00204
DB01151,0,DB00477
DB01259,0,DB06402
DB00871,0,DB00215
DB00450,0,DB00539
DB01274,0,DB00743
DB00529,0,DB01100
DB06788,0,DB00420
DB00196,0,DB00014
DB00207,0,DB00502
DB01075,0,DB00904
DB00949,0,DB00207
DB00502,0,DB00904
DB00715,0,DB08903
DB00871,0,DB04844
DB00321,0,DB01137
DB00818,0,DB01184
DB00949,0,DB01195
DB08871,0,DB01100
DB01075,0,DB01035
DB00675,0,DB00539
DB00537,0,DB06697
DB01623,0,DB09078
DB00675,0,DB00757
DB00540,0,DB00738
DB00927,0,DB00420
DB00243,0,DB01155
DB00656,0,DB04855
DB01236,0,DB00207
DB00543,0,DB00604
DB00715,0,DB01184
DB00834,0,DB06825
DB08868,0,DB01182
DB01189,0,DB00246
DB06663,0,DB00246
DB09082,0,DB00738
DB00916,0,DB06216
DB09082,0,DB04868
DB00734,0,DB01100
DB00285,0,DB00477
DB01236,0,DB08865
DB00934,0,DB08903
DB00014,0,DB01100
DB00556,0,DB00875
DB00207,0,DB00420
DB00656,0,DB01100
DB00556,0,DB00743
DB00834,0,DB09063
DB00927,0,DB00218
DB00622,0,DB08903
DB01236,0,DB04855
DB00871,0,DB00537
DB00675,0,DB08865
DB00104,0,DB06402
DB00289,0,DB00207
DB06663,0,DB06603
DB01036,0,DB00420
DB01268,0,DB00875
DB01069,0,DB00738
DB00862,0,DB06603
DB05039,0,DB08865
DB00753,0,DB01155
DB01075,0,DB08903
DB01104,0,DB00472
DB00285,0,DB00014
DB00218,0,DB00280
DB01591,0,DB01224
DB00862,0,DB00280
DB00477,0,DB00757
DB00743,0,DB00215
DB00656,0,DB00556
DB00014,0,DB08881
DB01069,0,DB00363
DB09080,0,DB01624
DB04953,0,DB00308
DB00753,0,DB00363
DB00289,0,DB01211
DB00622,0,DB00207
DB00334,0,DB08865
DB01001,0,DB00679
DB00503,0,DB00204
DB00738,0,DB05294
DB01623,0,DB06603
DB00450,0,DB08865
DB00834,0,DB01137
DB08864,0,DB06402
DB01274,0,DB00450
DB01026,0,DB06402
DB00818,0,DB00199
DB00808,0,DB00743
DB01075,0,DB00537
DB01236,0,DB04868
DB00344,0,DB00489
DB00934,0,DB09039
DB00503,0,DB01184
DB09082,0,DB01184
DB01242,0,DB00889
DB01165,0,DB06589
DB01238,0,DB01175
DB00289,0,DB00556
DB00862,0,DB00363
DB06603,0,DB09078
DB00540,0,DB09078
DB01263,0,DB00308
DB00734,0,DB00468
DB00889,0,DB00539
DB00346,0,DB00604
DB01142,0,DB00308
DB01059,0,DB00280
DB00104,0,DB00738
DB00938,0,DB01137
DB00398,0,DB00014
DB01268,0,DB00502
DB00697,0,DB00908
DB00715,0,DB00908
DB00808,0,DB01224
DB01104,0,DB00537
DB00834,0,DB00503
DB00398,0,DB00502
DB08865,0,DB00679
DB00537,0,DB00215
DB00014,0,DB06697
DB00556,0,DB01211
DB09063,0,DB04844
DB00374,0,DB06708
DB00477,0,DB00608
DB08864,0,DB01035
DB06825,0,DB00608
DB06589,0,DB01224
DB04953,0,DB00537
DB06699,0,DB00537
DB01087,0,DB06402
DB00753,0,DB01087
DB06788,0,DB06603
DB00908,0,DB09083
DB00289,0,DB00537
DB00502,0,DB00489
DB01142,0,DB00489
DB09083,0,DB00218
DB00927,0,DB06708
DB01268,0,DB00472
DB00450,0,DB00604
DB00983,0,DB00556
DB00608,0,DB00280
DB01195,0,DB01224
DB00915,0,DB04946
DB00199,0,DB00420
DB00199,0,DB00308
DB00904,0,DB01137
DB06699,0,DB00263
DB00949,0,DB06603
DB01142,0,DB04855
DB01026,0,DB01165
DB06663,0,DB01169
DB06788,0,DB00757
DB01059,0,DB06697
DB00537,0,DB09063
DB01232,0,DB00908
DB00556,0,DB00215
DB00734,0,DB09039
DB05039,0,DB00537
DB00608,0,DB00875
DB01015,0,DB00450
DB00608,0,DB01169
DB01238,0,DB01165
DB00938,0,DB06603
DB01069,0,DB00308
DB01001,0,DB01195
DB00834,0,DB08871
DB04953,0,DB00679
DB01059,0,DB01267
DB00608,0,DB00261
DB00270,0,DB00280
DB00834,0,DB00738
DB00218,0,DB00450
DB00734,0,DB01035
DB02546,0,DB00502
DB00697,0,DB01087
DB00334,0,DB00014
DB00358,0,DB00261
DB00889,0,DB04946
DB00622,0,DB00308
DB00904,0,DB01087
DB00889,0,DB01232
DB00285,0,DB04868
DB00871,0,DB05294
DB06663,0,DB00263
DB06402,0,DB08881
DB00370,0,DB01035
DB02546,0,DB01035
DB08903,0,DB00875
DB00537,0,DB00743
DB00196,0,DB01232
DB00263,0,DB01087
DB00949,0,DB01224
DB00270,0,DB00743
DB00757,0,DB01155
DB00188,0,DB06697
DB00934,0,DB09078
DB00188,0,DB00308
DB01356,0,DB00204
DB01242,0,DB00468
DB00915,0,DB00014
DB00263,0,DB01165
DB00834,0,DB00691
DB01137,0,DB01267
DB01059,0,DB00218
DB00934,0,DB01601
DB00738,0,DB00904
DB09080,0,DB00556
DB01267,0,DB09083
DB00104,0,DB09078
DB00398,0,DB00608
DB06663,0,DB01035
DB08871,0,DB00215
DB00915,0,DB01232
DB00243,0,DB00218
DB01623,0,DB00204
DB00927,0,DB06216
DB01274,0,DB00468
DB00938,0,DB00333
DB06825,0,DB01267
DB00834,0,DB08893
DB06663,0,DB06589
DB00726,0,DB06402
DB00691,0,DB00468
DB06699,0,DB00477
DB01189,0,DB00477
DB00808,0,DB09078
DB01087,0,DB08903
DB00753,0,DB00215
DB00674,0,DB00308
DB01236,0,DB09039
DB00983,0,DB00450
DB00450,0,DB00204
DB00540,0,DB00743
DB04953,0,DB01118
DB00344,0,DB00537
DB00014,0,DB01267
DB01036,0,DB00333
DB01142,0,DB00757
DB00710,0,DB01601
DB01015,0,DB00477
DB00938,0,DB01087
DB00529,0,DB00904
DB00834,0,DB01189
DB00220,0,DB04844
DB00503,0,DB04855
DB00557,0,DB00537
DB09082,0,DB00908
DB01189,0,DB09063
DB00934,0,DB04855
DB00818,0,DB00908
DB00346,0,DB04844
DB00715,0,DB00537
DB08871,0,DB00450
DB01259,0,DB06603
DB06825,0,DB00908
DB08871,0,DB00976
DB00285,0,DB01087
DB00622,0,DB06402
DB00556,0,DB01184
DB00834,0,DB06699
DB06825,0,DB01155
DB01403,0,DB01211
DB00656,0,DB05294
DB00656,0,DB00537
DB01026,0,DB01155
DB00834,0,DB09082
DB00363,0,DB00757
DB00218,0,DB00263
DB00889,0,DB01211
DB00374,0,DB00246
DB01001,0,DB00280
DB00808,0,DB01624
DB01069,0,DB00889
DB08893,0,DB06402
DB00370,0,DB00604
DB00938,0,DB00468
DB01242,0,DB01184
DB00753,0,DB00875
DB00834,0,DB00808
DB01263,0,DB00743
DB00537,0,DB01118
DB00753,0,DB01224
DB00808,0,DB06603
DB00715,0,DB00468
DB00263,0,DB08903
DB00714,0,DB01118
DB02546,0,DB00738
DB00398,0,DB01155
DB01232,0,DB01035
DB00691,0,DB01601
DB00608,0,DB00539
DB08903,0,DB00261
DB01623,0,DB08865
DB00363,0,DB00420
DB00871,0,DB01035
DB01104,0,DB00280
DB00710,0,DB06216
DB00440,0,DB00014
DB00656,0,DB00199
DB00440,0,DB00215
DB00915,0,DB00889
DB01233,0,DB01601
DB01015,0,DB08865
DB01001,0,DB00904
DB00458,0,DB00218
DB06402,0,DB01267
DB00710,0,DB00539
DB00582,0,DB04844
DB09083,0,DB00477
DB00333,0,DB01155
DB00285,0,DB00207
DB01236,0,DB01195
DB00218,0,DB01195
DB00904,0,DB00261
DB00675,0,DB00450
DB00808,0,DB00502
DB06603,0,DB00204
DB01165,0,DB00604
DB01026,0,DB00489
DB01356,0,DB00207
DB00715,0,DB00743
DB00743,0,DB01184
DB01001,0,DB00556
DB09080,0,DB00904
DB00934,0,DB08865
DB00104,0,DB00246
DB00529,0,DB01035
DB04953,0,DB00908
DB00557,0,DB00604
DB00104,0,DB04855
DB00915,0,DB00207
DB00503,0,DB00450
DB00450,0,DB01182
DB00738,0,DB00308
DB00334,0,DB00199
DB00014,0,DB00420
DB01236,0,DB01182
DB01036,0,DB00261
DB00188,0,DB01035
DB00537,0,DB06216
DB00674,0,DB01224
DB00889,0,DB00261
DB01069,0,DB00420
DB01075,0,DB04855
DB00983,0,DB08865
DB01189,0,DB00420
DB00270,0,DB00604
DB01165,0,DB09039
DB08871,0,DB00333
DB08868,0,DB06697
DB00014,0,DB00738
DB00697,0,DB01175
DB00557,0,DB00757
DB08893,0,DB00215
DB00715,0,DB00199
DB01165,0,DB00679
DB01236,0,DB01267
DB00344,0,DB00218
DB00674,0,DB00757
DB01137,0,DB01224
DB01155,0,DB06402
DB01238,0,DB01087
DB00218,0,DB04946
DB01137,0,DB01601
DB00458,0,DB09078
DB00938,0,DB01165
DB01233,0,DB09063
DB08893,0,DB00738
DB00370,0,DB00757
DB00207,0,DB00537
DB01259,0,DB00207
DB06699,0,DB00014
DB00916,0,DB00743
DB06788,0,DB00014
DB00743,0,DB06402
DB00557,0,DB00468
DB00715,0,DB00450
DB00346,0,DB00308
DB00916,0,DB01137
DB00196,0,DB00199
DB01087,0,DB05294
DB00726,0,DB00875
DB00915,0,DB01137
DB08912,0,DB01137
DB00440,0,DB06402
DB00697,0,DB00976
DB00726,0,DB01100
DB00916,0,DB00539
DB06825,0,DB00757
DB01001,0,DB01118
DB00834,0,DB00220
DB00691,0,DB00246
DB02546,0,DB06697
DB08912,0,DB00450
DB00916,0,DB00420
DB08903,0,DB01267
DB00656,0,DB08903
DB01072,0,DB00450
DB01242,0,DB06402
DB00370,0,DB06708
DB00334,0,DB00608
DB00358,0,DB04868
DB01151,0,DB01100
DB02546,0,DB01100
DB01165,0,DB01195
DB00220,0,DB00489
DB00014,0,DB01624
DB00344,0,DB01195
DB02546,0,DB05294
DB01268,0,DB00280
DB00014,0,DB09078
DB00289,0,DB00246
DB01075,0,DB00502
DB02546,0,DB06589
DB00743,0,DB01169
DB00697,0,DB00014
DB01274,0,DB01175
DB01189,0,DB00757
DB09080,0,DB08865
DB01268,0,DB00261
DB01189,0,DB00280
DB00199,0,DB09078
DB00218,0,DB00468
DB01104,0,DB04868
DB01268,0,DB06603
DB00398,0,DB00875
DB00726,0,DB00502
DB00104,0,DB01155
DB04953,0,DB04855
DB01137,0,DB00539
DB00557,0,DB06697
DB01356,0,DB08865
DB04953,0,DB01175
DB09080,0,DB04855
DB00263,0,DB01035
DB00557,0,DB00308
DB00308,0,DB09083
DB00104,0,DB00218
DB09082,0,DB00333
DB01059,0,DB00875
DB09083,0,DB09078
DB00738,0,DB00976
DB01059,0,DB00420
DB00529,0,DB01182
DB00358,0,DB00204
DB00363,0,DB01137
DB00346,0,DB04946
DB00710,0,DB01232
DB01189,0,DB01087
DB00889,0,DB00976
DB08868,0,DB08865
DB00818,0,DB01155
DB00398,0,DB00889
DB00458,0,DB00014
DB00207,0,DB00904
DB00450,0,DB01118
DB00938,0,DB00204
DB00289,0,DB01224
DB00215,0,DB09083
DB00927,0,DB01165
DB00726,0,DB00608
DB01263,0,DB01169
DB00656,0,DB00875
DB00529,0,DB05294
DB01233,0,DB00468
DB08865,0,DB00308
DB00374,0,DB06697
DB00458,0,DB00263
DB00983,0,DB00261
DB00440,0,DB00604
DB00697,0,DB06402
DB01069,0,DB04946
DB00738,0,DB01624
DB00726,0,DB00908
DB06402,0,DB09039
DB00196,0,DB06697
DB08871,0,DB00308
DB00983,0,DB00608
DB00270,0,DB04844
DB00540,0,DB04844
DB00285,0,DB00199
DB01075,0,DB04868
DB01623,0,DB00604
DB01591,0,DB00604
DB00333,0,DB05294
DB06788,0,DB00199
DB00503,0,DB01035
DB01236,0,DB00738
DB00983,0,DB08903
DB08893,0,DB00539
DB00346,0,DB00539
DB00014,0,DB01224
DB00557,0,DB00976
DB00557,0,DB00743
DB08893,0,DB00308
DB00543,0,DB08903
DB00608,0,DB01155
DB00263,0,DB09078
DB00949,0,DB00679
DB00927,0,DB01087
DB01104,0,DB01184
DB04953,0,DB00420
DB01623,0,DB05294
DB00834,0,DB00656
DB06825,0,DB01137
DB00537,0,DB01184
DB00374,0,DB01035
DB06589,0,DB04946
DB00691,0,DB04868
DB01591,0,DB00207
DB02546,0,DB00875
DB00714,0,DB01165
DB00656,0,DB04844
DB00934,0,DB01165
DB01238,0,DB00757
DB01069,0,DB00014
DB00743,0,DB00539
DB01036,0,DB04946
DB09083,0,DB00889
DB04953,0,DB00604
DB06825,0,DB00363
DB00243,0,DB00743
DB00774,0,DB00204
DB01195,0,DB01184
DB00976,0,DB04844
DB01069,0,DB01175
DB00715,0,DB01175
DB01233,0,DB00261
DB01403,0,DB00489
DB00218,0,DB06402
DB00199,0,DB00743
DB08893,0,DB00477
DB00333,0,DB00904
DB00188,0,DB00420
DB04953,0,DB00263
DB01072,0,DB00556
DB00949,0,DB00489
DB00757,0,DB00204
DB00344,0,DB09078
DB01233,0,DB00199
DB00556,0,DB01035
DB00916,0,DB01169
DB00537,0,DB04844
DB01036,0,DB00468
DB00734,0,DB01087
DB06589,0,DB01175
DB00540,0,DB00604
DB06663,0,DB01165
DB01242,0,DB01035
DB01142,0,DB01087
DB00753,0,DB00738
DB00697,0,DB01100
DB01075,0,DB00489
DB00014,0,DB05294
DB01356,0,DB01211
DB06699,0,DB01624
DB00753,0,DB06589
DB06788,0,DB00207
DB01236,0,DB00608
DB01591,0,DB00333
DB00104,0,DB00420
DB00440,0,DB06216
DB00834,0,DB00915
DB00834,0,DB01059
DB01075,0,DB00875
DB00537,0,DB01624
DB02546,0,DB01267
DB00477,0,DB00204
DB00358,0,DB01175
DB00218,0,DB00308
DB08893,0,DB01155
DB00321,0,DB09078
DB00818,0,DB01100
DB00622,0,DB01155
DB01137,0,DB04855
DB06699,0,DB01087
DB00196,0,DB01035
DB00675,0,DB00604
DB06825,0,DB00738
DB00753,0,DB01601
DB00289,0,DB04855
DB00949,0,DB09078
DB00691,0,DB00679
DB00691,0,DB00280
DB00656,0,DB00502
DB00674,0,DB00875
DB00014,0,DB01601
DB00529,0,DB04868
DB01075,0,DB00261
DB09082,0,DB00608
DB00834,0,DB06663
DB00358,0,DB01035
DB00218,0,DB09039
DB06402,0,DB01169
DB08903,0,DB01100
DB06663,0,DB01155
DB00949,0,DB00608
DB01356,0,DB04868
DB01189,0,DB01601
DB00949,0,DB00477
DB00934,0,DB00218
DB00738,0,DB09078
DB00503,0,DB06708
DB00398,0,DB00757
DB08865,0,DB01267
DB08893,0,DB00280
DB00104,0,DB01267
DB00344,0,DB01169
DB00753,0,DB01100
DB00270,0,DB00014
DB00503,0,DB00280
DB00904,0,DB00604
DB08864,0,DB00477
DB00904,0,DB00489
DB00529,0,DB00608
DB01233,0,DB00556
DB00889,0,DB08865
DB00529,0,DB00363
DB00374,0,DB01184
DB00333,0,DB00738
DB00983,0,DB04855
DB08868,0,DB00363
DB06788,0,DB00215
DB01623,0,DB00539
DB09080,0,DB01087
DB08868,0,DB00472
DB00370,0,DB08865
DB00207,0,DB00875
DB00540,0,DB00014
DB00529,0,DB00472
DB05039,0,DB00608
DB00370,0,DB01155
DB01001,0,DB00489
DB06788,0,DB01087
DB01137,0,DB09039
DB01591,0,DB01165
DB00398,0,DB00246
DB00218,0,DB01267
DB00983,0,DB00218
DB01189,0,DB00904
DB01274,0,DB00215
DB00557,0,DB00199
DB01403,0,DB00604
DB01104,0,DB01035
DB01165,0,DB01035
DB00743,0,DB00908
DB01155,0,DB08903
DB06663,0,DB00556
DB08868,0,DB00757
DB00557,0,DB01118
DB00502,0,DB00280
DB02546,0,DB01155
DB06699,0,DB00204
DB01242,0,DB01100
DB00656,0,DB06697
DB00188,0,DB04946
DB00871,0,DB08903
DB01254,0,DB01165
DB08868,0,DB00450
DB00263,0,DB01169
DB08893,0,DB06216
DB00834,0,DB00333
DB08871,0,DB01182
DB00834,0,DB00014
DB01151,0,DB00502
DB00871,0,DB00976
DB01165,0,DB01118
DB00710,0,DB00679
DB00543,0,DB00608
DB00697,0,DB00604
DB00889,0,DB00280
DB00675,0,DB00556
DB06663,0,DB01118
DB00753,0,DB09039
DB01104,0,DB01087
DB00334,0,DB01184
DB06699,0,DB00976
DB00757,0,DB00976
DB01232,0,DB00656
DB00556,0,DB01182
DB01001,0,DB01601
DB00420,0,DB01137
DB01233,0,DB01035
DB01001,0,DB05294
DB00710,0,DB00743
DB01087,0,DB01155
DB01591,0,DB00450
DB06825,0,DB01035
DB01155,0,DB05294
DB00104,0,DB06708
DB00743,0,DB04855
DB01268,0,DB00757
DB01195,0,DB06589
DB00543,0,DB01184
DB00014,0,DB00904
DB09083,0,DB00738
DB01274,0,DB00207
DB00715,0,DB00215
DB00834,0,DB00743
DB00734,0,DB00539
DB00285,0,DB00420
DB00199,0,DB00738
DB08868,0,DB05294
DB09078,0,DB01035
DB08868,0,DB00904
DB01072,0,DB00537
DB09080,0,DB00608
DB00529,0,DB00757
DB00334,0,DB00904
DB01274,0,DB01624
DB01155,0,DB00539
DB00889,0,DB00875
DB01236,0,DB06708
DB06663,0,DB00207
DB01001,0,DB00308
DB01591,0,DB04946
DB00243,0,DB01087
DB00862,0,DB00477
DB00344,0,DB00757
DB08871,0,DB00556
DB00871,0,DB00246
DB00450,0,DB06603
DB09080,0,DB00280
DB01072,0,DB01195
DB00757,0,DB01137
DB00934,0,DB01624
DB00738,0,DB01137
DB00915,0,DB01118
DB00818,0,DB06697
DB01189,0,DB01182
DB01623,0,DB08903
DB00220,0,DB01267
DB00218,0,DB00904
DB00949,0,DB00199
DB01356,0,DB00199
DB01001,0,DB01087
DB00889,0,DB01184
DB00370,0,DB01182
DB00862,0,DB09078
DB00188,0,DB00502
DB00715,0,DB00604
DB09078,0,DB00489
DB00710,0,DB01175
DB00834,0,DB00243
DB01233,0,DB01165
DB00927,0,DB00261
DB00529,0,DB08865
DB00949,0,DB00218
DB00871,0,DB00604
DB00889,0,DB06589
DB00818,0,DB00363
DB08893,0,DB00263
DB00104,0,DB08865
DB00904,0,DB01182
DB00529,0,DB01184
DB05039,0,DB00215
DB02546,0,DB00280
DB00270,0,DB05294
DB06825,0,DB01601
DB01189,0,DB04868
DB01242,0,DB00261
DB00289,0,DB04844
DB01001,0,DB00502
DB06663,0,DB01224
DB01268,0,DB09039
DB04953,0,DB09063
DB01189,0,DB01195
DB00543,0,DB01211
DB01238,0,DB00204
DB00582,0,DB01155
DB00622,0,DB06697
DB06788,0,DB01169
DB00934,0,DB00207
DB00199,0,DB01137
DB01591,0,DB00280
DB00014,0,DB00976
DB00934,0,DB00875
DB01059,0,DB01175
DB00543,0,DB04855
DB00556,0,DB01087
DB00220,0,DB00556
DB00196,0,DB04855
DB00370,0,DB00608
DB00346,0,DB00014
DB00270,0,DB00261
DB09083,0,DB00502
DB01259,0,DB01155
DB01268,0,DB08865
DB02546,0,DB00477
DB00622,0,DB01267
DB00743,0,DB06216
DB06402,0,DB00472
DB01087,0,DB00468
DB00976,0,DB01137
DB00363,0,DB00608
DB01142,0,DB00539
DB01591,0,DB00261
DB01165,0,DB09078
DB00420,0,DB06603
DB06825,0,DB00204
DB00344,0,DB06402
DB01268,0,DB01624
DB00871,0,DB00738
DB00938,0,DB00363
DB00218,0,DB01182
DB00529,0,DB00199
DB00188,0,DB00608
DB04953,0,DB00204
DB01254,0,DB01267
DB00270,0,DB00420
DB00243,0,DB06708
DB01036,0,DB01165
DB00862,0,DB00502
DB00726,0,DB08865
DB00321,0,DB06708
DB00726,0,DB00246
DB00622,0,DB00489
DB00808,0,DB01175
DB09082,0,DB06603
DB01211,0,DB01267
DB08903,0,DB01169
DB00207,0,DB00608
DB01155,0,DB06697
DB00753,0,DB01137
DB00014,0,DB06589
DB00285,0,DB00539
DB00207,0,DB00976
DB00196,0,DB00450
DB00656,0,DB06589
DB00346,0,DB00502
DB00440,0,DB01155
DB00743,0,DB01087
DB01155,0,DB00204
DB01142,0,DB06697
DB00333,0,DB01087
DB06663,0,DB00420
DB00540,0,DB01182
DB00714,0,DB01087
DB00363,0,DB06402
DB00916,0,DB04844
DB00927,0,DB09039
DB00104,0,DB01232
DB01211,0,DB04844
DB06788,0,DB01267
DB00726,0,DB09078
DB00458,0,DB01624
DB00537,0,DB00472
DB00398,0,DB00477
DB00674,0,DB00743
DB00270,0,DB04868
DB00458,0,DB00363
DB00334,0,DB00889
DB01072,0,DB00743
DB00358,0,DB00263
DB00714,0,DB00604
DB00714,0,DB06216
DB08864,0,DB06603
DB00358,0,DB00280
DB06825,0,DB00875
DB08912,0,DB01195
DB01137,0,DB00679
DB00344,0,DB04844
DB00285,0,DB01137
DB01001,0,DB00908
DB00622,0,DB00889
DB01015,0,DB00199
DB06402,0,DB06697
DB01356,0,DB01232
DB00656,0,DB01137
DB08871,0,DB01175
DB01001,0,DB00738
DB00398,0,DB01175
DB01059,0,DB00679
DB00014,0,DB01232
DB00753,0,DB00207
DB06589,0,DB08903
DB00927,0,DB00608
DB08912,0,DB01155
DB00104,0,DB01224
DB06788,0,DB01118
DB08868,0,DB01184
DB00743,0,DB00204
DB01403,0,DB00014
DB00904,0,DB01155
DB08893,0,DB00472
DB00753,0,DB00889
DB00398,0,DB01087
DB01233,0,DB00477
DB01242,0,DB04868
DB00529,0,DB01224
DB05039,0,DB00904
DB00656,0,DB01169
DB00714,0,DB04844
DB00477,0,DB08865
DB01075,0,DB04844
DB00808,0,DB01137
DB09063,0,DB01169
DB00285,0,DB00280
DB00321,0,DB00280
DB00889,0,DB00204
DB01232,0,DB01601
DB00503,0,DB00556
DB06402,0,DB01624
DB00674,0,DB00468
DB00334,0,DB00757
DB00450,0,DB09078
DB01242,0,DB00908
DB00753,0,DB06697
DB00436,0,DB00204
DB00622,0,DB01195
DB00808,0,DB08903
DB01259,0,DB01195
DB00753,0,DB00263
DB01001,0,DB06603
DB00207,0,DB06708
DB00889,0,DB01137
DB00270,0,DB06697
DB06603,0,DB00604
DB00344,0,DB01137
DB08893,0,DB04946
DB00738,0,DB01211
DB01137,0,DB06708
DB02546,0,DB00468
DB00321,0,DB00308
DB00556,0,DB08865
DB00983,0,DB00889
DB00543,0,DB00246
DB06699,0,DB05294
DB01104,0,DB08865
DB01242,0,DB00014
DB01036,0,DB00246
DB06402,0,DB00246
DB06663,0,DB00218
DB00374,0,DB01155
DB00440,0,DB01184
DB01015,0,DB00679
DB00862,0,DB01224
DB01059,0,DB04946
DB08871,0,DB01624
DB00675,0,DB05294
DB00818,0,DB01165
DB00529,0,DB06708
DB00556,0,DB00308
DB00196,0,DB00489
DB04953,0,DB06589
DB01069,0,DB00477
DB01165,0,DB01169
DB01137,0,DB01169
DB00344,0,DB00904
DB06788,0,DB00308
DB00714,0,DB00246
DB00608,0,DB06402
DB00557,0,DB00263
DB00715,0,DB06402
DB00543,0,DB01035
DB00691,0,DB06216
DB01075,0,DB00477
DB00270,0,DB06603
DB00363,0,DB09078
DB01151,0,DB06697
DB01167,0,DB00261
DB01259,0,DB01169
DB01001,0,DB00875
DB00715,0,DB01601
DB01001,0,DB00537
DB00622,0,DB00218
DB05039,0,DB00280
DB00697,0,DB01267
DB00916,0,DB04855
DB00757,0,DB06402
DB01254,0,DB01155
DB00983,0,DB01035
DB00477,0,DB05294
DB00862,0,DB01184
DB00582,0,DB00679
DB01142,0,DB00537
DB01236,0,DB06402
DB01233,0,DB00207
DB00915,0,DB00537
DB00656,0,DB00738
DB08865,0,DB08903
DB00285,0,DB00908
DB00450,0,DB06589
DB00420,0,DB00477
DB00675,0,DB01195
DB00656,0,DB04946
DB00218,0,DB00539
DB00656,0,DB00280
DB00014,0,DB06402
DB00502,0,DB01155
DB01356,0,DB01087
DB00188,0,DB00489
DB00714,0,DB06697
DB01151,0,DB00246
DB00983,0,DB01155
DB00808,0,DB00489
DB00927,0,DB00450
DB01238,0,DB00875
DB04953,0,DB06216
DB00714,0,DB01232
DB00757,0,DB01224
DB01015,0,DB00556
DB00285,0,DB00556
DB01165,0,DB00280
DB01059,0,DB00738
DB01189,0,DB04946
DB00458,0,DB00608
DB00710,0,DB09039
DB00738,0,DB01195
DB01238,0,DB01100
DB00398,0,DB00207
DB01026,0,DB00450
DB00398,0,DB00308
DB01232,0,DB00308
DB00916,0,DB00738
DB00834,0,DB00289
DB01623,0,DB04946
DB01137,0,DB01624
DB00440,0,DB00218
DB00710,0,DB08865
DB01236,0,DB01087
DB00218,0,DB06708
DB00540,0,DB08865
DB06825,0,DB01118
DB00370,0,DB08903
DB08868,0,DB09039
DB01142,0,DB00908
DB00104,0,DB01624
DB01069,0,DB04855
DB00014,0,DB09039
DB00915,0,DB00199
DB00270,0,DB09078
DB00346,0,DB00608
DB01356,0,DB01184
DB00983,0,DB00875
DB06663,0,DB09039
DB00199,0,DB00976
DB08893,0,DB00743
DB00540,0,DB00280
DB01254,0,DB00556
DB00710,0,DB01155
DB08868,0,DB01169
DB06699,0,DB06402
DB00904,0,DB01184
DB00188,0,DB06402
DB01403,0,DB00743
DB00757,0,DB00875
DB01059,0,DB01087
DB00207,0,DB01155
DB01254,0,DB01624
DB00543,0,DB00308
DB01182,0,DB09078
DB00715,0,DB01169
DB00289,0,DB00363
DB06825,0,DB00333
DB00540,0,DB01224
DB00862,0,DB01182
DB08868,0,DB00333
DB01069,0,DB09063
DB01104,0,DB00014
DB00556,0,DB06589
DB06663,0,DB00204
DB00889,0,DB05294
DB01263,0,DB00537
DB00420,0,DB05294
DB00503,0,DB06402
DB00556,0,DB01165
DB00697,0,DB00537
DB01036,0,DB01184
DB01236,0,DB00472
DB00289,0,DB09078
DB00714,0,DB00308
DB06699,0,DB00556
DB01151,0,DB00218
DB00976,0,DB06402
DB00808,0,DB00889
DB09082,0,DB00604
DB00983,0,DB00280
DB09167,0,DB00908
DB00808,0,DB01182
DB00691,0,DB01165
DB09080,0,DB01195
DB00675,0,DB00489
DB00808,0,DB00280
DB00656,0,DB09039
DB08865,0,DB00908
DB01236,0,DB05294
DB00938,0,DB01182
DB00697,0,DB01232
DB00871,0,DB00679
DB00818,0,DB00738
DB00608,0,DB01267
DB00289,0,DB00477
DB00734,0,DB00608
DB00622,0,DB00539
DB00938,0,DB04844
DB00358,0,DB08865
DB00983,0,DB00502
DB00927,0,DB00014
DB00458,0,DB00489
DB00743,0,DB05294
DB00199,0,DB00679
DB01233,0,DB00608
DB00983,0,DB06708
DB00420,0,DB00261
DB00949,0,DB00333
DB00818,0,DB04855
DB00270,0,DB00502
DB01623,0,DB00215
DB01242,0,DB00207
DB01036,0,DB06697
DB00344,0,DB01100
DB00738,0,DB01232
DB00871,0,DB09063
DB01015,0,DB04844
DB00674,0,DB08865
DB01403,0,DB00537
DB01274,0,DB00679
DB05039,0,DB00207
DB01104,0,DB00608
DB01036,0,DB01182
DB00743,0,DB00604
DB04953,0,DB00976
DB00556,0,DB00246
DB00370,0,DB04868
DB09080,0,DB00472
DB01274,0,DB01224
DB00915,0,DB01195
DB00263,0,DB04844
DB00983,0,DB01137
DB00346,0,DB01184
DB00334,0,DB00333
DB09063,0,DB01035
DB00738,0,DB00757
DB06699,0,DB01100
DB01036,0,DB09039
DB00915,0,DB06603
DB01211,0,DB00489
DB06663,0,DB00889
DB00321,0,DB00489
DB01155,0,DB04844
DB00726,0,DB00539
DB06825,0,DB09039
DB01403,0,DB08903
DB00199,0,DB01035
DB00346,0,DB00246
DB01233,0,DB01211
DB00218,0,DB04855
DB00743,0,DB04844
DB01259,0,DB00537
DB00734,0,DB08865
DB06788,0,DB06216
DB01072,0,DB06402
DB01155,0,DB01232
DB00321,0,DB01100
DB00808,0,DB00738
DB00263,0,DB00333
DB01274,0,DB06589
DB00557,0,DB08881
DB08868,0,DB04946
DB00537,0,DB00556
DB01182,0,DB05294
DB00346,0,DB00468
DB00834,0,DB00557
DB00656,0,DB00757
DB00540,0,DB01165
DB00104,0,DB00333
DB00927,0,DB01100
DB06663,0,DB06216
DB00458,0,DB01087
DB00440,0,DB01165
DB01036,0,DB01100
DB06699,0,DB00199
DB00938,0,DB00472
DB01142,0,DB00014
DB00502,0,DB00556
DB08893,0,DB09078
DB01233,0,DB08865
DB00374,0,DB00743
DB00808,0,DB00556
DB00458,0,DB00539
DB00734,0,DB00556
DB00710,0,DB08903
DB00344,0,DB00261
DB00537,0,DB00261
DB00915,0,DB00246
DB00374,0,DB01624
DB00188,0,DB00743
DB08871,0,DB01165
DB01189,0,DB00908
DB00537,0,DB00875
DB00753,0,DB00757
DB01268,0,DB06402
DB00346,0,DB01175
DB06699,0,DB06216
DB00543,0,DB01624
DB00927,0,DB06402
DB00218,0,DB00738
DB06699,0,DB00679
DB01259,0,DB00450
DB00714,0,DB00743
DB00983,0,DB00308
DB00333,0,DB00204
DB00622,0,DB04844
DB01021,0,DB00204
DB00537,0,DB01211
DB00557,0,DB00539
DB00207,0,DB01195
DB00543,0,DB00976
DB00537,0,DB00539
DB00889,0,DB01182
DB08868,0,DB01087
DB00270,0,DB00889
DB01072,0,DB01035
DB00196,0,DB00472
DB00263,0,DB00679
DB00697,0,DB09078
DB00270,0,DB00333
DB09083,0,DB00207
DB00934,0,DB05294
DB00556,0,DB04855
DB00398,0,DB00420
DB01236,0,DB00743
DB06589,0,DB09078
DB00697,0,DB00738
DB01274,0,DB01087
DB04953,0,DB00261
DB01356,0,DB01165
DB01001,0,DB00889
DB00862,0,DB00738
DB01075,0,DB01175
DB00818,0,DB01624
DB00557,0,DB00738
DB00608,0,DB08903
DB00358,0,DB01218
DB00374,0,DB01118
DB01268,0,DB08903
DB00743,0,DB00875
DB06825,0,DB00904
DB00398,0,DB06402
DB01155,0,DB01182
DB00904,0,DB01169
DB09082,0,DB01624
DB00289,0,DB00215
DB00207,0,DB00738
DB00871,0,DB01624
DB00934,0,DB00477
DB06788,0,DB01035
DB00871,0,DB00539
DB00344,0,DB01224
DB00818,0,DB01267
DB00374,0,DB01232
DB00207,0,DB04844
DB01015,0,DB00757
DB01403,0,DB00308
DB00834,0,DB00753
DB01189,0,DB08903
DB01137,0,DB04868
DB01268,0,DB04855
DB00374,0,DB00333
DB00321,0,DB00261
DB01015,0,DB00539
DB01259,0,DB06697
DB01259,0,DB09078
DB00346,0,DB01195
DB00321,0,DB01087
DB01069,0,DB06402
DB04953,0,DB01232
DB06699,0,DB00246
DB01233,0,DB01087
DB01268,0,DB00014
DB00363,0,DB01087
DB00503,0,DB00218
DB00871,0,DB00908
DB00710,0,DB04946
DB01233,0,DB01182
DB00104,0,DB06589
DB00927,0,DB09078
DB01087,0,DB04844
DB00862,0,DB00757
DB00218,0,DB01224
DB01087,0,DB06589
DB01268,0,DB00204
DB00808,0,DB01169
DB06788,0,DB01184
DB00889,0,DB01165
DB06663,0,DB00477
DB06603,0,DB06216
DB00738,0,DB01155
DB00104,0,DB00608
DB01142,0,DB00207
DB06402,0,DB00489
DB00333,0,DB01601
DB01087,0,DB09039
DB01015,0,DB06589
DB00834,0,DB00871
DB01233,0,DB00757
DB01059,0,DB08903
DB01268,0,DB01137
DB01591,0,DB00904
DB00196,0,DB04946
DB00374,0,DB05294
DB01623,0,DB06216
DB06788,0,DB00539
DB01015,0,DB00333
DB01182,0,DB00472
DB01165,0,DB00468
DB00983,0,DB00743
DB00691,0,DB00539
DB09083,0,DB00199
DB01259,0,DB08865
DB01015,0,DB00875
DB00915,0,DB00489
DB00675,0,DB01100
DB00334,0,DB06216
DB08903,0,DB04946
DB01001,0,DB01035
DB06402,0,DB01035
DB00983,0,DB06216
DB00938,0,DB01035
DB00938,0,DB01155
DB00934,0,DB00556
DB01238,0,DB00207
DB00983,0,DB00537
DB01236,0,DB00502
DB01075,0,DB06216
DB09082,0,DB01267
DB00691,0,DB00450
DB06825,0,DB06589
DB00697,0,DB00261
DB01104,0,DB00743
DB00346,0,DB01169
DB00398,0,DB00333
DB00976,0,DB00280
DB00346,0,DB01165
DB01591,0,DB01137
DB00014,0,DB01184
DB01104,0,DB08903
DB00983,0,DB00604
DB00289,0,DB01267
DB00199,0,DB00218
DB01001,0,DB01169
DB00556,0,DB09063
DB00808,0,DB04868
DB00674,0,DB06402
DB01403,0,DB00207
DB01151,0,DB01035
DB01155,0,DB09063
DB01001,0,DB09039
DB00710,0,DB00014
DB01001,0,DB01224
DB00915,0,DB00468
DB01059,0,DB01195
DB00916,0,DB00875
DB06825,0,DB00679
DB01104,0,DB00261
DB00710,0,DB00207
DB00370,0,DB00280
DB06589,0,DB00604
DB00916,0,DB08903
DB00346,0,DB00261
DB00321,0,DB01195
DB00529,0,DB00014
DB01356,0,DB01169
DB00622,0,DB05294
DB00374,0,DB06589
DB00715,0,DB01267
DB01623,0,DB01624
DB01189,0,DB01211
DB02546,0,DB04844
DB00502,0,DB00889
DB00477,0,DB01087
DB01015,0,DB00363
DB01118,0,DB01195
DB00808,0,DB06402
DB00834,0,DB00715
DB00622,0,DB01184
DB00691,0,DB00908
DB00674,0,DB00489
DB00220,0,DB06402
DB00556,0,DB01224
DB09080,0,DB08903
DB01165,0,DB00539
DB00440,0,DB00199
DB00916,0,DB00904
DB00346,0,DB09078
DB00927,0,DB00468
DB00450,0,DB00976
DB00674,0,DB00420
DB00285,0,DB06216
DB00622,0,DB00450
DB01356,0,DB06402
DB06402,0,DB09078
DB01189,0,DB01165
DB05039,0,DB01182
DB06788,0,DB06697
DB00333,0,DB01137
DB00344,0,DB00420
DB00871,0,DB00477
DB01087,0,DB01211
DB01274,0,DB08865
DB01167,0,DB04844
DB08865,0,DB09078
DB00934,0,DB06708
DB00715,0,DB05294
DB01035,0,DB00834
DB01075,0,DB00468
DB00734,0,DB00199
DB02546,0,DB00539
DB00543,0,DB00207
DB01233,0,DB00904
DB04953,0,DB00199
DB00370,0,DB01195
DB00608,0,DB01100
DB00834,0,DB00270
DB01167,0,DB00743
DB00344,0,DB06708
DB06699,0,DB00218
DB01623,0,DB00333
DB00674,0,DB00280
DB00014,0,DB08865
DB00674,0,DB06589
DB01623,0,DB01035
DB01274,0,DB09078
DB00440,0,DB01224
DB00104,0,DB01035
DB01591,0,DB04855
DB01075,0,DB04946
DB00529,0,DB00539
DB00537,0,DB01601
DB09082,0,DB09039
DB01072,0,DB00261
DB01165,0,DB00204
DB01104,0,DB00908
DB00529,0,DB01232
DB08871,0,DB09039
DB01274,0,DB00757
DB01069,0,DB00215
DB00308,0,DB00834
DB08893,0,DB00608
DB01259,0,DB00539
DB01233,0,DB08881
DB02546,0,DB00420
DB01137,0,DB01182
DB00218,0,DB00261
DB01274,0,DB06216
DB00420,0,DB08865
DB00104,0,DB01182
DB06825,0,DB00280
DB09080,0,DB04844
DB00556,0,DB00608
DB08903,0,DB00539
DB01238,0,DB06589
DB01001,0,DB01182
DB00697,0,DB00308
DB00529,0,DB00218
DB00915,0,DB00743
DB00753,0,DB00556
DB01087,0,DB01224
DB00477,0,DB00743
DB00697,0,DB08865
DB00938,0,DB01184
DB08893,0,DB00333
DB00753,0,DB00976
DB00543,0,DB00199
DB00014,0,DB06603
DB01026,0,DB00014
DB00753,0,DB01624
DB00440,0,DB01137
DB01591,0,DB01195
DB00334,0,DB00539
DB00440,0,DB01175
DB00450,0,DB00738
DB00374,0,DB00556
DB01236,0,DB01100
DB01155,0,DB01100
DB06663,0,DB08865
DB00674,0,DB01169
DB00904,0,DB00308
DB00285,0,DB00889
DB00014,0,DB04946
DB00199,0,DB00477
DB00726,0,DB06216
DB00556,0,DB00489
DB00207,0,DB00333
DB01238,0,DB00556
DB01059,0,DB06589
DB06825,0,DB00477
DB01036,0,DB00199
DB01591,0,DB00014
DB01155,0,DB06216
DB00949,0,DB06708
DB00834,0,DB00697
DB00915,0,DB04868
DB05039,0,DB00246
DB00834,0,DB00862
DB06788,0,DB00472
DB00014,0,DB00450
DB00196,0,DB00976
DB06663,0,DB06697
DB00014,0,DB01035
DB00243,0,DB05294
DB00374,0,DB00477
DB00344,0,DB01184
DB08871,0,DB00502
DB00543,0,DB01267
DB00934,0,DB00976
DB00753,0,DB00502
DB00358,0,DB01224
DB00983,0,DB01165
DB00715,0,DB00261
DB00889,0,DB06216
DB08893,0,DB00757
DB00753,0,DB00679
DB01151,0,DB01118
DB00188,0,DB01175
DB00270,0,DB00477
DB09083,0,DB01087
DB01403,0,DB01118
DB00734,0,DB01165
DB00622,0,DB00537
DB01104,0,DB00889
DB00346,0,DB00556
DB05039,0,DB01184
DB01242,0,DB00204
DB01072,0,DB01169
DB00014,0,DB00757
DB01263,0,DB00489
DB00818,0,DB06708
DB01151,0,DB00489
DB08871,0,DB00904
DB00834,0,DB01151
DB00333,0,DB00363
DB00358,0,DB01155
DB00243,0,DB06697
DB09078,0,DB00468
DB09082,0,DB00280
DB04953,0,DB01035
DB01069,0,DB00875
DB01591,0,DB01169
DB00014,0,DB00472
DB00927,0,DB00263
DB01268,0,DB00246
DB02546,0,DB00199
DB01403,0,DB01175
DB00938,0,DB00308
DB00334,0,DB05294
DB01059,0,DB04868
DB08871,0,DB00218
DB01036,0,DB00539
DB00556,0,DB04844
DB09078,0,DB04844
DB00715,0,DB00246
DB00691,0,DB00261
DB06825,0,DB00261
DB01591,0,DB01155
DB00834,0,DB00714
DB01274,0,DB00502
DB06699,0,DB00333
DB08871,0,DB04868
DB06402,0,DB00679
DB01169,0,DB09083
DB00608,0,DB06216
DB01233,0,DB01169
DB01104,0,DB01155
DB09080,0,DB01165
DB00675,0,DB00875
DB00188,0,DB01169
DB00540,0,DB00537
DB00949,0,DB00743
DB01155,0,DB00215
DB00691,0,DB09063
DB01069,0,DB00263
DB00188,0,DB00908
DB00334,0,DB00218
DB00674,0,DB00014
DB00196,0,DB04844
DB00321,0,DB09039
DB00540,0,DB00308
DB06699,0,DB00904
DB00270,0,DB00308
DB00915,0,DB01155
DB01274,0,DB01211
DB06699,0,DB00261
DB00871,0,DB01232
DB08871,0,DB08881
DB08912,0,DB00556
DB01167,0,DB01155
DB01069,0,DB09039
DB01151,0,DB00263
DB01591,0,DB00420
DB00622,0,DB01165
DB00358,0,DB04844
DB08868,0,DB09078
DB00927,0,DB00539
DB01026,0,DB01169
DB08868,0,DB00556
DB01059,0,DB00539
DB08864,0,DB04844
DB00321,0,DB00537
DB01623,0,DB01182
DB01151,0,DB00261
DB00196,0,DB00539
DB01259,0,DB04946
DB00916,0,DB06589
DB00321,0,DB00420
DB00818,0,DB00875
DB00556,0,DB00472
DB09082,0,DB00363
DB00458,0,DB01165
DB01036,0,DB00604
DB01189,0,DB00539
DB00199,0,DB01211
DB01238,0,DB00738
DB01001,0,DB08903
DB06788,0,DB08903
DB01274,0,DB01035
DB00556,0,DB00976
DB01233,0,DB01184
DB01356,0,DB00280
DB01238,0,DB01155
DB00738,0,DB06589
DB00622,0,DB08865
DB00582,0,DB00308
DB00691,0,DB01232
DB00370,0,DB05294
DB01403,0,DB00539
DB01001,0,DB08865
DB01036,0,DB00608
DB01069,0,DB00908
DB01015,0,DB00472
DB00321,0,DB00904
DB09078,0,DB00472
DB00344,0,DB04868
DB00697,0,DB06216
DB01015,0,DB01155
DB00540,0,DB01035
DB00358,0,DB01267
DB01137,0,DB06402
DB01087,0,DB00875
DB00915,0,DB08903
DB01274,0,DB00014
DB00726,0,DB00738
DB00263,0,DB00976
DB08903,0,DB06697
DB00334,0,DB00604
DB01254,0,DB00014
DB01268,0,DB00420
DB00656,0,DB00263
DB00398,0,DB01624
DB00715,0,DB01624
DB01263,0,DB00218
DB09083,0,DB01195
DB00014,0,DB00604
DB00983,0,DB09078
DB09078,0,DB04946
DB06699,0,DB01232
DB01087,0,DB00472
DB06663,0,DB00014
DB00218,0,DB06697
DB01403,0,DB01165
DB00949,0,DB00215
DB00934,0,DB00904
DB01036,0,DB00280
DB00938,0,DB00556
DB00934,0,DB00679
DB00927,0,DB01267
DB00915,0,DB00218
DB00691,0,DB00976
DB01263,0,DB00875
DB08868,0,DB00679
DB01001,0,DB00246
DB01142,0,DB08903
DB05039,0,DB00420
DB01263,0,DB01195
DB01165,0,DB01175
DB00199,0,DB00261
DB06788,0,DB00450
DB00458,0,DB00204
DB00289,0,DB00280
DB00938,0,DB09078
DB00398,0,DB01195
DB01259,0,DB00608
DB01069,0,DB01035
DB00450,0,DB06402
DB00104,0,DB01169
DB00949,0,DB01035
DB04953,0,DB00207
DB01274,0,DB00489
DB00904,0,DB08903
DB00675,0,DB00738
DB01591,0,DB00537
DB01069,0,DB06216
DB00321,0,DB01165
DB00862,0,DB04855
DB01182,0,DB06216
DB01356,0,DB06603
DB01263,0,DB01137
DB00834,0,DB05039
DB00710,0,DB00204
DB00450,0,DB00468
DB00983,0,DB01169
DB08864,0,DB00875
DB00927,0,DB00908
DB00862,0,DB06402
DB00697,0,DB01184
DB00710,0,DB09063
DB00220,0,DB00263
DB00398,0,DB00204
DB00976,0,DB01267
DB00738,0,DB08865
DB01151,0,DB04946
DB00458,0,DB08865
DB09082,0,DB00204
DB01232,0,DB00489
DB00691,0,DB01087
DB00738,0,DB00875
DB00656,0,DB00014
DB00450,0,DB06697
DB08865,0,DB00261
DB01151,0,DB00889
DB00674,0,DB08903
DB00503,0,DB00308
DB00289,0,DB01087
DB01623,0,DB01184
DB02546,0,DB00904
DB01268,0,DB00904
DB06699,0,DB01184
DB00358,0,DB00218
DB00285,0,DB04855
DB01274,0,DB04946
DB00243,0,DB00420
DB00344,0,DB00908
DB00656,0,DB01165
DB06663,0,DB01232
DB00691,0,DB01035
DB00938,0,DB00218
DB01623,0,DB00472
DB00289,0,DB06216
DB00734,0,DB00537
DB06663,0,DB00875
DB00529,0,DB00679
DB08903,0,DB01035
DB00346,0,DB06402
DB00540,0,DB04855
DB06825,0,DB04946
DB00834,0,DB00218
DB00556,0,DB06216
DB08864,0,DB01624
DB00450,0,DB01601
DB01601,0,DB00908
DB00346,0,DB01035
DB06788,0,DB01137
DB00270,0,DB04946
DB02546,0,DB00976
DB01015,0,DB01224
DB02546,0,DB01169
DB00715,0,DB01224
DB05039,0,DB01169
DB00450,0,DB01169
DB00710,0,DB01165
DB01059,0,DB00363
DB00529,0,DB01195
DB00196,0,DB00207
DB00916,0,DB00333
DB01072,0,DB01165
DB06663,0,DB01601
DB01151,0,DB01624
DB00934,0,DB01118
DB01591,0,DB05294
DB00862,0,DB00537
DB00753,0,DB00472
DB00656,0,DB00904
DB01259,0,DB00363
DB01059,0,DB00489
DB01165,0,DB08881
DB01259,0,DB00556
DB06402,0,DB01224
DB00938,0,DB00738
DB00196,0,DB00537
DB00358,0,DB00472
DB01137,0,DB00489
DB00818,0,DB00502
DB00333,0,DB00537
DB02546,0,DB06216
DB08868,0,DB00261
DB00715,0,DB04855
DB09082,0,DB00875
DB01233,0,DB00889
DB00674,0,DB00889
DB00834,0,DB01167
DB00529,0,DB04946
DB00321,0,DB08865
DB00374,0,DB01165
DB00927,0,DB00199
DB01072,0,DB01137
DB00398,0,DB00904
DB01211,0,DB00280
DB00697,0,DB04855
DB00714,0,DB08903
DB00934,0,DB00889
DB00333,0,DB01169
DB00556,0,DB06603
DB00346,0,DB00280
DB00543,0,DB01232
DB00808,0,DB01165
DB00726,0,DB00757
DB00489,0,DB00834
DB01274,0,DB00199
DB00543,0,DB00738
DB00537,0,DB04868
DB01155,0,DB01224
DB00196,0,DB01175
DB09082,0,DB08865
DB01151,0,DB04844
DB00540,0,DB06708
DB00582,0,DB01165
DB01274,0,DB00218
DB00289,0,DB00489
DB00710,0,DB01169
DB00543,0,DB05294
DB00697,0,DB00608
DB00398,0,DB01184
DB01167,0,DB01137
DB01036,0,DB01169
DB06825,0,DB00743
DB00346,0,DB08903
DB00199,0,DB00263
DB00289,0,DB00333
DB00753,0,DB00489
DB00188,0,DB00199
DB00743,0,DB00308
DB08903,0,DB00204
DB09080,0,DB06697
DB01268,0,DB00468
DB00344,0,DB08903
DB01211,0,DB00261
DB00715,0,DB00014
DB01001,0,DB00450
DB05039,0,DB08903
DB00808,0,DB00308
DB01189,0,DB00472
DB00871,0,DB01175
DB01165,0,DB04844
DB06788,0,DB01165
DB06825,0,DB04868
DB00537,0,DB01232
DB00927,0,DB01175
DB08871,0,DB01137
DB06825,0,DB08865
DB00818,0,DB01195
DB00363,0,DB00261
DB00871,0,DB00204
DB00691,0,DB00215
DB01015,0,DB01137
DB00289,0,DB00743
DB00458,0,DB04855
DB00691,0,DB00604
DB00270,0,DB00468
DB00871,0,DB00014
DB00875,0,DB00834
DB00285,0,DB05294
DB00344,0,DB01035
DB01167,0,DB00014
DB01211,0,DB00679
DB00503,0,DB01155
DB01242,0,DB00537
DB00714,0,DB00468
DB06402,0,DB09063
DB00726,0,DB00261
DB01242,0,DB06216
DB00675,0,DB00743
DB00556,0,DB00280
DB00691,0,DB06708
DB00285,0,DB00450
DB01263,0,DB04844
DB00949,0,DB01169
DB00540,0,DB09039
DB01075,0,DB01137
DB00363,0,DB08865
DB01233,0,DB06708
DB00503,0,DB00489
DB08871,0,DB09078
DB06825,0,DB00472
DB08893,0,DB04855
DB08864,0,DB00215
DB04953,0,DB00904
DB01403,0,DB00218
DB00196,0,DB00280
DB00934,0,DB00261
DB00207,0,DB08865
DB00976,0,DB00261
DB00834,0,DB01165
DB01195,0,DB08865
DB01242,0,DB00280
DB00949,0,DB01087
DB00104,0,DB00308
DB01236,0,DB01175
DB00374,0,DB00363
DB01137,0,DB01035
DB01233,0,DB09078
DB06788,0,DB00608
DB00743,0,DB06603
DB06788,0,DB00363
DB01238,0,DB00308
DB01059,0,DB00246
DB00503,0,DB00420
DB00862,0,DB01035
DB09080,0,DB01224
DB00543,0,DB04946
DB00938,0,DB00889
DB06699,0,DB00502
DB00333,0,DB00280
DB00540,0,DB05294
DB01075,0,DB00738
DB01001,0,DB01100
DB01015,0,DB06402
DB00540,0,DB00199
DB06603,0,DB00875
DB01259,0,DB06216
DB06788,0,DB00556
DB00346,0,DB00477
DB00529,0,DB01211
DB01268,0,DB01087
DB00753,0,DB06603
DB00818,0,DB00608
DB05039,0,DB00738
DB01189,0,DB06589
DB00834,0,DB00734
DB00321,0,DB06697
DB01137,0,DB08865
DB08864,0,DB00539
DB01623,0,DB00904
DB01268,0,DB00908
DB00218,0,DB04844
DB00834,0,DB00104
DB01403,0,DB00263
DB01069,0,DB04844
DB01059,0,DB00215
DB00289,0,DB00604
DB08893,0,DB00556
DB00374,0,DB00889
DB01165,0,DB04868
DB00726,0,DB00743
DB02546,0,DB00204
DB02546,0,DB00207
DB00450,0,DB01165
DB00915,0,DB01184
DB00344,0,DB00246
DB04953,0,DB01165
DB00104,0,DB00604
DB01259,0,DB00468
DB00188,0,DB06589
DB00207,0,DB00757
DB00218,0,DB00420
DB09080,0,DB09039
DB01142,0,DB00204
DB01015,0,DB01169
DB00675,0,DB08903
DB08912,0,DB01267
DB00743,0,DB01224
DB01104,0,DB04855
DB06589,0,DB01035
DB00726,0,DB09039
DB00196,0,DB00261
DB00938,0,DB00215
DB00420,0,DB01169
DB00529,0,DB00976
DB01075,0,DB00280
DB01151,0,DB08865
DB00697,0,DB00468
DB00697,0,DB00743
DB01075,0,DB00743
DB00927,0,DB00875
DB00710,0,DB09078
DB01259,0,DB00889
DB01155,0,DB06603
DB00540,0,DB00539
DB00697,0,DB00199
DB00915,0,DB00738
DB00370,0,DB06402
DB01155,0,DB00908
DB00710,0,DB00246
DB05039,0,DB00757
DB00503,0,DB00472
DB01591,0,DB04844
DB01259,0,DB05294
DB06825,0,DB01169
DB00622,0,DB00604
DB01238,0,DB00502
DB01263,0,DB01035
DB00757,0,DB00489
DB08871,0,DB01211
DB02546,0,DB00246
DB00710,0,DB00875
DB00862,0,DB01087
DB00321,0,DB00757
DB02546,0,DB00489
DB01233,0,DB00604
DB06825,0,DB00556
DB06788,0,DB00263
DB00862,0,DB00246
DB00714,0,DB01624
DB00346,0,DB00207
DB01259,0,DB09039
DB01104,0,DB00556
DB00540,0,DB00420
DB00976,0,DB00489
DB01189,0,DB01624
DB00440,0,DB00450
DB06402,0,DB00215
DB01036,0,DB00502
DB01142,0,DB01182
DB00938,0,DB01267
DB06788,0,DB05294
DB01075,0,DB00308
DB00285,0,DB09078
DB00502,0,DB00738
DB00334,0,DB00420
DB00014,0,DB00875
DB00714,0,DB06402
DB00218,0,DB00537
DB09082,0,DB08903
DB00104,0,DB00875
DB00715,0,DB09063
DB00889,0,DB01195
DB00915,0,DB01100
DB00502,0,DB00757
DB00207,0,DB00204
DB06663,0,DB00608
DB00450,0,DB01035
DB00734,0,DB00757
DB01142,0,DB00502
DB00726,0,DB05294
DB00862,0,DB01175
DB00862,0,DB00743
DB09083,0,DB00450
DB00726,0,DB01195
DB00334,0,DB01100
DB00104,0,DB06697
DB00289,0,DB01165
DB00556,0,DB00261
DB00543,0,DB01100
DB01403,0,DB01601
DB00871,0,DB06697
DB00927,0,DB00308
DB00188,0,DB08903
DB00757,0,DB01211
DB01137,0,DB00875
DB01001,0,DB01175
DB06663,0,DB00261
DB00218,0,DB01087
DB00743,0,DB01100
DB01224,0,DB09083
DB01195,0,DB01100
DB01182,0,DB01100
DB01015,0,DB06708
DB00540,0,DB00468
DB01233,0,DB00218
DB00243,0,DB01195
DB09082,0,DB04844
DB01069,0,DB00537
DB01236,0,DB00215
DB05039,0,DB00889
DB01142,0,DB00246
DB00270,0,DB01175
DB00753,0,DB00261
DB00608,0,DB01087
DB00697,0,DB00477
DB01591,0,DB00679
DB00983,0,DB00420
DB00188,0,DB01155
DB00374,0,DB00875
DB00743,0,DB01165
DB00983,0,DB00333
DB00188,0,DB01224
DB00398,0,DB01100
DB00738,0,DB08903
DB01059,0,DB00014
DB01001,0,DB04855
DB00358,0,DB00556
DB00270,0,DB00608
DB00949,0,DB09039
DB09063,0,DB00308
DB01151,0,DB00556
DB00674,0,DB00679
DB00916,0,DB00556
DB01195,0,DB01169
DB01001,0,DB00608
DB01195,0,DB06216
DB00927,0,DB00280
DB00904,0,DB06402
DB00440,0,DB01100
DB00557,0,DB00556
DB00374,0,DB00204
DB01036,0,DB00014
DB00529,0,DB04855
DB01104,0,DB01100
DB00818,0,DB00472
DB00472,0,DB01100
DB00450,0,DB00608
DB01167,0,DB00218
DB08903,0,DB00679
DB00188,0,DB00280
DB00346,0,DB00908
DB04953,0,DB01184
DB00289,0,DB00014
DB08893,0,DB00363
DB08893,0,DB00502
DB00871,0,DB09039
DB00808,0,DB00537
DB00263,0,DB00738
DB00285,0,DB00757
DB06663,0,DB01137
DB01151,0,DB00608
DB00014,0,DB04855
DB01036,0,DB04868
DB01254,0,DB00679
DB00420,0,DB01195
DB00537,0,DB00738
DB04953,0,DB08865
DB00374,0,DB00468
DB00557,0,DB00218
DB00834,0,DB00938
DB01165,0,DB00875
DB00014,0,DB01165
DB01182,0,DB00875
DB00983,0,DB00215
DB06402,0,DB01184
DB00753,0,DB01035
DB00916,0,DB00363
DB00927,0,DB04855
DB00358,0,DB04855
DB06788,0,DB00204
DB08912,0,DB01165
DB01142,0,DB00608
DB00557,0,DB00204
DB01189,0,DB06603
DB00656,0,DB00363
DB00220,0,DB00308
DB00363,0,DB01232
DB00691,0,DB01195
DB08893,0,DB00199
DB00915,0,DB01087
DB01104,0,DB01195
DB00934,0,DB00468
DB04953,0,DB00757
DB01259,0,DB00333
DB08903,0,DB09039
DB01069,0,DB00261
DB00540,0,DB06589
DB06699,0,DB06589
DB00916,0,DB00207
DB01274,0,DB00539
DB01165,0,DB01601
DB00529,0,DB00502
DB00358,0,DB01182
DB00656,0,DB00908
DB06663,0,DB00308
DB01591,0,DB00539
DB01001,0,DB00420
DB02546,0,DB01601
DB00691,0,DB00757
DB00344,0,DB00199
DB01155,0,DB01601
DB04953,0,DB00875
DB01015,0,DB09078
DB00199,0,DB01195
DB00104,0,DB01087
DB01274,0,DB06402
DB01274,0,DB01182
DB01238,0,DB01184
DB00344,0,DB00539
DB00691,0,DB01624
DB00691,0,DB00333
DB00691,0,DB00207
DB08864,0,DB00556
DB01233,0,DB00363
DB00220,0,DB01165
DB06699,0,DB01165
DB00753,0,DB00608
DB00715,0,DB00539
DB00374,0,DB00280
DB00104,0,DB00743
DB00949,0,DB04844
DB00934,0,DB00738
DB01137,0,DB01195
DB01151,0,DB00738
DB00285,0,DB00537
DB00334,0,DB00246
DB06825,0,DB08881
DB00458,0,DB01184
DB00543,0,DB06402
DB01236,0,DB00261
DB04953,0,DB00608
DB01259,0,DB01100
DB00263,0,DB00743
DB09078,0,DB00261
DB06663,0,DB00215
DB01087,0,DB06603
DB01403,0,DB01184
DB00608,0,DB00976
DB09080,0,DB00976
DB00537,0,DB01182
DB00537,0,DB06603
DB08871,0,DB04844
DB01591,0,DB00908
DB00458,0,DB00757
DB00420,0,DB00556
DB00871,0,DB01267
DB00334,0,DB00363
DB01238,0,DB01195
DB00862,0,DB01100
DB00502,0,DB01169
DB01189,0,DB01155
DB00196,0,DB00477
DB00622,0,DB04868
DB01036,0,DB01224
DB01069,0,DB09078
DB00743,0,DB00904
DB00656,0,DB00215
DB00440,0,DB00889
DB01059,0,DB06603
DB00949,0,DB00472
DB00334,0,DB00502
DB06825,0,DB00246
DB05039,0,DB00468
DB00358,0,DB01165
DB01236,0,DB00014
DB00938,0,DB00743
DB00871,0,DB00468
DB01015,0,DB01035
DB01268,0,DB09078
DB00398,0,DB06603
DB00582,0,DB00556
DB00344,0,DB00743
DB01075,0,DB00246
DB06402,0,DB06216
DB01189,0,DB00738
DB00938,0,DB09039
DB00333,0,DB08903
DB00915,0,DB01267
DB06699,0,DB00472
DB00880,0,DB00204
DB00207,0,DB01267
DB00420,0,DB00604
DB00871,0,DB01601
DB06589,0,DB01624
DB00440,0,DB00363
DB01274,0,DB01169
DB09078,0,DB01624
DB00697,0,DB00556
DB00529,0,DB00204
DB02546,0,DB01624
DB00321,0,DB00738
DB01155,0,DB01267
DB00529,0,DB00468
DB00537,0,DB01035
DB06825,0,DB01100
DB01236,0,DB00904
DB01026,0,DB00308
DB00450,0,DB01155
DB04953,0,DB04946
DB08868,0,DB01624
DB00207,0,DB00477
DB00753,0,DB00539
DB00983,0,DB01184
DB01075,0,DB00976
DB00871,0,DB00261
DB01259,0,DB06708
DB00503,0,DB08903
DB00207,0,DB00908
DB01001,0,DB06216
DB01624,0,DB09083
DB06699,0,DB01137
DB00557,0,DB08903
DB01059,0,DB01165
DB09082,0,DB00468
DB01623,0,DB04855
DB01001,0,DB01267
DB00502,0,DB00537
DB00834,0,DB01356
DB00710,0,DB04855
DB00370,0,DB01165
DB00374,0,DB00420
DB06699,0,DB01195
DB01001,0,DB00976
DB00608,0,DB09078
DB01015,0,DB00502
DB00697,0,DB09039
DB01233,0,DB06216
DB06589,0,DB00280
DB09083,0,DB08903
DB02546,0,DB00218
DB00543,0,DB00420
DB00983,0,DB01267
DB00697,0,DB00333
DB00450,0,DB09039
DB00715,0,DB01087
DB06788,0,DB00743
DB01036,0,DB06708
DB01072,0,DB04844
DB00537,0,DB06402
DB01059,0,DB04855
DB01195,0,DB01035
DB01155,0,DB09039
DB01356,0,DB00743
DB01242,0,DB00738
DB00556,0,DB00889
DB00675,0,DB01182
DB01182,0,DB04844
DB00734,0,DB00218
DB06788,0,DB00889
DB00529,0,DB00556
DB06402,0,DB04855
DB01242,0,DB00308
DB00726,0,DB06708
DB06589,0,DB01267
DB00529,0,DB09078
DB00333,0,DB00976
DB00344,0,DB09039
DB00196,0,DB08865
DB00675,0,DB01035
DB01069,0,DB00976
DB00889,0,DB01087
DB01059,0,DB00261
DB09080,0,DB01211
DB00556,0,DB08903
DB01403,0,DB00472
DB08868,0,DB01267
DB01087,0,DB00204
DB01059,0,DB01232
DB01189,0,DB01035
DB00734,0,DB00502
DB01242,0,DB01165
DB00674,0,DB09078
DB01165,0,DB01184
DB01274,0,DB01100
DB04953,0,DB09078
DB00363,0,DB00556
DB00420,0,DB00608
DB00604,0,DB09083
DB00374,0,DB00261
DB00622,0,DB00477
DB00557,0,DB00608
DB01142,0,DB00261
DB00502,0,DB08903
DB00529,0,DB00263
DB00808,0,DB00875
DB00834,0,DB00927
DB00714,0,DB09063
DB01189,0,DB08881
DB00440,0,DB00904
DB06788,0,DB00908
DB01015,0,DB00261
DB06402,0,DB06603
DB00710,0,DB00608
DB00556,0,DB06697
DB08871,0,DB01184
DB00450,0,DB06708
DB01236,0,DB00489
DB01274,0,DB00908
DB01189,0,DB00489
DB00862,0,DB00604
DB01268,0,DB04844
DB01137,0,DB01184
DB00734,0,DB01155
DB00344,0,DB00976
DB00715,0,DB00489
DB00196,0,DB00556
DB00675,0,DB00207
DB00440,0,DB01182
DB01001,0,DB06697
DB00014,0,DB01087
DB01059,0,DB01100
DB00808,0,DB00908
DB00983,0,DB06589
DB00697,0,DB01165
DB01268,0,DB00537
DB06825,0,DB04844
DB00333,0,DB00489
DB00582,0,DB00875
DB09080,0,DB00333
DB01059,0,DB00604
DB04953,0,DB08881
DB00344,0,DB09063
DB01403,0,DB00468
DB08868,0,DB00502
DB00503,0,DB00263
DB01274,0,DB00261
DB01069,0,DB08903
DB01015,0,DB00218
DB00938,0,DB00537
DB00834,0,DB00710
DB06788,0,DB00976
DB00916,0,DB01155
DB00697,0,DB00420
DB01189,0,DB00604
DB01591,0,DB00218
DB06825,0,DB00207
DB00743,0,DB01624
DB01233,0,DB08903
DB06825,0,DB00215
DB00691,0,DB08881
DB00983,0,DB04868
DB00757,0,DB00904
DB08868,0,DB00468
DB01142,0,DB00904
DB00726,0,DB00489
DB01069,0,DB00280
DB01142,0,DB00218
DB01165,0,DB01267
DB06699,0,DB00489
DB00834,0,DB00207
DB00543,0,DB00889
DB00289,0,DB00263
DB00502,0,DB08865
DB01623,0,DB01100
DB06699,0,DB01035
DB00358,0,DB08903
DB00370,0,DB00738
DB06402,0,DB00468
DB01195,0,DB01211
DB00862,0,DB00207
DB01015,0,DB00743
DB04953,0,DB01624
DB00218,0,DB00908
DB09083,0,DB01232
DB00440,0,DB00207
DB01236,0,DB01165
DB00734,0,DB05294
DB00818,0,DB01137
DB01591,0,DB01175
DB00420,0,DB00743
DB00938,0,DB00875
DB06663,0,DB00904
DB00949,0,DB00308
DB00503,0,DB00207
DB01403,0,DB00199
DB00915,0,DB00280
DB00608,0,DB00204
DB00450,0,DB04868
DB01165,0,DB04855
DB00808,0,DB01100
DB09082,0,DB01165
DB00014,0,DB01175
DB00440,0,DB00333
DB00808,0,DB09039
DB00622,0,DB00743
DB00697,0,DB06589
DB00334,0,DB06402
DB00540,0,DB00477
DB00188,0,DB00556
DB01195,0,DB09063
DB00452,1,DB00565
DB03615,1,DB01226
DB01172,1,DB00483
DB00997,1,DB00728
DB03615,1,DB11156
DB00694,1,DB00728
DB01177,1,DB00565
DB06696,1,DB01245
DB06263,1,DB01226
DB01578,1,DB01338
DB00798,1,DB01226
DB00445,1,DB00728
DB00997,1,DB01199
DB03615,1,DB00565
DB03615,1,DB01245
DB01172,1,DB01199
DB06696,1,DB01338
DB00479,1,DB00732
DB00694,1,DB01339
DB00798,1,DB00483
DB01172,1,DB11156
DB00385,1,DB01337
DB01082,1,DB11156
DB06263,1,DB00202
DB00955,1,DB13450
DB06696,1,DB13450
DB00479,1,DB01338
DB01421,1,DB00565
DB00445,1,DB11156
DB03615,1,DB00728
DB00428,1,DB00732
DB01421,1,DB01199
DB00919,1,DB01199
DB06263,1,DB01135
DB01421,1,DB01226
DB06810,1,DB13450
DB00955,1,DB01338
DB00955,1,DB01245
DB01578,1,DB01226
DB01172,1,DB01339
DB06696,1,DB11156
DB00428,1,DB13450
DB00428,1,DB01339
DB00798,1,DB01339
DB01421,1,DB01337
DB00684,1,DB00565
DB01172,1,DB01135
DB00479,1,DB01245
DB06263,1,DB01199
DB00919,1,DB13450
DB01082,1,DB00483
DB01177,1,DB01338
DB00955,1,DB01199
DB00445,1,DB00565
DB01177,1,DB11156
DB00798,1,DB00728
DB06263,1,DB00728
DB01578,1,DB00483
DB00997,1,DB00483
DB01578,1,DB01336
DB00385,1,DB01199
DB01421,1,DB00202
DB03615,1,DB00202
DB00684,1,DB01199
DB00798,1,DB13450
DB00452,1,DB11156
DB00694,1,DB13450
DB00694,1,DB11156
DB00684,1,DB01337
DB00684,1,DB00728
DB00919,1,DB00732
DB03615,1,DB01336
DB06696,1,DB00483
DB00385,1,DB01339
DB01177,1,DB00732
DB01082,1,DB01199
DB00997,1,DB01339
DB00452,1,DB01245
DB00997,1,DB01337
DB01421,1,DB01135
DB00428,1,DB11156
DB06696,1,DB01226
DB00684,1,DB01339
DB01578,1,DB13450
DB06263,1,DB13450
DB00694,1,DB01226
DB00445,1,DB01245
DB06263,1,DB01336
DB01177,1,DB00728
DB03615,1,DB13450
DB00385,1,DB00732
DB00694,1,DB00483
DB01578,1,DB01245
DB01177,1,DB01339
DB00445,1,DB01336
DB01421,1,DB01338
DB00694,1,DB00565
DB00445,1,DB01226
DB01082,1,DB00202
DB00452,1,DB00202
DB00385,1,DB11156
DB06696,1,DB01337
DB01082,1,DB01337
DB00684,1,DB01338
DB00919,1,DB01337
DB06263,1,DB00732
DB00997,1,DB01226
DB00684,1,DB01226
DB01172,1,DB00565
DB01082,1,DB00732
DB00428,1,DB00483
DB01082,1,DB00728
DB03615,1,DB01135
DB00694,1,DB01336
DB00798,1,DB01245
DB00445,1,DB00483
DB06810,1,DB01226
DB00445,1,DB01135
DB01082,1,DB00565
DB00428,1,DB01338
DB00694,1,DB01337
DB06810,1,DB01135
DB00798,1,DB11156
DB00479,1,DB13450
DB00479,1,DB11156
DB06696,1,DB00202
DB01578,1,DB01339
DB00955,1,DB11156
DB01082,1,DB01245
DB00479,1,DB00202
DB06810,1,DB00483
DB01177,1,DB00483
DB01177,1,DB01199
DB00798,1,DB00202
DB00479,1,DB00483
DB00694,1,DB01199
DB01172,1,DB00202
DB06696,1,DB01135
DB03615,1,DB01199
DB00385,1,DB13450
DB00385,1,DB01245
DB00428,1,DB01135
DB00694,1,DB01135
DB00955,1,DB01226
DB00428,1,DB01337
DB01177,1,DB00202
DB06263,1,DB11156
DB00428,1,DB01199
DB01421,1,DB00732
DB01172,1,DB13450
DB00452,1,DB00732
DB06810,1,DB01245
DB00919,1,DB01245
DB00452,1,DB01135
DB01172,1,DB00732
DB00684,1,DB00202
DB01421,1,DB01339
DB00798,1,DB01337
DB00798,1,DB01338
DB00919,1,DB00728
DB00452,1,DB01199
DB01082,1,DB01226
DB01177,1,DB01226
DB00452,1,DB00483
DB00479,1,DB00565
DB06696,1,DB01336
DB00452,1,DB13450
DB06696,1,DB00728
DB00479,1,DB01336
DB01172,1,DB01245
DB06263,1,DB00565
DB00445,1,DB01338
DB00798,1,DB00732
DB00694,1,DB00732
DB00997,1,DB01338
DB06810,1,DB01337
DB00479,1,DB01135
DB00428,1,DB00728
DB00997,1,DB01135
DB01578,1,DB01135
DB00452,1,DB01226
DB00694,1,DB00202
DB00479,1,DB01337
DB00694,1,DB01245
DB06810,1,DB01336
DB00428,1,DB01226
DB01578,1,DB00728
DB01421,1,DB11156
DB01177,1,DB01337
DB01177,1,DB01336
DB00445,1,DB01199
DB00955,1,DB00483
DB06263,1,DB01337
DB01578,1,DB00565
DB00919,1,DB01338
DB01421,1,DB13450
DB01172,1,DB01338
DB01578,1,DB00202
DB01172,1,DB01336
DB00955,1,DB00565
DB00428,1,DB00202
DB00385,1,DB01336
DB06810,1,DB00202
DB06696,1,DB01339
DB00997,1,DB00565
DB00684,1,DB00732
DB00684,1,DB13450
DB00385,1,DB00483
DB00798,1,DB00565
DB00919,1,DB01339
DB00564,2,DB00268
DB01086,2,DB00268
DB00906,2,DB00765
DB00181,2,DB00765
DB01041,2,DB00413
DB00835,2,DB00413
DB01618,2,DB00765
DB00296,2,DB05271
DB00679,2,DB00413
DB01501,2,DB00268
DB00588,2,DB00268
DB01161,2,DB00413
DB00734,2,DB00413
DB01588,2,DB05271
DB01463,2,DB00413
DB04908,2,DB00268
DB09009,2,DB00268
DB09225,2,DB00765
DB08883,2,DB00413
DB09166,2,DB00268
DB00924,2,DB00413
DB00455,2,DB00765
DB01624,2,DB00268
DB00404,2,DB00765
DB01176,2,DB05271
DB09017,2,DB00268
DB04842,2,DB00268
DB00924,2,DB00268
DB01580,2,DB00765
DB00557,2,DB05271
DB00344,2,DB00268
DB00370,2,DB00765
DB00475,2,DB00413
DB00206,2,DB05271
DB00690,2,DB00268
DB00371,2,DB05271
DB01588,2,DB00268
DB01558,2,DB00765
DB09034,2,DB05271
DB09342,2,DB00413
DB00181,2,DB05271
DB00409,2,DB05271
DB00956,2,DB00765
DB00425,2,DB00413
DB04844,2,DB00413
DB13323,2,DB00765
DB00395,2,DB05271
DB01618,2,DB00268
DB00356,2,DB00413
DB01356,2,DB00765
DB08872,2,DB00268
DB01221,2,DB00413
DB00477,2,DB00268
DB12532,2,DB00765
DB09071,2,DB00268
DB01151,2,DB00268
DB00645,2,DB00413
DB01238,2,DB00268
DB00327,2,DB05271
DB00206,2,DB00268
DB00807,2,DB05271
DB00962,2,DB00765
DB00349,2,DB00268
DB00801,2,DB00413
DB01501,2,DB00413
DB00813,2,DB00268
DB01236,2,DB00268
DB01452,2,DB00268
DB13025,2,DB00268
DB00425,2,DB05271
DB00252,2,DB05271
DB00628,2,DB00765
DB06204,2,DB00413
DB00494,2,DB00268
DB00750,2,DB00268
DB00768,2,DB00765
DB01100,2,DB05271
DB01002,2,DB05271
DB01588,2,DB00413
DB00844,2,DB00268
DB00313,2,DB00413
DB01221,2,DB00765
DB00708,2,DB00413
DB00298,2,DB00413
DB01356,2,DB00268
DB01224,2,DB05271
DB01558,2,DB00413
DB01589,2,DB00268
DB00312,2,DB00268
DB00747,2,DB00268
DB01086,2,DB00413
DB06216,2,DB00765
DB08910,2,DB00765
DB01176,2,DB00268
DB00474,2,DB05271
DB00754,2,DB00268
DB00794,2,DB00413
DB01501,2,DB00765
DB00801,2,DB00268
DB09068,2,DB05271
DB00540,2,DB05271
DB00237,2,DB00765
DB00753,2,DB05271
DB00633,2,DB00765
DB05246,2,DB00268
DB00176,2,DB05271
DB01068,2,DB00268
DB06594,2,DB00765
DB01018,2,DB00413
DB01353,2,DB00268
DB00408,2,DB00268
DB00599,2,DB00413
DB00292,2,DB00765
DB01198,2,DB00268
DB00950,2,DB00765
DB01174,2,DB00268
DB01623,2,DB00268
DB00296,2,DB00413
DB00540,2,DB00765
DB01173,2,DB00765
DB00921,2,DB05271
DB01355,2,DB00413
DB00737,2,DB00765
DB13872,2,DB00268
DB00313,2,DB00765
DB00842,2,DB00268
DB00484,2,DB00413
DB01235,2,DB00413
DB00508,2,DB00765
DB00297,2,DB05271
DB05246,2,DB00413
DB00844,2,DB05271
DB00802,2,DB00765
DB00193,2,DB05271
DB00875,2,DB00268
DB00611,2,DB00413
DB00181,2,DB00268
DB00844,2,DB00413
DB00972,2,DB00765
DB00721,2,DB05271
DB00708,2,DB05271
DB00850,2,DB00765
DB01563,2,DB05271
DB00434,2,DB00268
DB01433,2,DB00268
DB01595,2,DB00765
DB01239,2,DB00413
DB06144,2,DB00268
DB00318,2,DB00413
DB00206,2,DB00413
DB01623,2,DB00413
DB08872,2,DB05271
DB00486,2,DB00268
DB01215,2,DB00268
DB00292,2,DB00268
DB01041,2,DB00268
DB00801,2,DB00765
DB00527,2,DB05271
DB01041,2,DB00765
DB01081,2,DB00765
DB06770,2,DB00413
DB00996,2,DB00413
DB00418,2,DB05271
DB00356,2,DB00765
DB00356,2,DB00268
DB00737,2,DB00268
DB00962,2,DB00268
DB00502,2,DB00268
DB00228,2,DB00268
DB09286,2,DB00268
DB00829,2,DB00413
DB09128,2,DB00268
DB00231,2,DB05271
DB01151,2,DB00413
DB01624,2,DB00413
DB00921,2,DB00268
DB01356,2,DB00413
DB00312,2,DB00765
DB01623,2,DB05271
DB00752,2,DB05271
DB01320,2,DB00765
DB09017,2,DB00413
DB00333,2,DB00765
DB00813,2,DB00765
DB01563,2,DB00268
DB01466,2,DB05271
DB00653,2,DB00413
DB01189,2,DB05271
DB00402,2,DB00268
DB11148,2,DB05271
DB04946,2,DB00765
DB00543,2,DB05271
DB08815,2,DB05271
DB00206,2,DB00765
DB00934,2,DB00765
DB00625,2,DB00268
DB00679,2,DB05271
DB01624,2,DB05271
DB00771,2,DB00268
DB12532,2,DB00413
DB00454,2,DB00413
DB00540,2,DB00413
DB01227,2,DB05271
DB00363,2,DB00413
DB01065,2,DB00765
DB00628,2,DB05271
DB00652,2,DB05271
DB01267,2,DB00765
DB01567,2,DB00413
DB01068,2,DB00765
DB00333,2,DB00413
DB00697,2,DB00765
DB01192,2,DB00413
DB06770,2,DB00765
DB00423,2,DB00765
DB00904,2,DB05271
DB04946,2,DB00268
DB06770,2,DB00268
DB00371,2,DB00413
DB00323,2,DB00413
DB01236,2,DB00765
DB00231,2,DB00268
DB00454,2,DB05271
DB00555,2,DB00268
DB09225,2,DB05271
DB01161,2,DB00765
DB00341,2,DB00413
DB13025,2,DB00413
DB00794,2,DB00268
DB01463,2,DB00765
DB01580,2,DB00268
DB01224,2,DB00413
DB00484,2,DB00268
DB00543,2,DB00765
DB00356,2,DB05271
DB01219,2,DB05271
DB06282,2,DB05271
DB01068,2,DB05271
DB00555,2,DB00765
DB00794,2,DB05271
DB00985,2,DB00268
DB00897,2,DB05271
DB01615,2,DB05271
DB00854,2,DB00765
DB06594,2,DB00268
DB01355,2,DB00765
DB00660,2,DB05271
DB00486,2,DB05271
DB06690,2,DB05271
DB00950,2,DB00268
DB01159,2,DB00268
DB00972,2,DB05271
DB04908,2,DB00765
DB00849,2,DB00268
DB01159,2,DB05271
DB04908,2,DB00413
DB00708,2,DB00268
DB08987,2,DB00413
DB04841,2,DB00268
DB00818,2,DB00413
DB06716,2,DB00765
DB01614,2,DB00268
DB01002,2,DB00268
DB00252,2,DB00268
DB13025,2,DB00765
DB00237,2,DB05271
DB13323,2,DB00413
DB00241,2,DB05271
DB12532,2,DB00268
DB00321,2,DB05271
DB00433,2,DB05271
DB09342,2,DB00268
DB01198,2,DB05271
DB00771,2,DB00765
DB00474,2,DB00268
DB00906,2,DB00413
DB01219,2,DB00765
DB01242,2,DB05271
DB00924,2,DB05271
DB00395,2,DB00765
DB01081,2,DB00413
DB00281,2,DB00765
DB00980,2,DB00413
DB00904,2,DB00765
DB00611,2,DB00268
DB00747,2,DB00413
DB00898,2,DB05271
DB00737,2,DB05271
DB09342,2,DB05271
DB00402,2,DB05271
DB00391,2,DB00765
DB00427,2,DB05271
DB00231,2,DB00413
DB00427,2,DB00413
DB00405,2,DB05271
DB06216,2,DB00268
DB09085,2,DB05271
DB01161,2,DB05271
DB00423,2,DB00268
DB09009,2,DB05271
DB00486,2,DB00765
DB01178,2,DB00765
DB00907,2,DB00268
DB00363,2,DB00765
DB00333,2,DB00268
DB01236,2,DB05271
DB00349,2,DB05271
DB06282,2,DB00268
DB00748,2,DB00413
DB00898,2,DB00413
DB00892,2,DB00765
DB01588,2,DB00765
DB00490,2,DB00268
DB01068,2,DB00413
DB00934,2,DB00413
DB00409,2,DB00765
DB01618,2,DB00413
DB00494,2,DB00413
DB00508,2,DB00268
DB00909,2,DB00413
DB00679,2,DB00765
DB00768,2,DB00413
DB09225,2,DB00268
DB00323,2,DB05271
DB00909,2,DB00765
DB00230,2,DB00268
DB00454,2,DB00268
DB00344,2,DB00765
DB01466,2,DB00413
DB00341,2,DB05271
DB00273,2,DB00765
DB00455,2,DB05271
DB00829,2,DB00765
DB00181,2,DB00413
DB01227,2,DB00268
DB06716,2,DB00268
DB01189,2,DB00268
DB00980,2,DB05271
DB08883,2,DB00268
DB01558,2,DB00268
DB00933,2,DB00268
DB08815,2,DB00268
DB01041,2,DB05271
DB09118,2,DB00898
DB01142,2,DB00413
DB00726,2,DB00268
DB00850,2,DB05271
DB00875,2,DB00765
DB11609,2,DB05271
DB00660,2,DB00765
DB09068,2,DB00268
DB00625,2,DB00765
DB06770,2,DB05271
DB01106,2,DB05271
DB00752,2,DB00413
DB00334,2,DB00765
DB01235,2,DB00765
DB00750,2,DB05271
DB00898,2,DB00765
DB01209,2,DB00268
DB00679,2,DB00268
DB01159,2,DB00765
DB00904,2,DB00413
DB01173,2,DB05271
DB00420,2,DB00765
DB00405,2,DB00765
DB00907,2,DB00413
DB00423,2,DB05271
DB00327,2,DB00413
DB01353,2,DB00413
DB00593,2,DB00765
DB01567,2,DB00765
DB00508,2,DB05271
DB00831,2,DB00765
DB00318,2,DB05271
DB01351,2,DB05271
DB09072,2,DB00765
DB00599,2,DB00765
DB00972,2,DB00413
DB06288,2,DB00413
DB00418,2,DB00413
DB00189,2,DB00413
DB00768,2,DB05271
DB00402,2,DB00413
DB00395,2,DB00413
DB00849,2,DB00413
DB01563,2,DB00765
DB00295,2,DB00413
DB01192,2,DB00765
DB00341,2,DB00765
DB00273,2,DB05271
DB01176,2,DB00413
DB01545,2,DB00765
DB00408,2,DB00413
DB01551,2,DB00413
DB13323,2,DB00268
DB00502,2,DB00413
DB09224,2,DB00268
DB04841,2,DB00413
DB00645,2,DB00765
DB01192,2,DB05271
DB13872,2,DB05271
DB00850,2,DB00268
DB01452,2,DB00413
DB00313,2,DB05271
DB00313,2,DB00268
DB01154,2,DB05271
DB00726,2,DB00765
DB00831,2,DB00268
DB01081,2,DB00268
DB00831,2,DB05271
DB01320,2,DB00413
DB01440,2,DB00765
DB00404,2,DB05271
DB00334,2,DB00413
DB00996,2,DB05271
DB09345,2,DB05271
DB00189,2,DB00765
DB00899,2,DB00765
DB01267,2,DB05271
DB01081,2,DB05271
DB01154,2,DB00413
DB00557,2,DB00765
DB01018,2,DB00268
DB00849,2,DB00765
DB09034,2,DB00765
DB00656,2,DB00765
DB00829,2,DB00268
DB01621,2,DB00268
DB00647,2,DB00765
DB00972,2,DB00268
DB09072,2,DB00268
DB01178,2,DB00268
DB00899,2,DB00413
DB01069,2,DB00413
DB09286,2,DB00413
DB00754,2,DB05271
DB08922,2,DB00765
DB09085,2,DB00765
DB01615,2,DB00268
DB00433,2,DB00765
DB01238,2,DB00413
DB00690,2,DB00413
DB00334,2,DB00268
DB00425,2,DB00268
DB00967,2,DB00268
DB00950,2,DB05271
DB00854,2,DB00413
DB01544,2,DB05271
DB09345,2,DB00268
DB06144,2,DB00765
DB00906,2,DB00268
DB06204,2,DB00765
DB06716,2,DB00413
DB01236,2,DB00413
DB01567,2,DB00268
DB00283,2,DB00268
DB06204,2,DB05271
DB00433,2,DB00413
DB01209,2,DB00413
DB00933,2,DB05271
DB13872,2,DB00765
DB00231,2,DB00765
DB01028,2,DB00765
DB00807,2,DB00268
DB01614,2,DB05271
DB00708,2,DB00765
DB09085,2,DB00268
DB01209,2,DB00765
DB01189,2,DB00413
DB06594,2,DB00413
DB00697,2,DB00413
DB01351,2,DB00765
DB00341,2,DB00268
DB00434,2,DB00413
DB00753,2,DB00413
DB00474,2,DB00413
DB06288,2,DB05271
DB01086,2,DB05271
DB00404,2,DB00268
DB00425,2,DB00765
DB01173,2,DB00268
DB00474,2,DB00765
DB00831,2,DB00413
DB00898,2,DB00268
DB00906,2,DB05271
DB00189,2,DB00268
DB01320,2,DB05271
DB00961,2,DB00413
DB00933,2,DB00765
DB00588,2,DB00413
DB08883,2,DB05271
DB00246,2,DB00413
DB05246,2,DB05271
DB00645,2,DB00268
DB01621,2,DB00765
DB01174,2,DB00765
DB00543,2,DB00268
DB01239,2,DB00268
DB00292,2,DB05271
DB00297,2,DB00268
DB01403,2,DB00413
DB00897,2,DB00268
DB06153,2,DB00268
DB00748,2,DB05271
DB01267,2,DB00268
DB00899,2,DB00268
DB04953,2,DB00413
DB00230,2,DB00413
DB00623,2,DB00765
DB00363,2,DB05271
DB00237,2,DB00268
DB01544,2,DB00413
DB00555,2,DB00334
DB09345,2,DB00765
DB01433,2,DB00765
DB00281,2,DB00268
DB01242,2,DB00765
DB00623,2,DB00413
DB00450,2,DB00268
DB04842,2,DB05271
DB01567,2,DB05271
DB08987,2,DB00268
DB06288,2,DB00268
DB00748,2,DB00765
DB00366,2,DB05271
DB00557,2,DB00413
DB06282,2,DB00413
DB01595,2,DB05271
DB00540,2,DB00268
DB00298,2,DB00268
DB00835,2,DB00268
DB00647,2,DB00413
DB00921,2,DB00413
DB00660,2,DB00268
DB00647,2,DB00268
DB00321,2,DB00765
DB00625,2,DB00413
DB00543,2,DB00413
DB09117,2,DB00413
DB00557,2,DB00268
DB01615,2,DB00765
DB00176,2,DB00268
DB04908,2,DB05271
DB09128,2,DB05271
DB00402,2,DB00765
DB00818,2,DB05271
DB00909,2,DB05271
DB01551,2,DB00268
DB00754,2,DB00413
DB00344,2,DB05271
DB01176,2,DB00765
DB01623,2,DB00765
DB00391,2,DB05271
DB08987,2,DB05271
DB01466,2,DB00765
DB01466,2,DB00268
DB00494,2,DB00765
DB00844,2,DB00765
DB00490,2,DB05271
DB06738,2,DB05271
DB00956,2,DB05271
DB01202,2,DB00765
DB01221,2,DB05271
DB00295,2,DB05271
DB00653,2,DB05271
DB00653,2,DB00268
DB00555,2,DB00413
DB00750,2,DB00413
DB01161,2,DB00268
DB01353,2,DB05271
DB00186,2,DB00765
DB00623,2,DB00268
DB00527,2,DB00765
DB09017,2,DB05271
DB09085,2,DB00413
DB00802,2,DB00268
DB01173,2,DB00413
DB01142,2,DB00268
DB00297,2,DB00413
DB01580,2,DB00413
DB01242,2,DB00268
DB00737,2,DB00413
DB00747,2,DB00765
DB01501,2,DB05271
DB00477,2,DB05271
DB01615,2,DB00413
DB00497,2,DB00268
DB00477,2,DB00765
DB09118,2,DB00413
DB00395,2,DB00268
DB01239,2,DB05271
DB01100,2,DB00413
DB00427,2,DB00765
DB00949,2,DB05271
DB08922,2,DB00413
DB01065,2,DB00413
DB00321,2,DB00268
DB01080,2,DB00413
DB01587,2,DB00765
DB01154,2,DB00268
DB00962,2,DB05271
DB00564,2,DB00765
DB00241,2,DB00268
DB00450,2,DB00413
DB00371,2,DB00765
DB01151,2,DB00765
DB01219,2,DB00413
DB00475,2,DB05271
DB00934,2,DB00268
DB01065,2,DB00268
DB01463,2,DB00268
DB01238,2,DB00765
DB00611,2,DB05271
DB01595,2,DB00413
DB06738,2,DB00268
DB00296,2,DB00765
DB00508,2,DB00413
DB01209,2,DB05271
DB00753,2,DB00268
DB06216,2,DB00413
DB00734,2,DB05271
DB00283,2,DB05271
DB00458,2,DB00413
DB01154,2,DB00765
DB04844,2,DB05271
DB00721,2,DB00765
DB09224,2,DB05271
DB01563,2,DB00413
DB00502,2,DB00765
DB01142,2,DB05271
DB01320,2,DB00268
DB00967,2,DB05271
DB01219,2,DB00268
DB05246,2,DB00765
DB01002,2,DB00413
DB00967,2,DB00765
DB00907,2,DB00765
DB00193,2,DB00413
DB06144,2,DB05271
DB01075,2,DB00413
DB01624,2,DB00765
DB01621,2,DB00413
DB00230,2,DB05271
DB08872,2,DB00413
DB06204,2,DB00268
DB00818,2,DB00765
DB01189,2,DB00765
DB00237,2,DB00413
DB01114,2,DB00413
DB00850,2,DB00413
DB01267,2,DB00413
DB01159,2,DB00413
DB00527,2,DB00413
DB00752,2,DB00268
DB06153,2,DB00765
DB01452,2,DB05271
DB00349,2,DB00413
DB00961,2,DB00765
DB06594,2,DB05271
DB00656,2,DB05271
DB01558,2,DB05271
DB00683,2,DB00765
DB00418,2,DB00268
DB00967,2,DB00413
DB01202,2,DB00413
DB09068,2,DB00413
DB01239,2,DB00765
DB09009,2,DB00413
DB06738,2,DB00413
DB09071,2,DB05271
DB00228,2,DB05271
DB00371,2,DB00268
DB04841,2,DB05271
DB00363,2,DB00268
DB00312,2,DB00413
DB06282,2,DB00765
DB00405,2,DB00413
DB00408,2,DB05271
DB00575,2,DB00268
DB00985,2,DB00413
DB00934,2,DB05271
DB01215,2,DB05271
DB01227,2,DB00413
DB00726,2,DB05271
DB00652,2,DB00268
DB00802,2,DB05271
DB01551,2,DB05271
DB01069,2,DB05271
DB00907,2,DB05271
DB00295,2,DB00268
DB00497,2,DB00765
DB00623,2,DB05271
DB00721,2,DB00413
DB00318,2,DB00765
DB00564,2,DB00413
DB09068,2,DB00765
DB00555,2,DB05271
DB00807,2,DB00413
DB00628,2,DB00413
DB01545,2,DB00413
DB00298,2,DB00765
DB08815,2,DB00765
DB00186,2,DB05271
DB00450,2,DB05271
DB01403,2,DB00765
DB00333,2,DB05271
DB00854,3,DB01104
DB00490,3,DB04896
DB00924,3,DB00182
DB09245,3,DB00540
DB00889,3,DB00476
DB00904,3,DB06700
DB00647,3,DB01175
DB00776,3,DB01037
DB00802,3,DB06700
DB11699,3,DB00285
DB01626,3,DB09241
DB00377,3,DB01247
DB00150,3,DB09068
DB00904,3,DB04871
DB00757,3,DB00454
DB00805,3,DB00334
DB00924,3,DB09241
DB00924,3,DB01037
DB00377,3,DB04871
DB00904,3,DB01247
DB00757,3,DB00215
DB00614,3,DB00344
DB09042,3,DB01200
DB00377,3,DB00924
DB09042,3,DB00780
DB00854,3,DB00472
DB09244,3,DB01149
DB11699,3,DB09042
DB00377,3,DB00540
DB00802,3,DB00476
DB01626,3,DB00458
DB09042,3,DB00953
DB01367,3,DB00514
DB01433,3,DB00285
DB09244,3,DB01175
DB09245,3,DB09167
DB11699,3,DB00952
DB09042,3,DB01175
DB00614,3,DB00215
DB09042,3,DB00715
DB00921,3,DB01175
DB09245,3,DB08918
DB00899,3,DB04896
DB00956,3,DB06700
DB00377,3,DB00952
DB11699,3,DB00320
DB09209,3,DB09245
DB00614,3,DB00334
DB00752,3,DB00514
DB00150,3,DB09244
DB00614,3,DB00540
DB01247,3,DB09241
DB11609,3,DB08918
DB00899,3,DB00215
DB00614,3,DB00176
DB00601,3,DB00726
DB11699,3,DB08918
DB09245,3,DB00715
DB00904,3,DB01037
DB00285,3,DB00514
DB09042,3,DB00752
DB00476,3,DB00924
DB08918,3,DB09241
DB11699,3,DB01356
DB00611,3,DB00715
DB00904,3,DB00490
DB01192,3,DB08918
DB01168,3,DB00514
DB00377,3,DB00321
DB00889,3,DB09042
DB01227,3,DB04896
DB00150,3,DB00904
DB00889,3,DB00998
DB00327,3,DB04896
DB01209,3,DB00476
DB00150,3,DB00497
DB00490,3,DB00215
DB11609,3,DB00472
DB00844,3,DB01175
DB01452,3,DB00476
DB00377,3,DB00215
DB09042,3,DB00285
DB01466,3,DB04896
DB00377,3,DB00315
DB00757,3,DB00998
DB00601,3,DB01151
DB00601,3,DB00344
DB00757,3,DB01168
DB00904,3,DB00924
DB00327,3,DB06700
DB00150,3,DB00490
DB00472,3,DB09241
DB00757,3,DB06684
DB00601,3,DB00924
DB09244,3,DB00514
DB01356,3,DB04896
DB00150,3,DB00752
DB09042,3,DB01104
DB11699,3,DB01253
DB09244,3,DB08918
DB00497,3,DB04896
DB11699,3,DB01037
DB01452,3,DB04896
DB00327,3,DB01175
DB00899,3,DB01149
DB09042,3,DB00540
DB00150,3,DB01156
DB00150,3,DB00540
DB01356,3,DB00285
DB00844,3,DB00715
DB00921,3,DB08918
DB01168,3,DB09241
DB09209,3,DB01626
DB00854,3,DB08918
DB01356,3,DB00715
DB00458,3,DB09241
DB00150,3,DB00333
DB00715,3,DB09241
DB00490,3,DB00334
DB11699,3,DB01104
DB00889,3,DB00454
DB00150,3,DB00476
DB01433,3,DB04896
DB09245,3,DB00656
DB00150,3,DB01151
DB11699,3,DB00696
DB00757,3,DB00514
DB01466,3,DB06700
DB00805,3,DB00540
DB09244,3,DB00215
DB00150,3,DB00907
DB11699,3,DB00813
DB09209,3,DB00182
DB01037,3,DB00514
DB11609,3,DB00476
DB00889,3,DB01247
DB00377,3,DB00514
DB01104,3,DB00514
DB00321,3,DB09241
DB00708,3,DB04896
DB00476,3,DB09167
DB00924,3,DB09245
DB09042,3,DB00333
DB00497,3,DB01175
DB01433,3,DB00476
DB01433,3,DB00472
DB00889,3,DB00514
DB09245,3,DB00514
DB00490,3,DB09068
DB00377,3,DB00216
DB00377,3,DB01175
DB00904,3,DB00315
DB00924,3,DB01626
DB00377,3,DB01253
DB00934,3,DB09241
DB00904,3,DB01175
DB00318,3,DB08918
DB09042,3,DB00458
DB00182,3,DB00514
DB00708,3,DB06700
DB00652,3,DB00476
DB00899,3,DB00472
DB09042,3,DB00696
DB00757,3,DB06700
DB00476,3,DB09289
DB09042,3,DB06700
DB00476,3,DB09241
DB00652,3,DB00715
DB09244,3,DB04896
DB00150,3,DB00953
DB01626,3,DB00715
DB01551,3,DB08918
DB00904,3,DB01168
DB00377,3,DB01104
DB09244,3,DB09167
DB01227,3,DB00715
DB00150,3,DB00889
DB11699,3,DB00344
DB01356,3,DB01149
DB00757,3,DB01037
DB00780,3,DB00514
DB00150,3,DB00215
DB00904,3,DB00918
DB09042,3,DB00320
DB00889,3,DB01367
DB09244,3,DB01242
DB01081,3,DB00285
DB00150,3,DB00614
DB00182,3,DB09241
DB01626,3,DB01149
DB00889,3,DB04896
DB00490,3,DB08918
DB09245,3,DB00344
DB00757,3,DB00918
DB00611,3,DB01104
DB00601,3,DB00458
DB00924,3,DB09244
DB01081,3,DB06700
DB00889,3,DB00780
DB00377,3,DB01151
DB09042,3,DB01168
DB11699,3,DB00780
DB01551,3,DB06700
DB00889,3,DB00248
DB01356,3,DB06700
DB06700,3,DB00514
DB00757,3,DB00813
DB00614,3,DB00514
DB09209,3,DB00614
DB11699,3,DB01149
DB00899,3,DB00285
DB00805,3,DB08918
DB00476,3,DB00726
DB00601,3,DB04896
DB00708,3,DB01104
DB00904,3,DB00752
DB01626,3,DB00334
DB11699,3,DB00953
DB01192,3,DB01175
DB00802,3,DB04896
DB00805,3,DB00656
DB00601,3,DB00176
DB00757,3,DB04871
DB00490,3,DB00543
DB01227,3,DB01175
DB00844,3,DB01104
DB00844,3,DB06700
DB00889,3,DB01171
DB11609,3,DB06700
DB09042,3,DB01151
DB09241,3,DB00514
DB00150,3,DB00176
DB01626,3,DB00215
DB11699,3,DB01171
DB00805,3,DB00514
DB00150,3,DB09245
DB00476,3,DB01151
DB00904,3,DB01367
DB01452,3,DB01175
DB01209,3,DB00715
DB09244,3,DB06700
DB11699,3,DB00321
DB00377,3,DB00490
DB01626,3,DB08918
DB00647,3,DB06700
DB09245,3,DB00458
DB11609,3,DB01104
DB01367,3,DB09241
DB00924,3,DB01168
DB01626,3,DB01242
DB11699,3,DB00476
DB00150,3,DB00315
DB01192,3,DB06700
DB01433,3,DB06700
DB09042,3,DB00476
DB00647,3,DB01104
DB00614,3,DB01104
DB00150,3,DB00193
DB00476,3,DB01142
DB00377,3,DB01356
DB01626,3,DB00472
DB00780,3,DB09241
DB00904,3,DB00248
DB00647,3,DB00472
DB11699,3,DB09068
DB01356,3,DB00215
DB09042,3,DB00669
DB00889,3,DB06700
DB11699,3,DB00176
DB09042,3,DB00193
DB09042,3,DB00472
DB09042,3,DB00952
DB11699,3,DB00454
DB00844,3,DB01149
DB09042,3,DB06684
DB00476,3,DB00344
DB00614,3,DB09241
DB11699,3,DB00918
DB00889,3,DB01200
DB11699,3,DB01247
DB00490,3,DB00476
DB00377,3,DB00918
DB11699,3,DB04896
DB00601,3,DB01242
DB00285,3,DB00334
DB00377,3,DB01142
DB01171,3,DB00514
DB00708,3,DB00472
DB00904,3,DB01253
DB00805,3,DB04896
DB00904,3,DB00601
DB11699,3,DB01069
DB00805,3,DB00321
DB11699,3,DB00216
DB00844,3,DB00472
DB00176,3,DB00514
DB11699,3,DB00752
DB01209,3,DB01149
DB00150,3,DB01037
DB11699,3,DB00514
DB11699,3,DB00370
DB09042,3,DB00216
DB01227,3,DB00476
DB00652,3,DB01104
DB01081,3,DB00476
DB11699,3,DB01142
DB09042,3,DB01171
DB04896,3,DB09241
DB11699,3,DB04871
DB01192,3,DB04896
DB00150,3,DB00669
DB00285,3,DB00656
DB09244,3,DB01151
DB11699,3,DB01175
DB00805,3,DB01175
DB00285,3,DB09241
DB00805,3,DB00726
DB01356,3,DB00472
DB00295,3,DB06700
DB06738,3,DB08918
DB00805,3,DB00344
DB00726,3,DB09241
DB09245,3,DB00321
DB00956,3,DB04896
DB09042,3,DB01242
DB00854,3,DB01149
DB00708,3,DB00715
DB00150,3,DB01356
DB09244,3,DB09241
DB11699,3,DB06684
DB00150,3,DB01367
DB01356,3,DB08918
DB00215,3,DB00514
DB00921,3,DB06700
DB00854,3,DB06700
DB00150,3,DB00285
DB01466,3,DB08918
DB00327,3,DB08918
DB00752,3,DB09167
DB00150,3,DB00472
DB11699,3,DB00458
DB09042,3,DB01356
DB00757,3,DB00216
DB11699,3,DB00726
DB01626,3,DB09167
DB00490,3,DB00176
DB09042,3,DB00315
DB09209,3,DB09244
DB00921,3,DB04896
DB00752,3,DB09241
DB09042,3,DB00543
DB00652,3,DB01149
DB00614,3,DB00285
DB09167,3,DB09241
DB01104,3,DB09241
DB00889,3,DB00696
DB09042,3,DB09068
DB09042,3,DB00934
DB01081,3,DB01104
DB00318,3,DB04896
DB00150,3,DB01171
DB00377,3,DB00476
DB01626,3,DB00656
DB00377,3,DB00780
DB00715,3,DB00514
DB00924,3,DB01367
DB00614,3,DB00458
DB00601,3,DB06700
DB00476,3,DB00514
DB00924,3,DB00752
DB01356,3,DB01104
DB06700,3,DB09241
DB09245,3,DB00285
DB11609,3,DB01149
DB11699,3,DB00543
DB01452,3,DB01104
DB04896,3,DB00514
DB06700,3,DB00334
DB00889,3,DB00918
DB09245,3,DB01104
DB01626,3,DB00540
DB01209,3,DB08918
DB00889,3,DB06684
DB00377,3,DB01242
DB09245,3,DB00472
DB00924,3,DB00805
DB00647,3,DB00215
DB00377,3,DB00656
DB00295,3,DB04896
DB00150,3,DB00656
DB00708,3,DB00215
DB11699,3,DB00315
DB09209,3,DB01171
DB01433,3,DB01104
DB11699,3,DB00656
DB00904,3,DB00216
DB01452,3,DB00472
DB00476,3,DB00334
DB09042,3,DB00998
DB00904,3,DB00780
DB00889,3,DB09068
DB00780,3,DB09167
DB00150,3,DB00458
DB00889,3,DB00924
DB00377,3,DB00543
DB11609,3,DB04896
DB01209,3,DB04896
DB01551,3,DB01175
DB01433,3,DB01149
DB09245,3,DB00215
DB00904,3,DB00998
DB00757,3,DB00696
DB01626,3,DB00726
DB00150,3,DB00454
DB01175,3,DB09241
DB01209,3,DB00215
DB01209,3,DB01104
DB11699,3,DB00490
DB01551,3,DB04896
DB06738,3,DB01175
DB00150,3,DB00998
DB11609,3,DB00715
DB09042,3,DB00726
DB00614,3,DB00476
DB00757,3,DB09042
DB06738,3,DB04896
DB00150,3,DB06654
DB01227,3,DB00472
DB09245,3,DB00543
DB01626,3,DB01151
DB00757,3,DB00780
DB11609,3,DB00285
DB09244,3,DB00344
DB09209,3,DB00780
DB06738,3,DB06700
DB00150,3,DB04896
DB00904,3,DB04896
DB00889,3,DB08918
DB00904,3,DB08918
DB00344,3,DB09241
DB01433,3,DB08918
DB00150,3,DB06684
DB11699,3,DB00924
DB00889,3,DB00601
DB00854,3,DB00215
DB11699,3,DB01168
DB01171,3,DB09241
DB01227,3,DB08918
DB09042,3,DB08918
DB09042,3,DB04871
DB00377,3,DB00333
DB00150,3,DB01233
DB01626,3,DB00176
DB09244,3,DB00540
DB00377,3,DB00370
DB00377,3,DB00998
DB00476,3,DB00540
DB00757,3,DB01171
DB01227,3,DB00215
DB00904,3,DB00952
DB00956,3,DB01175
DB00601,3,DB01149
DB09244,3,DB00458
DB00601,3,DB08918
DB00540,3,DB09241
DB00854,3,DB01175
DB08918,3,DB00514
DB00497,3,DB08918
DB09245,3,DB06700
DB00757,3,DB08918
DB00150,3,DB00918
DB00150,3,DB09241
DB00377,3,DB01367
DB00150,3,DB01247
DB09245,3,DB00176
DB09245,3,DB00726
DB00899,3,DB01175
DB00899,3,DB00715
DB00497,3,DB06700
DB00614,3,DB00726
DB00614,3,DB06700
DB00904,3,DB00669
DB00611,3,DB08918
DB00377,3,DB00248
DB09042,3,DB00514
DB09209,3,DB00752
DB09245,3,DB01242
DB00150,3,DB01104
DB01452,3,DB08918
DB00757,3,DB01367
DB01227,3,DB06700
DB00889,3,DB00953
DB01452,3,DB06700
DB00150,3,DB06204
DB00647,3,DB00715
DB09244,3,DB01104
DB00377,3,DB00458
DB00150,3,DB08918
DB00150,3,DB00601
DB01081,3,DB01149
DB00601,3,DB00543
DB00854,3,DB00476
DB00150,3,DB00726
DB01433,3,DB00715
DB00476,3,DB00543
DB01626,3,DB00514
DB01247,3,DB00514
DB01433,3,DB01175
DB00757,3,DB00924
DB00543,3,DB09241
DB00614,3,DB09167
DB00377,3,DB01069
DB00601,3,DB00472
DB09042,3,DB01247
DB00490,3,DB01175
DB00924,3,DB01171
DB00899,3,DB08918
DB09244,3,DB00656
DB00601,3,DB01104
DB00904,3,DB00215
DB00182,3,DB00656
DB00805,3,DB01149
DB00757,3,DB00315
DB00854,3,DB04896
DB01242,3,DB09241
DB01209,3,DB00285
DB00899,3,DB01104
DB00295,3,DB01175
DB01209,3,DB06700
DB08918,3,DB00334
DB11699,3,DB00472
DB01452,3,DB00215
DB00802,3,DB01104
DB11699,3,DB01242
DB09244,3,DB00285
DB01356,3,DB01175
DB00377,3,DB08918
DB01356,3,DB00176
DB00611,3,DB01175
DB00614,3,DB01149
DB00490,3,DB06700
DB11609,3,DB01175
DB00844,3,DB00285
DB00899,3,DB06700
DB00802,3,DB00715
DB00176,3,DB09241
DB00601,3,DB00215
DB00614,3,DB04896
DB00476,3,DB00458
DB09244,3,DB00715
DB11699,3,DB01367
DB00805,3,DB09241
DB01356,3,DB00476
DB00889,3,DB01175
DB00854,3,DB00285
DB00150,3,DB00370
DB11699,3,DB00248
DB09042,3,DB00918
DB01433,3,DB00215
DB01142,3,DB09241
DB00904,3,DB01171
DB00377,3,DB01168
DB09167,4,DB01255
DB00726,4,DB00182
DB01242,4,DB00937
DB09167,4,DB00937
DB00321,4,DB01255
DB00321,4,DB00937
DB00321,4,DB01576
DB01242,4,DB01255
DB00726,4,DB00937
DB09167,4,DB09352
DB00458,4,DB01255
DB00344,4,DB00182
DB09289,4,DB09352
DB00543,4,DB09352
DB09167,4,DB00191
DB00924,4,DB00937
DB00458,4,DB09352
DB00344,4,DB09352
DB00344,4,DB01576
DB00344,4,DB01255
DB00458,4,DB00937
DB00458,4,DB00191
DB00344,4,DB00191
DB00540,4,DB01576
DB00543,4,DB00937
DB00543,4,DB01255
DB00726,4,DB01576
DB00344,4,DB00937
DB01151,4,DB01255
DB00726,4,DB01255
DB00540,4,DB00937
DB01151,4,DB00191
DB00540,4,DB00191
DB09289,4,DB01255
DB00726,4,DB09352
DB09289,4,DB01576
DB09289,4,DB00191
DB00726,4,DB00191
DB00924,4,DB00191
DB06700,5,DB00935
DB00476,5,DB01288
DB00476,5,DB00871
DB00486,5,DB00610
DB08918,5,DB00983
DB00285,5,DB06711
DB04896,5,DB00751
DB00285,5,DB00221
DB01062,5,DB00470
DB00804,5,DB00470
DB08918,5,DB01365
DB08918,5,DB00610
DB00809,5,DB00486
DB00285,5,DB08893
DB00462,5,DB00470
DB00782,5,DB00486
DB11315,5,DB00470
DB00470,5,DB08941
DB06700,5,DB00983
DB00809,5,DB00470
DB06700,5,DB08957
DB00424,5,DB00470
DB09076,5,DB00470
DB01036,5,DB00470
DB06700,5,DB00867
DB00470,5,DB06764
DB00462,5,DB00486
DB04896,5,DB00633
DB00476,5,DB01274
DB00387,5,DB00470
DB01339,5,DB00486
DB00470,5,DB01365
DB04896,5,DB01366
DB00285,5,DB01274
DB00219,5,DB00470
DB08918,5,DB00938
DB04896,5,DB00723
DB00285,5,DB00852
DB04896,5,DB01288
DB00476,5,DB00938
DB00476,5,DB06152
DB00470,5,DB00182
DB00486,5,DB00397
DB00486,5,DB00368
DB00245,5,DB00470
DB06700,5,DB01364
DB00376,5,DB00470
DB00289,5,DB01291
DB00476,5,DB01364
DB00476,5,DB00610
DB00470,5,DB00852
DB04896,5,DB06152
DB00289,5,DB00221
DB08918,5,DB01366
DB00376,5,DB00486
DB08918,5,DB00211
DB04896,5,DB01102
DB04896,5,DB00964
DB00486,5,DB08941
DB00986,5,DB00486
DB00340,5,DB00470
DB00470,5,DB01366
DB04896,5,DB01274
DB00470,5,DB00211
DB00392,5,DB00470
DB04896,5,DB00388
DB00285,5,DB08957
DB00392,5,DB00486
DB04896,5,DB00449
DB04896,5,DB04861
DB00470,5,DB00935
DB06700,5,DB06262
DB08918,5,DB01364
DB00289,5,DB05039
DB00340,5,DB00486
DB00476,5,DB00668
DB06700,5,DB00668
DB08918,5,DB00867
DB00470,5,DB04846
DB06700,5,DB00368
DB00285,5,DB01291
DB04896,5,DB00575
DB00486,5,DB01288
DB06700,5,DB01366
DB00470,5,DB00865
DB08918,5,DB00368
DB00476,5,DB00397
DB06700,5,DB01407
DB00470,5,DB00871
DB00486,5,DB00935
DB00285,5,DB01288
DB06700,5,DB08893
DB00289,5,DB09080
DB06700,5,DB01001
DB00476,5,DB01001
DB06700,5,DB00575
DB00486,5,DB00598
DB04896,5,DB01064
DB01591,5,DB00470
DB00285,5,DB00449
DB06700,5,DB01365
DB00476,5,DB01102
DB08918,5,DB06711
DB00657,5,DB00486
DB00486,5,DB01366
DB08918,5,DB00852
DB04896,5,DB00935
DB00470,5,DB00668
DB06700,5,DB09080
DB06700,5,DB00211
DB08918,5,DB00935
DB00486,5,DB01407
DB06700,5,DB04948
DB04896,5,DB00397
DB06700,5,DB00629
DB01337,5,DB00486
DB01090,5,DB00470
DB00470,5,DB00610
DB00486,5,DB00830
DB04896,5,DB00871
DB00486,5,DB00988
DB04896,5,DB01365
DB06700,5,DB00964
DB06700,5,DB00484
DB00470,5,DB01288
DB00476,5,DB00211
DB06702,5,DB00486
DB04896,5,DB01018
DB00470,5,DB09352
DB06700,5,DB01274
DB06700,5,DB06152
DB00476,5,DB01365
DB06700,5,DB00388
DB08918,5,DB08893
DB00285,5,DB01102
DB00245,5,DB00486
DB04896,5,DB00968
DB00486,5,DB00865
DB00285,5,DB08941
DB04896,5,DB00484
DB00285,5,DB00816
DB06700,5,DB01288
DB00470,5,DB00368
DB01116,5,DB00470
DB00289,5,DB01408
DB00285,5,DB00668
DB08918,5,DB00397
DB08918,5,DB00633
DB01116,5,DB00486
DB04896,5,DB00852
DB00285,5,DB00397
DB04896,5,DB08957
DB00486,5,DB04846
DB00470,5,DB00841
DB06700,5,DB04861
DB00285,5,DB00629
DB08918,5,DB01064
DB00289,5,DB13139
DB00470,5,DB01407
DB04896,5,DB01407
DB00486,5,DB00723
DB00979,5,DB00470
DB00285,5,DB06262
DB08918,5,DB00484
DB08918,5,DB06152
DB00732,5,DB00486
DB00332,5,DB00486
DB00289,5,DB01001
DB00285,5,DB01407
DB00486,5,DB01577
DB00289,5,DB01102
DB08918,5,DB00449
DB00285,5,DB00633
DB08918,5,DB01102
DB04896,5,DB06262
DB08918,5,DB04861
DB06700,5,DB00610
DB06700,5,DB06711
DB00476,5,DB00841
DB00470,5,DB01193
DB00476,5,DB00867
DB00285,5,DB00964
DB00486,5,DB00191
DB00476,5,DB00221
DB06700,5,DB01018
DB00486,5,DB00852
DB00496,5,DB00470
DB00476,5,DB00629
DB00285,5,DB01365
DB04896,5,DB06711
DB08918,5,DB01274
DB08918,5,DB00871
DB06700,5,DB01291
DB00285,5,DB00871
DB00476,5,DB06711
DB00486,5,DB06152
DB00285,5,DB06152
DB06700,5,DB00221
DB00486,5,DB00871
DB00908,5,DB00470
DB01409,5,DB00486
DB00289,5,DB00983
DB00285,5,DB00983
DB06700,5,DB01102
DB00285,5,DB00575
DB01591,5,DB00486
DB00285,5,DB01001
DB00476,5,DB01407
DB08918,5,DB01407
DB00517,5,DB00470
DB08918,5,DB01288
DB08897,5,DB00470
DB06700,5,DB00968
DB00285,5,DB00697
DB00486,5,DB06764
DB11315,5,DB00486
DB00476,5,DB00388
DB00285,5,DB00935
DB06700,5,DB00852
DB04896,5,DB00221
DB00470,5,DB00598
DB01199,5,DB00470
DB04896,5,DB00368
DB00289,5,DB09082
DB00670,5,DB00470
DB00940,5,DB00486
DB00476,5,DB01291
DB00486,5,DB00182
DB04896,5,DB00867
DB00483,5,DB00470
DB00732,5,DB00470
DB01036,5,DB00486
DB00476,5,DB00816
DB00209,5,DB00486
DB00486,5,DB09352
DB00476,5,DB00723
DB00810,5,DB00470
DB00486,5,DB01064
DB00285,5,DB00723
DB01339,5,DB00470
DB06700,5,DB00723
DB00486,5,DB01364
DB08918,5,DB08941
DB00908,5,DB00486
DB00657,5,DB00470
DB00476,5,DB00852
DB00219,5,DB00486
DB04896,5,DB00211
DB00209,5,DB00470
DB00387,5,DB00486
DB01409,5,DB00470
DB00476,5,DB00449
DB08918,5,DB09080
DB00470,5,DB00397
DB06700,5,DB08941
DB06700,5,DB00816
DB00289,5,DB01274
DB00470,5,DB01577
DB00285,5,DB00751
DB08918,5,DB00841
DB00749,6,DB01357
DB00461,6,DB00977
DB00655,6,DB01041
DB00755,6,DB01022
DB04573,6,DB00480
DB00461,6,DB01357
DB00367,6,DB01041
DB00482,6,DB04575
DB00755,6,DB00302
DB00461,6,DB00255
DB01628,6,DB00977
DB00302,6,DB00957
DB00755,6,DB00513
DB00302,6,DB06730
DB01628,6,DB01357
DB01196,6,DB01041
DB00890,6,DB00480
DB01283,6,DB00255
DB08439,6,DB04573
DB00302,6,DB00823
DB01357,6,DB01041
DB01395,6,DB01041
DB01283,6,DB04573
DB06730,6,DB01041
DB01234,6,DB00480
DB00302,6,DB09123
DB00482,6,DB00655
DB00783,6,DB01041
DB00977,6,DB01041
DB09123,6,DB01041
DB00461,6,DB00655
DB00461,6,DB04575
DB00302,6,DB06713
DB01283,6,DB04575
DB00755,6,DB00170
DB00977,6,DB00302
DB01357,6,DB00480
DB00977,6,DB00480
DB00255,6,DB01041
DB00461,6,DB00783
DB01283,6,DB00655
DB00302,6,DB00304
DB01283,6,DB00783
DB08439,6,DB00255
DB00783,6,DB00480
DB01628,6,DB04575
DB00749,6,DB04575
DB01628,6,DB00655
DB08439,6,DB00783
DB00304,6,DB01041
DB01283,6,DB09070
DB00482,6,DB00783
DB01283,6,DB00890
DB00890,6,DB01041
DB04573,6,DB01041
DB00255,6,DB00302
DB01283,6,DB01357
DB00749,6,DB00783
DB00749,6,DB04573
DB00482,6,DB00255
DB00890,6,DB00302
DB00749,6,DB00890
DB00461,6,DB09070
DB00749,6,DB00655
DB00749,6,DB00977
DB06713,6,DB01041
DB04574,6,DB01041
DB01628,6,DB00255
DB00302,6,DB01395
DB00482,6,DB00977
DB00461,6,DB04573
DB01628,6,DB04573
DB00655,6,DB00480
DB01628,6,DB00890
DB00482,6,DB01357
DB01199,7,DB00761
DB01062,7,DB00761
DB00483,7,DB00761
DB01337,7,DB00761
DB12278,7,DB00761
DB00219,7,DB00761
DB01409,7,DB00761
DB00908,7,DB00761
DB00340,7,DB00761
DB01339,7,DB00761
DB00332,7,DB00761
DB00810,7,DB00761
DB01591,7,DB00761
DB01116,7,DB00761
DB01338,7,DB00761
DB00967,7,DB00761
DB00245,7,DB00761
DB01173,7,DB00761
DB00209,7,DB00761
DB06702,7,DB00761
DB00782,7,DB00761
DB00670,7,DB00761
DB00387,7,DB00761
DB00496,7,DB00761
DB00517,7,DB00761
DB00424,7,DB00761
DB01036,7,DB00761
DB00376,7,DB00761
DB00572,7,DB00761
DB11315,7,DB00761
DB01136,8,DB01253
DB00248,8,DB00714
DB08807,8,DB00353
DB01210,8,DB00320
DB00353,8,DB00952
DB00353,8,DB00216
DB01214,8,DB00696
DB01214,8,DB00353
DB00612,8,DB00248
DB00489,8,DB01253
DB04861,8,DB01253
DB09204,8,DB00353
DB00960,8,DB00353
DB00353,8,DB00315
DB04846,8,DB00353
DB01295,8,DB01253
DB01295,8,DB00248
DB00187,8,DB01253
DB00866,8,DB00353
DB00335,8,DB00353
DB00353,8,DB00953
DB01203,8,DB01253
DB08808,8,DB00248
DB00264,8,DB01253
DB01210,8,DB00248
DB01193,8,DB00248
DB01214,8,DB00320
DB01200,8,DB00589
DB00521,8,DB01253
DB00696,8,DB00589
DB00248,8,DB01186
DB01297,8,DB00248
DB00571,8,DB01253
DB04846,8,DB01253
DB00696,8,DB01186
DB01210,8,DB01200
DB00264,8,DB00353
DB00489,8,DB00353
DB01136,8,DB00353
DB01193,8,DB00353
DB01297,8,DB00353
DB00598,8,DB01253
DB01253,8,DB01186
DB01359,8,DB00353
DB00353,8,DB00669
DB00248,8,DB00589
DB00353,8,DB09068
DB01359,8,DB00248
DB00353,8,DB00918
DB01203,8,DB00353
DB01203,8,DB00248
DB00353,8,DB06684
DB01200,8,DB01186
DB00866,8,DB00248
DB01580,8,DB00248
DB01210,8,DB00353
DB00960,8,DB00248
DB00187,8,DB00248
DB00960,8,DB01253
DB00866,8,DB01253
DB08807,8,DB00248
DB00373,8,DB00248
DB01580,8,DB00353
DB00320,8,DB00714
DB04861,8,DB00353
DB00598,8,DB00248
DB00248,8,DB00268
DB01253,8,DB00268
DB00612,8,DB01253
DB00353,8,DB00714
DB00335,8,DB01253
DB00598,8,DB00353
DB01214,8,DB00248
DB01253,8,DB00589
DB00195,8,DB00248
DB00521,8,DB00353
DB00820,9,DB01613
DB00820,9,DB01020
DB00862,9,DB06154
DB00203,9,DB06154
DB06267,9,DB00883
DB00862,9,DB01613
DB06237,9,DB00883
DB00820,9,DB06154
DB00203,9,DB01613
DB00203,9,DB01612
DB06237,9,DB00727
DB00898,9,DB06154
DB00203,9,DB00727
DB00898,9,DB01020
DB06267,9,DB01613
DB00862,9,DB01612
DB00820,9,DB00727
DB06267,9,DB01020
DB00862,9,DB01020
DB00862,9,DB00883
DB00820,9,DB00883
DB00898,9,DB00883
DB00898,9,DB01613
DB01242,10,DB01365
DB00726,10,DB01365
DB00924,10,DB00388
DB00344,10,DB01365
DB01242,10,DB00388
DB01142,10,DB00723
DB01142,10,DB00610
DB01242,10,DB00211
DB01151,10,DB01365
DB01142,10,DB00388
DB00540,10,DB01365
DB00543,10,DB00723
DB00540,10,DB00610
DB00543,10,DB01365
DB00543,10,DB00610
DB00540,10,DB00211
DB00458,10,DB00723
DB00370,10,DB01365
DB09167,10,DB00610
DB09167,10,DB01365
DB00924,10,DB00610
DB00726,10,DB00211
DB00370,10,DB00211
DB00370,10,DB00388
DB00458,10,DB00211
DB00321,10,DB01365
DB00370,10,DB00610
DB01242,10,DB00723
DB01151,10,DB00723
DB00458,10,DB00388
DB01242,10,DB00610
DB09289,10,DB01365
DB01142,10,DB00211
DB00540,10,DB00388
DB00321,10,DB00610
DB00540,10,DB00723
DB00924,10,DB00211
DB09289,10,DB00388
DB00726,10,DB00388
DB00344,10,DB00723
DB00924,10,DB01365
DB00344,10,DB00388
DB01151,10,DB00388
DB00543,10,DB00211
DB01151,10,DB00211
