d1,r,d2
DB01193,0,DB01251
DB01168,0,DB01067
DB01104,0,DB09038
DB00936,0,DB09038
DB00715,0,DB00839
DB00614,0,DB00284
DB01250,0,DB09038
DB00752,0,DB01067
DB04896,0,DB00834
DB00621,0,DB00412
DB08882,0,DB01067
DB00839,0,DB06791
DB01247,0,DB01120
DB01168,0,DB00731
DB00779,0,DB01016
DB04576,0,DB00263
DB09241,0,DB00359
DB00861,0,DB00280
DB00467,0,DB09038
DB00945,0,DB09038
DB01208,0,DB00731
DB01252,0,DB01016
DB00215,0,DB00412
DB01393,0,DB01251
DB00233,0,DB00331
DB01155,0,DB06292
DB01137,0,DB08907
DB01059,0,DB00731
DB00467,0,DB00834
DB01203,0,DB01124
DB00359,0,DB01289
DB00419,0,DB01268
DB01175,0,DB01124
DB00571,0,DB00672
DB01104,0,DB00412
DB00373,0,DB01067
DB01367,0,DB01268
DB00182,0,DB01015
DB06718,0,DB01067
DB00335,0,DB01251
DB00624,0,DB01261
DB00244,0,DB00331
DB00827,0,DB00468
DB00166,0,DB00222
DB00472,0,DB01132
DB06718,0,DB00491
DB09244,0,DB00359
DB00468,0,DB00738
DB00280,0,DB00672
DB00284,0,DB00912
DB00817,0,DB00468
DB01185,0,DB01067
DB08804,0,DB00491
DB01247,0,DB00222
DB08804,0,DB01261
DB00187,0,DB01016
DB01155,0,DB00412
DB00715,0,DB06335
DB01251,0,DB00834
DB00861,0,DB09038
DB00412,0,DB01268
DB06710,0,DB00280
DB00779,0,DB00263
DB01059,0,DB01124
DB09543,0,DB06335
DB00182,0,DB06203
DB01580,0,DB01124
DB00738,0,DB00839
DB00487,0,DB08907
DB01171,0,DB00468
DB01210,0,DB01289
DB06335,0,DB01067
DB06700,0,DB06203
DB00614,0,DB00731
DB00263,0,DB00839
DB00166,0,DB01120
DB00817,0,DB00738
DB00805,0,DB00280
DB00914,0,DB00672
DB00166,0,DB00284
DB00359,0,DB01268
DB01076,0,DB00672
DB01014,0,DB00284
DB01247,0,DB06335
DB01295,0,DB01067
DB06335,0,DB00731
DB01208,0,DB00280
DB00945,0,DB01016
DB00780,0,DB01268
DB04861,0,DB01067
DB04896,0,DB06335
DB01104,0,DB01268
DB01626,0,DB00839
DB04896,0,DB00839
DB01420,0,DB01268
DB01214,0,DB00839
DB00861,0,DB00491
DB00419,0,DB00672
DB08807,0,DB01067
DB00779,0,DB00672
DB00233,0,DB01015
DB00624,0,DB08907
DB01359,0,DB01016
DB04896,0,DB00284
DB01185,0,DB00834
DB00752,0,DB06292
DB01359,0,DB01120
DB09241,0,DB06335
DB00752,0,DB00839
DB08983,0,DB01289
DB06710,0,DB01120
DB01037,0,DB08907
DB01208,0,DB01132
DB00166,0,DB00731
DB08918,0,DB00222
DB01250,0,DB01120
DB01104,0,DB00331
DB00472,0,DB01067
DB01137,0,DB00839
DB00715,0,DB01015
DB01015,0,DB01067
DB06710,0,DB01015
DB01420,0,DB00834
DB01297,0,DB01289
DB00636,0,DB00672
DB08804,0,DB00834
DB00738,0,DB01067
DB01104,0,DB00912
DB00780,0,DB00738
DB01250,0,DB01015
DB06412,0,DB01120
DB00284,0,DB01120
DB08804,0,DB01120
DB08804,0,DB09038
DB00244,0,DB00222
DB00612,0,DB00672
DB08907,0,DB00222
DB09543,0,DB00912
DB00779,0,DB00468
DB00187,0,DB00672
DB00491,0,DB00731
DB00491,0,DB01120
DB06710,0,DB00412
DB08907,0,DB01124
DB00715,0,DB00672
DB00166,0,DB06335
DB00715,0,DB01120
DB08882,0,DB00359
DB00827,0,DB00331
DB11079,0,DB00222
DB01137,0,DB00284
DB00827,0,DB01200
DB04846,0,DB00672
DB01014,0,DB00839
DB01132,0,DB00839
DB06335,0,DB00672
DB00476,0,DB00412
DB01185,0,DB00672
DB00672,0,DB01067
DB01059,0,DB00331
DB01252,0,DB00222
DB00752,0,DB00731
DB00476,0,DB00839
DB01185,0,DB01261
DB00491,0,DB01016
DB00817,0,DB00280
DB00805,0,DB00839
DB00419,0,DB00280
DB00419,0,DB01016
DB11079,0,DB00731
DB00419,0,DB00263
DB06710,0,DB01200
DB01132,0,DB01120
DB00780,0,DB01015
DB08804,0,DB00284
DB00779,0,DB09038
DB00244,0,DB00834
DB00621,0,DB01261
DB00861,0,DB00284
DB06203,0,DB00222
DB00839,0,DB01067
DB08882,0,DB00912
DB00827,0,DB00263
DB06718,0,DB01200
DB00467,0,DB00672
DB06718,0,DB00738
DB09038,0,DB01067
DB00215,0,DB00331
DB06335,0,DB01268
DB00752,0,DB00284
DB00805,0,DB00672
DB00467,0,DB00738
DB00945,0,DB00839
DB01104,0,DB00839
DB06710,0,DB06292
DB00476,0,DB01124
DB00715,0,DB00284
DB00182,0,DB00284
DB11079,0,DB01200
DB00487,0,DB01268
DB04576,0,DB00672
DB00467,0,DB00839
DB00521,0,DB01289
DB00476,0,DB01015
DB09241,0,DB09038
DB00487,0,DB00912
DB00222,0,DB00672
DB04876,0,DB01124
DB08807,0,DB00839
DB01626,0,DB06335
DB01261,0,DB00912
DB01149,0,DB00222
DB04896,0,DB01132
DB01175,0,DB06335
DB00264,0,DB01251
DB01295,0,DB01251
DB00285,0,DB00672
DB00233,0,DB09038
DB01626,0,DB00731
DB06203,0,DB01120
DB01014,0,DB08907
DB00621,0,DB00839
DB00936,0,DB00672
DB08804,0,DB01200
DB01059,0,DB00359
DB01203,0,DB01251
DB00805,0,DB00284
DB01104,0,DB00284
DB01155,0,DB06203
DB00861,0,DB06292
DB04846,0,DB00222
DB00331,0,DB00468
DB01014,0,DB01016
DB06412,0,DB00222
DB01039,0,DB01124
DB01155,0,DB08907
DB09241,0,DB06203
DB01626,0,DB01120
DB00817,0,DB01120
DB00472,0,DB00491
DB04896,0,DB01268
DB00331,0,DB01120
DB00861,0,DB00263
DB01247,0,DB01015
DB00472,0,DB00839
DB00945,0,DB01200
DB06412,0,DB01268
DB00685,0,DB01016
DB01367,0,DB00331
DB08882,0,DB01016
DB01039,0,DB00839
DB01175,0,DB06203
DB01014,0,DB06335
DB01171,0,DB00912
DB00233,0,DB00491
DB00182,0,DB00263
DB06700,0,DB01261
DB00476,0,DB00672
DB01210,0,DB01067
DB01185,0,DB06292
DB00166,0,DB01132
DB04576,0,DB01200
DB00779,0,DB00331
DB06700,0,DB01124
DB00731,0,DB00738
DB09038,0,DB00834
DB09241,0,DB00284
DB00817,0,DB00731
DB09204,0,DB00672
DB00960,0,DB00672
DB06700,0,DB01132
DB08804,0,DB00412
DB00827,0,DB00912
DB00805,0,DB06203
DB11079,0,DB01268
DB06700,0,DB00222
DB00715,0,DB01016
DB04876,0,DB00280
DB04576,0,DB00280
DB08804,0,DB01268
DB01185,0,DB09038
DB01208,0,DB08907
DB00104,0,DB01268
DB09543,0,DB00839
DB01059,0,DB09038
DB00624,0,DB00331
DB08918,0,DB01067
DB06335,0,DB01015
DB01044,0,DB00284
DB00612,0,DB00222
DB01044,0,DB00280
DB09245,0,DB00468
DB06700,0,DB00738
DB00284,0,DB01268
DB00222,0,DB00738
DB01044,0,DB00912
DB09245,0,DB00491
DB01359,0,DB01289
DB01136,0,DB01289
DB01104,0,DB08907
DB00467,0,DB01132
DB08983,0,DB01124
DB01014,0,DB00331
DB00685,0,DB06203
DB01626,0,DB00412
DB00805,0,DB00412
DB09543,0,DB01132
DB01208,0,DB00222
DB00467,0,DB00331
DB00779,0,DB06292
DB04896,0,DB00491
DB08804,0,DB00263
DB00936,0,DB00491
DB00779,0,DB00491
DB00861,0,DB01067
DB00912,0,DB01124
DB01359,0,DB01067
DB01420,0,DB00468
DB00861,0,DB01268
DB00244,0,DB06203
DB00612,0,DB01120
DB01252,0,DB01120
DB06700,0,DB01067
DB09245,0,DB00672
DB00827,0,DB00738
DB00244,0,DB00738
DB00621,0,DB01015
DB00222,0,DB01268
DB01250,0,DB01067
DB00614,0,DB08907
DB04896,0,DB00263
DB01367,0,DB00731
DB00752,0,DB00738
DB06718,0,DB00412
DB09245,0,DB00912
DB00166,0,DB00912
DB01268,0,DB06791
DB06663,0,DB06791
DB01208,0,DB00412
DB06700,0,DB00491
DB00839,0,DB01268
DB00476,0,DB01120
DB01251,0,DB00468
DB06412,0,DB01015
DB08804,0,DB01132
DB01210,0,DB00222
DB00960,0,DB01289
DB11079,0,DB01261
DB01015,0,DB01120
DB01175,0,DB00738
DB00244,0,DB00263
DB08983,0,DB01067
DB00222,0,DB00468
DB00861,0,DB01016
DB04876,0,DB00731
DB01185,0,DB01268
DB00104,0,DB00731
DB01168,0,DB00839
DB00598,0,DB01251
DB09245,0,DB01015
DB06700,0,DB01120
DB09244,0,DB00672
DB01137,0,DB01120
DB01185,0,DB00263
DB01261,0,DB00222
DB04876,0,DB00263
DB00861,0,DB00222
DB06203,0,DB01015
DB06412,0,DB00912
DB06203,0,DB01124
DB01104,0,DB06335
DB00335,0,DB01124
DB00752,0,DB08907
DB00182,0,DB00672
DB01014,0,DB00738
DB01247,0,DB00491
DB01014,0,DB06203
DB01185,0,DB00222
DB09543,0,DB01200
DB00233,0,DB01120
DB00936,0,DB00731
DB00817,0,DB06335
DB00779,0,DB00222
DB00244,0,DB01268
DB01175,0,DB01016
DB00945,0,DB00912
DB00614,0,DB01016
DB00936,0,DB00331
DB00487,0,DB06335
DB01014,0,DB00222
DB01044,0,DB00222
DB04896,0,DB06292
DB00861,0,DB06335
DB00285,0,DB00331
DB00614,0,DB01261
DB01250,0,DB00672
DB00467,0,DB01015
DB00476,0,DB00912
DB01420,0,DB06203
DB00467,0,DB00284
DB01015,0,DB01268
DB00195,0,DB01016
DB00779,0,DB06203
DB00373,0,DB01120
DB04896,0,DB00738
DB08804,0,DB08907
DB00182,0,DB09038
DB00222,0,DB06791
DB00233,0,DB08907
DB01250,0,DB01016
DB09244,0,DB00491
DB08907,0,DB00468
DB00476,0,DB00284
DB01203,0,DB01120
DB01208,0,DB01016
DB00779,0,DB00284
DB01367,0,DB00284
DB09543,0,DB01124
DB00817,0,DB06203
DB00166,0,DB08907
DB09038,0,DB00263
DB06718,0,DB00263
DB09241,0,DB00412
DB00331,0,DB01124
DB00598,0,DB01120
DB01367,0,DB00222
DB01155,0,DB00331
DB06700,0,DB09038
DB00233,0,DB00834
DB00468,0,DB00731
DB01037,0,DB00280
DB09241,0,DB00738
DB00960,0,DB01016
DB01626,0,DB01016
DB04878,0,DB00359
DB04576,0,DB06335
DB01626,0,DB00912
DB00331,0,DB00359
DB00491,0,DB00222
DB01155,0,DB00912
DB00468,0,DB00672
DB01185,0,DB01120
DB00621,0,DB00672
DB01037,0,DB01016
DB04576,0,DB06292
DB00805,0,DB00222
DB06203,0,DB00839
DB00945,0,DB06292
DB06700,0,DB00672
DB00936,0,DB01261
DB00284,0,DB01124
DB06718,0,DB00359
DB00467,0,DB01268
DB00912,0,DB01067
DB00827,0,DB01067
DB00614,0,DB01124
DB01252,0,DB00359
DB00244,0,DB00284
DB01044,0,DB01200
DB01626,0,DB00280
DB06203,0,DB01016
DB00182,0,DB06335
DB04576,0,DB08907
DB01247,0,DB00738
DB09245,0,DB06203
DB09245,0,DB00222
DB00731,0,DB06663
DB00521,0,DB01120
DB00491,0,DB00672
DB04576,0,DB01120
DB04576,0,DB01132
DB06718,0,DB06203
DB00284,0,DB00839
DB01132,0,DB00280
DB00780,0,DB00834
DB01168,0,DB00331
DB01203,0,DB01016
DB04878,0,DB01067
DB04896,0,DB00222
DB01185,0,DB00491
DB00335,0,DB00672
DB00412,0,DB00731
DB01251,0,DB01015
DB04576,0,DB00284
DB00672,0,DB00912
DB06700,0,DB01268
DB01185,0,DB00412
DB01250,0,DB00834
DB01247,0,DB00731
DB00467,0,DB01067
DB00612,0,DB01016
DB09038,0,DB01015
DB06718,0,DB01261
DB06718,0,DB01132
DB01250,0,DB06203
DB01037,0,DB00912
DB09245,0,DB01124
DB00571,0,DB01067
DB01149,0,DB09038
DB06718,0,DB08907
DB01175,0,DB01120
DB00621,0,DB00912
DB00805,0,DB06292
DB00827,0,DB06203
DB00182,0,DB01268
DB00936,0,DB00280
DB01252,0,DB00839
DB00685,0,DB00284
DB01039,0,DB01251
DB06718,0,DB01124
DB06335,0,DB01120
DB01037,0,DB01067
DB00104,0,DB01124
DB08983,0,DB01016
DB00467,0,DB00263
DB01155,0,DB06335
DB00817,0,DB09038
DB01014,0,DB01261
DB01261,0,DB00672
DB01037,0,DB06292
DB01044,0,DB00263
DB00805,0,DB00468
DB00467,0,DB01016
DB01076,0,DB01289
DB00685,0,DB00331
DB09241,0,DB01015
DB01037,0,DB01268
DB01132,0,DB01268
DB00472,0,DB09038
DB06412,0,DB00672
DB13873,0,DB00839
DB00284,0,DB01067
DB01261,0,DB00731
DB01185,0,DB00331
DB01059,0,DB01015
DB00624,0,DB00672
DB01014,0,DB01124
DB08804,0,DB00839
DB09245,0,DB06292
DB08808,0,DB00222
DB00672,0,DB00839
DB01263,0,DB01067
DB04896,0,DB00468
DB01252,0,DB01268
DB01155,0,DB01120
DB00521,0,DB00839
DB01110,0,DB01120
DB00861,0,DB00672
DB00866,0,DB01289
DB08807,0,DB01289
DB01039,0,DB01067
DB09038,0,DB00839
DB00866,0,DB01067
DB00914,0,DB00839
DB04878,0,DB01268
DB01110,0,DB00672
DB09244,0,DB01016
DB01241,0,DB00839
DB06718,0,DB06292
DB00779,0,DB01067
DB01252,0,DB00834
DB01171,0,DB01261
DB00195,0,DB00839
DB01420,0,DB08907
DB01261,0,DB01124
DB04576,0,DB00834
DB00472,0,DB00912
DB00244,0,DB01200
DB00621,0,DB01124
DB04576,0,DB01016
DB00805,0,DB01016
DB00491,0,DB00359
DB09204,0,DB01124
DB04576,0,DB06203
DB00187,0,DB01289
DB04876,0,DB01067
DB00827,0,DB09038
DB00233,0,DB00263
DB01367,0,DB00738
DB11079,0,DB01132
DB09245,0,DB09038
DB00373,0,DB01124
DB06710,0,DB01132
DB04576,0,DB01067
DB01044,0,DB01067
DB01044,0,DB01268
DB09241,0,DB00263
DB09244,0,DB00839
DB00636,0,DB01251
DB00805,0,DB00359
DB06710,0,DB09038
DB09245,0,DB01067
DB01261,0,DB01120
DB06718,0,DB00731
DB00861,0,DB00834
DB13873,0,DB01251
DB00195,0,DB01124
DB01037,0,DB00738
DB00104,0,DB00222
DB06412,0,DB06292
DB00945,0,DB06203
DB09241,0,DB00331
DB00222,0,DB00912
DB01250,0,DB00839
DB08918,0,DB00331
DB01016,0,DB06663
DB01037,0,DB01132
DB11079,0,DB08907
DB00182,0,DB00491
DB00780,0,DB01120
DB09543,0,DB06292
DB00817,0,DB00912
DB00715,0,DB01268
DB00166,0,DB00419
DB00472,0,DB00412
DB01295,0,DB00672
DB00467,0,DB06203
DB04878,0,DB00468
DB01076,0,DB01124
DB00467,0,DB06335
DB09244,0,DB01261
DB00827,0,DB01015
DB00621,0,DB00731
DB01247,0,DB01261
DB00624,0,DB00284
DB01250,0,DB08907
DB00914,0,DB00359
DB01059,0,DB00412
DB09245,0,DB00284
DB01149,0,DB00331
DB01037,0,DB09038
DB00685,0,DB00359
DB01420,0,DB06335
DB01044,0,DB01016
DB00476,0,DB01016
DB00780,0,DB00280
DB04878,0,DB00672
DB01247,0,DB00280
DB01210,0,DB01251
DB01208,0,DB01067
DB00359,0,DB06663
DB04576,0,DB01268
DB01044,0,DB00359
DB01175,0,DB00331
DB01247,0,DB00834
DB09244,0,DB00280
DB08918,0,DB01120
DB00780,0,DB00839
DB04846,0,DB00839
DB00467,0,DB00359
DB01168,0,DB00222
DB01297,0,DB01067
DB08882,0,DB00672
DB08804,0,DB06203
DB00598,0,DB01067
DB00233,0,DB01067
DB01626,0,DB01067
DB00491,0,DB00468
DB09241,0,DB00834
DB00779,0,DB01261
DB00467,0,DB00491
DB01155,0,DB00280
DB01297,0,DB01251
DB01193,0,DB01016
DB09245,0,DB01200
DB01016,0,DB01120
DB00359,0,DB00839
DB01168,0,DB00359
DB01297,0,DB01124
DB00914,0,DB00280
DB00945,0,DB01120
DB01185,0,DB00359
DB00166,0,DB08882
DB00731,0,DB01016
DB00419,0,DB01015
DB00715,0,DB09038
DB08918,0,DB01132
DB01251,0,DB00222
DB00738,0,DB01016
DB01067,0,DB01268
DB01193,0,DB00222
DB00827,0,DB08907
DB08918,0,DB00672
DB01120,0,DB06791
DB00233,0,DB06335
DB00373,0,DB01289
DB00598,0,DB00672
DB01208,0,DB00834
DB01261,0,DB01067
DB00614,0,DB00491
DB01136,0,DB00839
DB00827,0,DB00731
DB01137,0,DB01261
DB00104,0,DB06663
DB01044,0,DB00839
DB11079,0,DB01120
DB00285,0,DB09038
DB01420,0,DB01016
DB06335,0,DB01289
DB00476,0,DB00359
DB00945,0,DB08907
DB00233,0,DB00912
DB09241,0,DB01120
DB00104,0,DB00672
DB00487,0,DB01261
DB00614,0,DB00263
DB00945,0,DB00280
DB00244,0,DB09038
DB00805,0,DB00834
DB06718,0,DB00331
DB01155,0,DB01067
DB00685,0,DB08907
DB00176,0,DB09038
DB01626,0,DB00284
DB00685,0,DB01261
DB08918,0,DB06203
DB00731,0,DB01268
DB01168,0,DB01015
DB09543,0,DB00280
DB01185,0,DB01016
DB00359,0,DB00912
DB01175,0,DB00491
DB01039,0,DB00222
DB01014,0,DB00280
DB00685,0,DB00731
DB01168,0,DB01124
DB09245,0,DB00359
DB06718,0,DB00222
DB06203,0,DB01268
DB01210,0,DB01016
DB09204,0,DB00222
DB00780,0,DB06203
DB00244,0,DB01067
DB00827,0,DB01120
DB00598,0,DB01289
DB01626,0,DB09038
DB04576,0,DB00359
DB01367,0,DB00280
DB01420,0,DB01015
DB06718,0,DB00839
DB00263,0,DB01289
DB01155,0,DB00491
DB00685,0,DB01200
DB00685,0,DB00280
DB00621,0,DB00284
DB01626,0,DB00263
DB01171,0,DB09038
DB00335,0,DB01289
DB00752,0,DB00491
DB00614,0,DB01015
DB09241,0,DB08907
DB01185,0,DB06335
DB00614,0,DB01132
DB09204,0,DB01120
DB00738,0,DB01120
DB01059,0,DB01268
DB00476,0,DB06335
DB04846,0,DB01124
DB08882,0,DB00263
DB01044,0,DB08907
DB04576,0,DB00222
DB01059,0,DB08907
DB09245,0,DB01120
DB00861,0,DB00359
DB09038,0,DB01016
DB00487,0,DB00468
DB00685,0,DB06335
DB00731,0,DB00912
DB00476,0,DB00491
DB00624,0,DB00491
DB00817,0,DB06292
DB01155,0,DB00222
DB01251,0,DB00263
DB00285,0,DB01120
DB01014,0,DB00491
DB00780,0,DB00672
DB01251,0,DB00731
DB01137,0,DB01200
DB01037,0,DB00672
DB01247,0,DB01016
DB00222,0,DB01067
DB01185,0,DB00468
DB00467,0,DB08907
DB04576,0,DB00738
DB09245,0,DB00839
DB00779,0,DB01132
DB06718,0,DB01016
DB09204,0,DB00839
DB01250,0,DB00222
DB01110,0,DB00222
DB01580,0,DB00222
DB00866,0,DB00672
DB01393,0,DB01289
DB00215,0,DB01132
DB00861,0,DB00731
DB00936,0,DB00912
DB00827,0,DB01016
DB09244,0,DB00731
DB01171,0,DB01120
DB00491,0,DB01268
DB00834,0,DB00839
DB01208,0,DB00672
DB08807,0,DB01251
DB00571,0,DB00839
DB00104,0,DB00912
DB01261,0,DB00280
DB01155,0,DB00731
DB01076,0,DB00839
DB09244,0,DB01200
DB00182,0,DB01261
DB00861,0,DB00468
DB01137,0,DB06335
DB00621,0,DB01016
DB00779,0,DB00839
DB00614,0,DB00468
DB00636,0,DB01120
DB00331,0,DB01067
DB00487,0,DB01124
DB01208,0,DB06335
DB01261,0,DB01016
DB00779,0,DB01200
DB00731,0,DB01015
DB01250,0,DB00263
DB00672,0,DB01015
DB00861,0,DB00839
DB00945,0,DB01268
DB01367,0,DB00839
DB00817,0,DB00839
DB00685,0,DB00222
DB08983,0,DB00839
DB08882,0,DB00222
DB00419,0,DB00834
DB08907,0,DB01251
DB00752,0,DB01268
DB09241,0,DB00912
DB08804,0,DB00280
DB00827,0,DB00284
DB01132,0,DB00672
DB06718,0,DB00912
DB00476,0,DB01067
DB00284,0,DB00731
DB00827,0,DB01132
DB01037,0,DB00222
DB04861,0,DB01251
DB01247,0,DB00912
DB06718,0,DB01015
DB06412,0,DB01200
DB01044,0,DB01120
DB01149,0,DB00284
DB00182,0,DB00280
DB00215,0,DB09038
DB01251,0,DB01067
DB09245,0,DB06335
DB01580,0,DB01120
DB09038,0,DB00468
DB00827,0,DB00222
DB01175,0,DB00912
DB00166,0,DB00839
DB11079,0,DB00839
DB01208,0,DB09038
DB01168,0,DB09038
DB00685,0,DB00468
DB09245,0,DB00738
DB08907,0,DB00359
DB01037,0,DB00468
DB04576,0,DB01124
DB00866,0,DB01124
DB09543,0,DB01015
DB01016,0,DB01268
DB01037,0,DB00412
DB00936,0,DB01067
DB01171,0,DB01132
DB04861,0,DB01289
DB01044,0,DB00731
DB00412,0,DB00672
DB00861,0,DB00738
DB09543,0,DB00468
DB00280,0,DB01124
DB01367,0,DB00359
DB01251,0,DB01124
DB04846,0,DB01251
DB00614,0,DB06292
DB00624,0,DB01120
DB00285,0,DB00491
DB06335,0,DB00280
DB01037,0,DB00331
DB00817,0,DB00412
DB09543,0,DB00263
DB00491,0,DB01015
DB00166,0,DB01261
DB00182,0,DB01124
DB00215,0,DB00222
DB00731,0,DB06791
DB00685,0,DB00839
DB01175,0,DB00284
DB01155,0,DB01124
DB00487,0,DB00280
DB04861,0,DB00222
DB09241,0,DB01132
DB08807,0,DB01016
DB00614,0,DB00222
DB00614,0,DB01268
DB01208,0,DB01200
DB00945,0,DB01067
DB01193,0,DB00672
DB01168,0,DB00284
DB11079,0,DB00263
DB01149,0,DB00839
DB06710,0,DB01016
DB01059,0,DB01132
DB00779,0,DB06335
DB08983,0,DB00672
DB08882,0,DB01124
DB09245,0,DB00280
DB09038,0,DB00280
DB00614,0,DB00738
DB01252,0,DB00731
DB01250,0,DB01200
DB00612,0,DB01067
DB00476,0,DB00263
DB11079,0,DB06203
DB06718,0,DB06335
DB01261,0,DB01268
DB01297,0,DB01016
DB01175,0,DB00839
DB01014,0,DB01200
DB01241,0,DB01289
DB01626,0,DB06203
DB01208,0,DB01261
DB04876,0,DB00839
DB01193,0,DB01120
DB00331,0,DB01268
DB00636,0,DB01016
DB01137,0,DB01067
DB01208,0,DB06203
DB11079,0,DB00468
DB09241,0,DB01200
DB01420,0,DB01124
DB01044,0,DB01261
DB00672,0,DB00738
DB01059,0,DB00222
DB08918,0,DB01124
DB00914,0,DB01268
DB00412,0,DB00222
DB06335,0,DB00912
DB00817,0,DB01268
DB01014,0,DB01015
DB01171,0,DB01268
DB06412,0,DB00834
DB08918,0,DB00359
DB01155,0,DB01261
DB00738,0,DB01124
DB00779,0,DB00359
DB01250,0,DB00284
DB00715,0,DB00491
DB00621,0,DB00280
DB00468,0,DB06791
DB00166,0,DB09038
DB00817,0,DB08907
DB00914,0,DB01067
DB09204,0,DB01016
DB00839,0,DB00912
DB11079,0,DB06292
DB01044,0,DB00468
DB00487,0,DB06292
DB00233,0,DB01132
DB00280,0,DB00468
DB01193,0,DB01289
DB00215,0,DB01261
DB01250,0,DB01268
DB00827,0,DB00280
DB01137,0,DB06292
DB01014,0,DB01120
DB08983,0,DB00222
DB00195,0,DB00222
DB00914,0,DB00731
DB00598,0,DB00222
DB01367,0,DB01132
DB08808,0,DB01289
DB06335,0,DB00839
DB09241,0,DB00222
DB01059,0,DB00839
DB04876,0,DB01015
DB00285,0,DB00222
DB00222,0,DB01016
DB01251,0,DB01016
DB00491,0,DB00912
DB00222,0,DB01120
DB11079,0,DB00359
DB04878,0,DB00280
DB00331,0,DB01016
DB00487,0,DB06203
DB00752,0,DB01120
DB00624,0,DB00222
DB00331,0,DB00839
DB00780,0,DB00412
DB01193,0,DB00839
DB00805,0,DB08907
DB00233,0,DB01016
DB00960,0,DB00222
DB00945,0,DB01261
DB00487,0,DB01067
DB00521,0,DB01067
DB00412,0,DB01016
DB01168,0,DB00738
DB00621,0,DB00222
DB00945,0,DB00284
DB00621,0,DB09038
DB04896,0,DB00280
DB06412,0,DB00263
DB00866,0,DB00222
DB09244,0,DB00912
DB00779,0,DB00912
DB01214,0,DB01251
DB01014,0,DB00731
DB06718,0,DB00672
DB00936,0,DB00222
DB00715,0,DB00359
DB00215,0,DB08907
DB01193,0,DB01067
DB00715,0,DB01124
DB00936,0,DB00284
DB01185,0,DB01132
DB01171,0,DB00280
DB00960,0,DB01120
DB01015,0,DB06791
DB00936,0,DB06292
DB08918,0,DB01261
DB01185,0,DB00738
DB08918,0,DB00839
DB00187,0,DB00222
DB06718,0,DB00834
DB01120,0,DB06663
DB00215,0,DB01067
DB01155,0,DB00468
DB01367,0,DB06292
DB00476,0,DB00222
DB01104,0,DB01261
DB00827,0,DB00672
DB00244,0,DB00468
DB00936,0,DB01120
DB08918,0,DB09038
DB01251,0,DB00912
DB08804,0,DB00331
DB01367,0,DB01015
DB01393,0,DB00672
DB06203,0,DB00912
DB04576,0,DB09038
DB01626,0,DB00491
DB01171,0,DB00839
DB06412,0,DB00738
DB00331,0,DB00222
DB00621,0,DB01120
DB01208,0,DB00839
DB01247,0,DB00331
DB01247,0,DB08907
DB00612,0,DB01124
DB00104,0,DB01016
DB00621,0,DB01132
DB00467,0,DB00222
DB01044,0,DB00672
DB09245,0,DB00731
DB00614,0,DB01120
DB00805,0,DB01015
DB06710,0,DB08907
DB01193,0,DB01124
DB00780,0,DB00731
DB00244,0,DB00912
DB09241,0,DB01067
DB04878,0,DB00912
DB01168,0,DB01261
DB00839,0,DB06663
DB08804,0,DB00731
DB09543,0,DB01261
DB00861,0,DB06203
DB00244,0,DB06292
DB00467,0,DB06292
DB00614,0,DB01067
DB11079,0,DB00284
DB00817,0,DB01067
DB01295,0,DB00839
DB00284,0,DB00672
DB01171,0,DB01016
DB00827,0,DB01261
DB06412,0,DB00412
DB01208,0,DB06292
DB00487,0,DB01016
DB08804,0,DB00222
DB09038,0,DB01120
DB01214,0,DB00222
DB13873,0,DB01016
DB01168,0,DB00491
DB04861,0,DB01120
DB08918,0,DB00738
DB01155,0,DB00672
DB00166,0,DB00672
DB06700,0,DB01016
DB00685,0,DB09038
DB00263,0,DB06791
DB01168,0,DB01120
DB00936,0,DB01200
DB00489,0,DB00839
DB00738,0,DB00912
DB09241,0,DB01016
DB00166,0,DB04876
DB00817,0,DB01200
DB01367,0,DB00672
DB04861,0,DB00839
DB01171,0,DB00331
DB01137,0,DB00222
DB06203,0,DB00731
DB01185,0,DB08907
DB00187,0,DB01251
DB01185,0,DB00839
DB00233,0,DB00738
DB00187,0,DB01067
DB01168,0,DB00834
DB00331,0,DB00731
DB00805,0,DB00491
DB00468,0,DB00912
DB01110,0,DB01251
DB09204,0,DB01251
DB00104,0,DB01015
DB11079,0,DB09038
DB00104,0,DB01067
DB00244,0,DB01132
DB09241,0,DB00280
DB09241,0,DB01268
DB06412,0,DB08907
DB01044,0,DB01132
DB00487,0,DB00731
DB00731,0,DB00839
DB00331,0,DB00672
DB00780,0,DB01261
DB01137,0,DB09038
DB01168,0,DB01016
DB04876,0,DB01268
DB00624,0,DB01016
DB09244,0,DB00284
DB08882,0,DB01251
DB06335,0,DB00359
DB08804,0,DB01124
DB01014,0,DB01132
DB00715,0,DB01261
DB04896,0,DB00912
DB00244,0,DB00839
DB01168,0,DB00912
DB01359,0,DB00222
DB08808,0,DB00672
DB00780,0,DB00222
DB00331,0,DB00912
DB00176,0,DB00284
DB01059,0,DB01200
DB01044,0,DB00834
DB01252,0,DB00280
DB08804,0,DB01067
DB00621,0,DB00468
DB01420,0,DB01067
DB00672,0,DB06791
DB09245,0,DB00412
DB00285,0,DB00839
DB00280,0,DB01067
DB04896,0,DB01124
DB00614,0,DB00912
DB00487,0,DB00331
DB01171,0,DB01067
DB08918,0,DB01015
DB00839,0,DB01124
DB01137,0,DB00412
DB00817,0,DB00359
DB01420,0,DB00284
DB01626,0,DB00672
DB01137,0,DB00359
DB06700,0,DB00839
DB01171,0,DB00222
DB01208,0,DB00468
DB01251,0,DB00359
DB00598,0,DB00839
DB00614,0,DB00280
DB00284,0,DB00834
DB00685,0,DB00738
DB00491,0,DB01124
DB00614,0,DB00359
DB01059,0,DB06203
DB01132,0,DB01289
DB01124,0,DB06663
DB01250,0,DB00359
DB06710,0,DB01261
DB01247,0,DB01124
DB04896,0,DB08907
DB09245,0,DB08907
DB01247,0,DB01067
DB01580,0,DB00839
DB01014,0,DB00359
DB01137,0,DB01124
DB00805,0,DB00738
DB01626,0,DB00738
DB01247,0,DB06203
DB01367,0,DB06203
DB06203,0,DB01067
DB00779,0,DB00738
DB01076,0,DB01067
DB01044,0,DB01124
DB00571,0,DB01251
DB01210,0,DB00839
DB09244,0,DB00834
DB13873,0,DB01124
DB00861,0,DB01124
DB09241,0,DB00839
DB00195,0,DB01067
DB09543,0,DB00738
DB00827,0,DB06292
DB00182,0,DB00912
DB00752,0,DB09038
DB00233,0,DB01124
DB09038,0,DB00359
DB01295,0,DB00222
DB06700,0,DB08907
DB00912,0,DB01120
DB00521,0,DB00672
DB01059,0,DB01261
DB08918,0,DB06292
DB00636,0,DB01124
DB00752,0,DB01124
DB01580,0,DB01067
DB00264,0,DB01067
DB00187,0,DB01124
DB00491,0,DB00834
DB00264,0,DB01016
DB09038,0,DB01268
DB00467,0,DB01200
DB00419,0,DB00839
DB00685,0,DB01120
DB00215,0,DB00912
DB00945,0,DB00331
DB00780,0,DB00912
DB00779,0,DB01120
DB11079,0,DB01067
DB00861,0,DB01261
DB00672,0,DB06663
DB00624,0,DB00839
DB06335,0,DB01016
DB08804,0,DB01016
DB01137,0,DB00731
DB00280,0,DB00738
DB00467,0,DB00912
DB01149,0,DB00491
DB09244,0,DB01268
DB01420,0,DB00738
DB01420,0,DB00359
DB00244,0,DB00359
DB00685,0,DB01015
DB01250,0,DB00331
DB01171,0,DB01015
DB00827,0,DB01268
DB04876,0,DB01016
DB04576,0,DB00468
DB06710,0,DB00912
DB01250,0,DB00738
DB00614,0,DB09038
DB04896,0,DB09038
DB00182,0,DB00359
DB06718,0,DB01268
DB01247,0,DB09038
DB01175,0,DB00412
DB00244,0,DB00491
DB01110,0,DB01067
DB00752,0,DB00359
DB00960,0,DB01251
DB09038,0,DB01251
DB00621,0,DB00359
DB08804,0,DB00468
DB00621,0,DB01200
DB00487,0,DB00839
DB00685,0,DB00412
DB00805,0,DB06335
DB04896,0,DB00359
DB11079,0,DB00331
DB01420,0,DB00912
DB00468,0,DB01067
DB00521,0,DB01124
DB04846,0,DB01120
DB01137,0,DB00280
DB00244,0,DB01120
DB09038,0,DB00672
DB00912,0,DB06791
DB01168,0,DB06335
DB00715,0,DB00412
DB01208,0,DB00331
DB00419,0,DB00359
DB00284,0,DB01016
DB01037,0,DB00491
DB01171,0,DB00491
DB01175,0,DB00731
DB00331,0,DB00263
DB00945,0,DB00672
DB01014,0,DB00672
DB00244,0,DB01016
DB00280,0,DB00359
DB01155,0,DB00284
DB01208,0,DB00359
DB00936,0,DB06335
DB00284,0,DB00263
DB00805,0,DB01120
DB00861,0,DB01200
DB06710,0,DB00839
DB00621,0,DB08907
DB01104,0,DB01067
DB01251,0,DB01120
DB01250,0,DB06335
DB00945,0,DB00731
DB06412,0,DB00284
DB00780,0,DB01132
DB01059,0,DB00491
DB01297,0,DB00672
DB01104,0,DB01132
DB00685,0,DB06292
DB01175,0,DB06292
DB00685,0,DB01067
DB00419,0,DB00731
DB08918,0,DB01268
DB00104,0,DB06791
DB00335,0,DB01120
DB00636,0,DB01067
DB00624,0,DB00738
DB00491,0,DB00263
DB08983,0,DB01120
DB00912,0,DB06663
DB00244,0,DB08907
DB00233,0,DB01261
DB08918,0,DB06335
DB00467,0,DB01261
DB00419,0,DB01124
DB06710,0,DB00731
DB00945,0,DB00491
DB06710,0,DB06335
DB00521,0,DB01016
DB00233,0,DB00672
DB08907,0,DB01067
DB08808,0,DB00839
DB00715,0,DB00222
DB00359,0,DB00738
DB01168,0,DB01132
DB00624,0,DB09038
DB01136,0,DB00672
DB04896,0,DB00412
DB00912,0,DB01016
DB09244,0,DB01132
DB00817,0,DB01015
DB08804,0,DB00672
DB00779,0,DB01015
DB00960,0,DB01067
DB09543,0,DB01067
DB04861,0,DB00672
DB01110,0,DB01016
DB01210,0,DB01120
DB06412,0,DB01132
DB04576,0,DB00331
DB01626,0,DB06292
DB00672,0,DB01268
DB13873,0,DB00222
DB01626,0,DB01200
DB04861,0,DB01016
DB00866,0,DB01251
DB08804,0,DB01015
DB01297,0,DB01120
DB00621,0,DB01067
DB00614,0,DB00839
DB08882,0,DB00839
DB04576,0,DB01015
DB01626,0,DB00834
DB01393,0,DB01067
DB11079,0,DB00912
DB00912,0,DB01268
DB00805,0,DB01200
DB00487,0,DB09038
DB00285,0,DB00284
DB06700,0,DB00912
DB01185,0,DB01124
DB01149,0,DB00412
DB00166,0,DB00412
DB01250,0,DB01261
DB06718,0,DB00468
DB01104,0,DB00222
DB00487,0,DB00284
DB01039,0,DB01120
DB00467,0,DB00468
DB00487,0,DB01120
DB00166,0,DB00331
DB00182,0,DB01016
DB00752,0,DB00331
DB00233,0,DB06292
DB00621,0,DB06203
DB00476,0,DB01132
DB00264,0,DB00222
DB00817,0,DB01261
DB04878,0,DB00731
DB01067,0,DB06791
DB00752,0,DB00280
DB00780,0,DB00359
DB01420,0,DB09038
DB00182,0,DB06292
DB04846,0,DB01067
DB04896,0,DB01016
DB09241,0,DB01261
DB01014,0,DB00263
DB00805,0,DB01132
DB01059,0,DB00672
DB00621,0,DB06335
DB01185,0,DB00284
DB01208,0,DB01124
DB00487,0,DB01015
DB00467,0,DB01124
DB01420,0,DB00280
DB09038,0,DB00912
DB00817,0,DB00222
DB00614,0,DB00834
DB01393,0,DB01120
DB06412,0,DB00731
DB01295,0,DB01289
DB00472,0,DB08907
DB01247,0,DB01268
DB01037,0,DB00839
DB00780,0,DB06292
DB01247,0,DB00284
DB08804,0,DB06292
DB00571,0,DB01120
DB06412,0,DB01067
DB01393,0,DB01124
DB01252,0,DB01015
DB00284,0,DB00280
DB00373,0,DB00672
DB00780,0,DB06335
DB01626,0,DB08907
DB00914,0,DB01016
DB01155,0,DB09038
DB09543,0,DB08907
DB01295,0,DB01016
DB00936,0,DB01016
DB00571,0,DB01124
DB00779,0,DB00731
DB00233,0,DB00280
DB04846,0,DB01289
DB01037,0,DB06335
DB00945,0,DB00738
DB00621,0,DB00834
DB00284,0,DB01015
DB01250,0,DB00280
DB01136,0,DB01016
DB09543,0,DB01016
DB00472,0,DB01261
DB13873,0,DB01289
DB06203,0,DB00359
DB01420,0,DB01120
DB01136,0,DB01120
DB01208,0,DB00738
DB00176,0,DB00491
DB01015,0,DB01016
DB00779,0,DB00280
DB00195,0,DB00672
DB00914,0,DB00222
DB00636,0,DB00839
DB06335,0,DB00222
DB04896,0,DB06203
DB09244,0,DB08907
DB08808,0,DB01120
DB01037,0,DB06203
DB09543,0,DB00331
DB01250,0,DB00491
DB00827,0,DB00834
DB01059,0,DB00284
DB01250,0,DB00468
DB01420,0,DB01200
DB01580,0,DB01289
DB00780,0,DB09038
DB00489,0,DB00222
DB05039,1,DB00223
DB05039,1,DB00903
DB08970,1,DB00232
DB00983,1,DB00903
DB01380,1,DB00214
DB00221,1,DB00524
DB00959,1,DB00774
DB00668,1,DB00774
DB13139,1,DB00999
DB00741,1,DB00880
DB01407,1,DB01021
DB01291,1,DB00887
DB00394,1,DB00903
DB00288,1,DB00808
DB00841,1,DB00880
DB00596,1,DB00436
DB01410,1,DB00232
DB00394,1,DB00887
DB01130,1,DB00214
DB00253,1,DB01021
DB01222,1,DB00774
DB06781,1,DB00232
DB05039,1,DB00741
DB05039,1,DB00808
DB08970,1,DB01325
DB00394,1,DB00436
DB09091,1,DB01324
DB09091,1,DB00887
DB00873,1,DB00887
DB00368,1,DB01325
DB01407,1,DB00808
DB00896,1,DB00310
DB00938,1,DB01021
DB01384,1,DB01324
DB08970,1,DB00808
DB00896,1,DB01021
DB00324,1,DB00436
DB01047,1,DB00774
DB01708,1,DB01324
DB08970,1,DB00774
DB00368,1,DB00808
DB00938,1,DB00695
DB13158,1,DB00681
DB00668,1,DB01021
DB00687,1,DB00310
DB06262,1,DB01021
DB13158,1,DB00695
DB01064,1,DB01021
DB13158,1,DB00232
DB13158,1,DB01324
DB00620,1,DB00681
DB00547,1,DB00774
DB08970,1,DB00695
DB00873,1,DB00232
DB13139,1,DB01021
DB01064,1,DB00214
DB01064,1,DB00808
DB01380,1,DB01325
DB08970,1,DB00310
DB04846,1,DB00310
DB01408,1,DB00214
DB01384,1,DB01325
DB00180,1,DB00681
DB06262,1,DB00524
DB00867,1,DB00999
DB00655,1,DB00681
DB00938,1,DB00436
DB00443,1,DB00774
DB00846,1,DB00880
DB09091,1,DB00310
DB00764,1,DB00681
DB00896,1,DB00774
DB08905,1,DB01325
DB00896,1,DB00695
DB00741,1,DB00774
DB01130,1,DB00774
DB05039,1,DB00443
DB01407,1,DB00436
DB01291,1,DB00774
DB00867,1,DB01324
DB13139,1,DB00524
DB00449,1,DB00232
DB00547,1,DB00310
DB01288,1,DB00232
DB01708,1,DB00695
DB00999,1,DB00273
DB06786,1,DB00524
DB00663,1,DB00999
DB00873,1,DB00310
DB00983,1,DB01324
DB13139,1,DB01324
DB00394,1,DB00880
DB00655,1,DB00524
DB00394,1,DB00808
DB00873,1,DB01325
DB05039,1,DB00663
DB01288,1,DB00524
DB00635,1,DB00681
DB00180,1,DB00436
DB00288,1,DB00524
DB00180,1,DB01325
DB08971,1,DB00903
DB01064,1,DB00695
DB00841,1,DB00903
DB00668,1,DB00436
DB00983,1,DB00232
DB00668,1,DB00808
DB01274,1,DB00999
DB01001,1,DB00695
DB00596,1,DB01324
DB01291,1,DB00232
DB05039,1,DB01260
DB00764,1,DB00887
DB01410,1,DB00903
DB00846,1,DB00808
DB05039,1,DB01130
DB00223,1,DB01324
DB00938,1,DB00232
DB00547,1,DB00436
DB01408,1,DB00232
DB00588,1,DB00436
DB00938,1,DB00999
DB05039,1,DB00232
DB09095,1,DB00436
DB00983,1,DB00214
DB08971,1,DB00436
DB00860,1,DB00808
DB04846,1,DB00887
DB00240,1,DB01324
DB02187,1,DB00310
DB09095,1,DB00214
DB09082,1,DB00999
DB00838,1,DB01324
DB13158,1,DB00808
DB00663,1,DB00880
DB00591,1,DB00436
DB00591,1,DB01324
DB01380,1,DB00681
DB01130,1,DB00808
DB00591,1,DB00695
DB02187,1,DB00999
DB00867,1,DB00524
DB01260,1,DB00774
DB08906,1,DB00887
DB00591,1,DB00808
DB01384,1,DB00887
DB00687,1,DB00695
DB09095,1,DB00999
DB06786,1,DB00880
DB00635,1,DB01325
DB11921,1,DB00681
DB00860,1,DB00681
DB01288,1,DB01021
DB01260,1,DB00999
DB00547,1,DB00887
DB01274,1,DB00695
DB00873,1,DB01021
DB01013,1,DB00880
DB01291,1,DB00903
DB13139,1,DB00887
DB00591,1,DB00310
DB00596,1,DB00524
DB00741,1,DB00524
DB00741,1,DB01021
DB04574,1,DB00310
DB04574,1,DB01021
DB02187,1,DB00681
DB00959,1,DB00524
DB09080,1,DB00436
DB00896,1,DB00880
DB01260,1,DB00524
DB01130,1,DB00681
DB00896,1,DB00681
DB02187,1,DB00808
DB00764,1,DB00524
DB00397,1,DB00808
DB00240,1,DB00880
DB00397,1,DB00903
DB01380,1,DB01021
DB00591,1,DB00232
DB00959,1,DB00999
DB00655,1,DB00880
DB05039,1,DB00887
DB00253,1,DB00436
DB08905,1,DB01021
DB00846,1,DB00887
DB13158,1,DB01021
DB00240,1,DB00695
DB00443,1,DB00903
DB00588,1,DB00999
DB01222,1,DB01324
DB06262,1,DB00232
DB08971,1,DB00695
DB08906,1,DB01021
DB01408,1,DB00903
DB08906,1,DB00310
DB01013,1,DB00887
DB00635,1,DB00808
DB01013,1,DB01325
DB00620,1,DB00887
DB00449,1,DB01021
DB00443,1,DB00436
DB00180,1,DB00999
DB00221,1,DB00880
DB00288,1,DB00999
DB00816,1,DB00880
DB01047,1,DB01325
DB06786,1,DB01021
DB01234,1,DB00887
DB04574,1,DB01324
DB01407,1,DB00880
DB00860,1,DB01021
DB01047,1,DB00887
DB00938,1,DB00903
DB05039,1,DB08905
DB00223,1,DB00214
DB00240,1,DB00887
DB00547,1,DB01021
DB04574,1,DB00903
DB00687,1,DB00808
DB00449,1,DB00310
DB00687,1,DB01324
DB01234,1,DB00903
DB00938,1,DB00887
DB01047,1,DB01021
DB05039,1,DB02187
DB01130,1,DB00436
DB00223,1,DB00232
DB01047,1,DB00880
DB00687,1,DB00214
DB00867,1,DB00436
DB01260,1,DB00214
DB06786,1,DB01324
DB08905,1,DB00681
DB13158,1,DB00524
DB01380,1,DB00232
DB09095,1,DB01324
DB00180,1,DB00887
DB01130,1,DB00524
DB01001,1,DB01021
DB01384,1,DB00999
DB00449,1,DB01325
DB00596,1,DB00214
DB01234,1,DB00695
DB00253,1,DB00999
DB00620,1,DB00695
DB00443,1,DB01021
DB00588,1,DB00214
DB00288,1,DB00681
DB09095,1,DB00681
DB05039,1,DB08906
DB00938,1,DB00310
DB00764,1,DB00999
DB00959,1,DB00214
DB01260,1,DB00436
DB00324,1,DB00232
DB08970,1,DB00524
DB00596,1,DB00808
DB00221,1,DB00214
DB00841,1,DB00214
DB00687,1,DB00887
DB01708,1,DB00999
DB00764,1,DB00808
DB02187,1,DB01021
DB04846,1,DB00808
DB01001,1,DB00524
DB00524,1,DB00273
DB00324,1,DB00774
DB09095,1,DB00887
DB00180,1,DB01021
DB01102,1,DB00232
DB13139,1,DB00436
DB00841,1,DB00999
DB00449,1,DB00903
DB00547,1,DB00808
DB00324,1,DB00310
DB05039,1,DB00687
DB00221,1,DB00232
DB01410,1,DB00999
DB04574,1,DB00887
DB09082,1,DB00808
DB00983,1,DB00999
DB01384,1,DB00880
DB01222,1,DB00214
DB05039,1,DB00764
DB01708,1,DB00808
DB01407,1,DB00999
DB01234,1,DB00774
DB09080,1,DB00808
DB05039,1,DB01325
DB01222,1,DB00232
DB01222,1,DB00695
DB00873,1,DB00524
DB00871,1,DB00903
DB00449,1,DB00524
DB04846,1,DB01325
DB00240,1,DB00808
DB01384,1,DB00774
DB01380,1,DB00903
DB05039,1,DB00860
DB11921,1,DB00695
DB08905,1,DB00695
DB00846,1,DB00436
DB00443,1,DB01324
DB00588,1,DB00887
DB00240,1,DB00524
DB00871,1,DB00310
DB08905,1,DB00436
DB00938,1,DB00880
DB00253,1,DB00681
DB09095,1,DB00524
DB00896,1,DB00214
DB08971,1,DB00880
DB01047,1,DB00903
DB00668,1,DB00695
DB09091,1,DB00903
DB00838,1,DB00681
DB00764,1,DB01324
DB00687,1,DB00524
DB00959,1,DB00887
DB00324,1,DB00880
DB01013,1,DB00232
DB00591,1,DB00880
DB04846,1,DB00880
DB00816,1,DB00524
DB01366,1,DB00310
DB00253,1,DB00808
DB06786,1,DB00681
DB00310,1,DB00273
DB08971,1,DB00999
DB09082,1,DB00695
DB00838,1,DB00310
DB00687,1,DB00903
DB00635,1,DB00880
DB08905,1,DB00774
DB06786,1,DB00695
DB00324,1,DB00214
DB11921,1,DB00774
DB13158,1,DB00887
DB01234,1,DB01325
DB00687,1,DB00880
DB02187,1,DB00524
DB01013,1,DB00214
DB01324,1,DB00273
DB01708,1,DB00310
DB00867,1,DB00903
DB05039,1,DB00324
DB01708,1,DB01325
DB05039,1,DB00655
DB01288,1,DB00774
DB00288,1,DB00887
DB01130,1,DB01021
DB00741,1,DB00232
DB08905,1,DB01324
DB01001,1,DB00436
DB00288,1,DB01325
DB00596,1,DB01325
DB00221,1,DB01324
DB09080,1,DB01324
DB00596,1,DB00999
DB01222,1,DB00436
DB01407,1,DB00232
DB00591,1,DB00903
DB01102,1,DB00808
DB09080,1,DB00903
DB02187,1,DB00880
DB00841,1,DB01325
DB00620,1,DB00880
DB08906,1,DB00808
DB00867,1,DB00214
DB01408,1,DB00999
DB00588,1,DB01021
DB01130,1,DB00903
DB01380,1,DB00887
DB11921,1,DB00524
DB01047,1,DB00695
DB00841,1,DB00232
DB00324,1,DB00999
DB01408,1,DB00524
DB00816,1,DB01325
DB01047,1,DB01324
DB11921,1,DB00999
DB00867,1,DB00887
DB04574,1,DB00695
DB01274,1,DB01325
DB00687,1,DB00232
DB08905,1,DB00808
DB05039,1,DB00436
DB00663,1,DB00903
DB01366,1,DB00232
DB01102,1,DB00214
DB01001,1,DB01324
DB01410,1,DB00681
DB00867,1,DB00695
DB00687,1,DB00774
DB09095,1,DB00808
DB00620,1,DB00310
DB00288,1,DB00310
DB06262,1,DB00774
DB00655,1,DB00232
DB11921,1,DB00808
DB00620,1,DB00232
DB00221,1,DB00887
DB00663,1,DB00436
DB00873,1,DB00436
DB01260,1,DB00232
DB00620,1,DB00774
DB01408,1,DB00887
DB08905,1,DB00880
DB09080,1,DB00999
DB00253,1,DB01324
DB01408,1,DB00880
DB00443,1,DB00310
DB06786,1,DB00310
DB01234,1,DB00232
DB09082,1,DB00774
DB08971,1,DB00808
DB06786,1,DB00903
DB00871,1,DB00436
DB00223,1,DB01325
DB08906,1,DB01324
DB00655,1,DB00310
DB00253,1,DB00214
DB00860,1,DB00214
DB00816,1,DB00903
DB00838,1,DB00887
DB00846,1,DB00695
DB08970,1,DB00887
DB06262,1,DB01324
DB02187,1,DB00774
DB04846,1,DB01021
DB00394,1,DB00310
DB00764,1,DB01325
DB00896,1,DB01324
DB01102,1,DB00774
DB01708,1,DB00887
DB00180,1,DB00524
DB00846,1,DB00999
DB00253,1,DB00524
DB08905,1,DB00524
DB00816,1,DB00999
DB00838,1,DB00903
DB00668,1,DB00887
DB01130,1,DB00999
DB00663,1,DB00681
DB00324,1,DB00524
DB01291,1,DB00310
DB01274,1,DB00903
DB00547,1,DB01325
DB05039,1,DB00846
DB01064,1,DB01324
DB00687,1,DB00999
DB00449,1,DB00774
DB00288,1,DB00436
DB00288,1,DB01324
DB00324,1,DB00695
DB09082,1,DB01325
DB01708,1,DB00436
DB00635,1,DB01021
DB00838,1,DB00232
DB01130,1,DB00310
DB09095,1,DB00695
DB00240,1,DB00903
DB09091,1,DB00232
DB00860,1,DB01325
DB01708,1,DB00524
DB01064,1,DB00436
DB09080,1,DB00524
DB01410,1,DB00310
DB05039,1,DB00547
DB06781,1,DB00880
DB00253,1,DB00774
DB08906,1,DB00214
DB00838,1,DB00880
DB06262,1,DB00887
DB05039,1,DB00588
DB00368,1,DB00774
DB09082,1,DB00232
DB00938,1,DB00214
DB00655,1,DB00887
DB00443,1,DB00681
DB00816,1,DB00887
DB00324,1,DB00903
DB01708,1,DB00232
DB00368,1,DB01021
DB06786,1,DB00774
DB00741,1,DB00695
DB00764,1,DB00695
DB01260,1,DB00887
DB00860,1,DB01324
DB01291,1,DB00808
DB00896,1,DB00903
DB01708,1,DB00880
DB00846,1,DB01325
DB00588,1,DB00880
DB00397,1,DB00232
DB00687,1,DB01325
DB08970,1,DB00999
DB01410,1,DB00524
DB01234,1,DB00436
DB00620,1,DB00436
DB05039,1,DB01013
DB00896,1,DB00808
DB13158,1,DB00999
DB00860,1,DB00695
DB00959,1,DB00681
DB00394,1,DB01324
DB04574,1,DB00999
DB00591,1,DB00774
DB08905,1,DB00232
DB09080,1,DB01021
DB00983,1,DB00808
DB08906,1,DB00999
DB00959,1,DB00695
DB00663,1,DB00214
DB01064,1,DB00310
DB00547,1,DB00524
DB00938,1,DB00524
DB01274,1,DB00808
DB01288,1,DB00999
DB05039,1,DB13158
DB01291,1,DB01324
DB08906,1,DB00524
DB00443,1,DB00887
DB08970,1,DB01324
DB00655,1,DB00214
DB00959,1,DB01021
DB06781,1,DB00695
DB09095,1,DB00903
DB05039,1,DB08970
DB01102,1,DB01021
DB00871,1,DB00880
DB00596,1,DB00774
DB00846,1,DB00903
DB09095,1,DB00310
DB00983,1,DB00880
DB00223,1,DB00808
DB01291,1,DB01021
DB00397,1,DB00999
DB00838,1,DB00774
DB01288,1,DB00436
DB01102,1,DB00524
DB00588,1,DB01324
DB04846,1,DB00999
DB01366,1,DB00880
DB09080,1,DB00310
DB01260,1,DB00903
DB08971,1,DB00887
DB00635,1,DB00774
DB01274,1,DB00880
DB09080,1,DB00887
DB01222,1,DB00524
DB01222,1,DB00310
DB00240,1,DB00774
DB05039,1,DB00394
DB01288,1,DB00214
DB00896,1,DB00887
DB00816,1,DB00808
DB04574,1,DB00524
DB08971,1,DB00214
DB01708,1,DB01021
DB00288,1,DB00695
DB00668,1,DB00524
DB00443,1,DB01325
DB00443,1,DB00880
DB08970,1,DB01021
DB00588,1,DB00681
DB01325,1,DB00273
DB01407,1,DB00695
DB01047,1,DB00681
DB00547,1,DB00232
DB00841,1,DB00524
DB00397,1,DB00310
DB05039,1,DB00214
DB00620,1,DB01021
DB05039,1,DB01222
DB00871,1,DB01325
DB06781,1,DB00774
DB00394,1,DB00999
DB00394,1,DB00774
DB01366,1,DB00214
DB00240,1,DB00232
DB11921,1,DB00880
DB00668,1,DB00214
DB06781,1,DB00903
DB00774,1,DB00273
DB00846,1,DB00310
DB04846,1,DB00695
DB00871,1,DB01324
DB01222,1,DB00808
DB01260,1,DB01324
DB05039,1,DB00896
DB00180,1,DB00903
DB13139,1,DB00232
DB06262,1,DB00999
DB00368,1,DB00999
DB00959,1,DB00232
DB00620,1,DB00999
DB01047,1,DB00808
DB00449,1,DB00695
DB01013,1,DB00524
DB01222,1,DB00903
DB00841,1,DB00774
DB01274,1,DB01021
DB05039,1,DB00180
DB01274,1,DB00524
DB00741,1,DB00808
DB00596,1,DB00695
DB00816,1,DB00232
DB01408,1,DB01324
DB00764,1,DB00232
DB01366,1,DB00695
DB01001,1,DB00232
DB00873,1,DB01324
DB01234,1,DB00310
DB00860,1,DB00232
DB00663,1,DB01324
DB05039,1,DB11921
DB00846,1,DB00524
DB05039,1,DB01708
DB00449,1,DB00887
DB01408,1,DB01021
DB00214,1,DB00273
DB02187,1,DB00232
DB06262,1,DB00214
DB01288,1,DB00808
DB13158,1,DB01325
DB00687,1,DB00436
DB00620,1,DB01325
DB00394,1,DB00681
DB00394,1,DB01325
DB00959,1,DB00880
DB06786,1,DB00999
DB00368,1,DB00310
DB05039,1,DB00240
DB00253,1,DB00887
DB13158,1,DB00436
DB01410,1,DB01324
DB00668,1,DB01325
DB00841,1,DB00436
DB01047,1,DB00232
DB00253,1,DB00695
DB01064,1,DB00524
DB01291,1,DB00436
DB01384,1,DB00681
DB00668,1,DB00880
DB01260,1,DB01325
DB09080,1,DB00774
DB08906,1,DB01325
DB00223,1,DB00681
DB00867,1,DB00232
DB01408,1,DB00436
DB09091,1,DB01021
DB02187,1,DB00436
DB01410,1,DB01021
DB01064,1,DB00880
DB01234,1,DB00524
DB05039,1,DB00873
DB00368,1,DB00903
DB00368,1,DB00695
DB01410,1,DB00774
DB00223,1,DB00774
DB11921,1,DB00436
DB00180,1,DB00695
DB00867,1,DB01325
DB00764,1,DB00436
DB01384,1,DB00232
DB00221,1,DB00436
DB01102,1,DB00695
DB02187,1,DB00903
DB01222,1,DB00999
DB00547,1,DB00999
DB04574,1,DB00232
DB01102,1,DB01324
DB05039,1,DB01234
DB06781,1,DB00436
DB01288,1,DB00880
DB00841,1,DB01324
DB09095,1,DB00774
DB00547,1,DB00214
DB09082,1,DB00880
DB11921,1,DB00232
DB00764,1,DB00880
DB01234,1,DB00808
DB00860,1,DB00887
DB01001,1,DB00310
DB00668,1,DB01324
DB00867,1,DB00808
DB00596,1,DB00887
DB06262,1,DB00880
DB00591,1,DB00524
DB01234,1,DB01021
DB00663,1,DB00774
DB04846,1,DB01324
DB00860,1,DB00880
DB01408,1,DB01325
DB11921,1,DB00310
DB00816,1,DB00214
DB00938,1,DB01324
DB00871,1,DB01021
DB00655,1,DB00999
DB00655,1,DB00774
DB01407,1,DB00903
DB05039,1,DB00591
DB01274,1,DB00436
DB01366,1,DB00524
DB00663,1,DB00232
DB05039,1,DB00288
DB01064,1,DB00774
DB00871,1,DB00214
DB00596,1,DB00681
DB09080,1,DB00695
DB00655,1,DB00436
DB05039,1,DB01047
DB00764,1,DB01021
DB01288,1,DB01325
DB05039,1,DB00310
DB00547,1,DB00903
DB08906,1,DB00880
DB00635,1,DB00999
DB00871,1,DB00887
DB00449,1,DB00999
DB01380,1,DB00310
DB05039,1,DB00695
DB01410,1,DB00887
DB01013,1,DB00681
DB00741,1,DB00436
DB00983,1,DB00524
DB01013,1,DB01021
DB00655,1,DB00695
DB05039,1,DB01021
DB05039,1,DB01380
DB00764,1,DB00903
DB00397,1,DB00880
DB00635,1,DB00695
DB01260,1,DB00681
DB00394,1,DB00214
DB00880,1,DB00273
DB00959,1,DB00808
DB01384,1,DB00436
DB05039,1,DB00959
DB00983,1,DB00887
DB01234,1,DB01324
DB13158,1,DB00903
DB00896,1,DB00999
DB00443,1,DB00999
DB00635,1,DB00903
DB00938,1,DB00808
DB00838,1,DB00695
DB00959,1,DB01325
DB08905,1,DB00999
DB00180,1,DB00808
DB00394,1,DB01021
DB00983,1,DB00695
DB00223,1,DB00695
DB08971,1,DB00524
DB00663,1,DB01325
DB01130,1,DB01324
DB02187,1,DB00887
DB09080,1,DB00880
DB01064,1,DB00999
DB00838,1,DB01021
DB00397,1,DB00887
DB00436,1,DB00273
DB00741,1,DB00999
DB06786,1,DB00887
DB00635,1,DB00524
DB00223,1,DB00310
DB00887,1,DB00273
DB00368,1,DB00232
DB01130,1,DB00887
DB00221,1,DB00774
DB00663,1,DB00887
DB00180,1,DB00214
DB06786,1,DB01325
DB00397,1,DB01325
DB01001,1,DB00214
DB00655,1,DB00903
DB00873,1,DB00774
DB01384,1,DB01021
DB00741,1,DB00681
DB08906,1,DB00232
DB01222,1,DB00681
DB08906,1,DB00681
DB13139,1,DB00695
DB01021,1,DB00273
DB04574,1,DB00436
DB00221,1,DB00695
DB01274,1,DB00887
DB00816,1,DB01021
DB08906,1,DB00436
DB00368,1,DB01324
DB06262,1,DB00436
DB06786,1,DB00436
DB00838,1,DB00808
DB00860,1,DB00999
DB00983,1,DB00774
DB06786,1,DB00808
DB00253,1,DB00232
DB06781,1,DB00808
DB00655,1,DB00808
DB00938,1,DB00774
DB01130,1,DB01325
DB01001,1,DB00999
DB00871,1,DB00774
DB05039,1,DB06786
DB00547,1,DB01324
DB00223,1,DB00887
DB00841,1,DB00310
DB00240,1,DB00999
DB00324,1,DB01021
DB00896,1,DB01325
DB05039,1,DB00999
DB01708,1,DB00681
DB09091,1,DB00524
DB01234,1,DB00214
DB01001,1,DB00887
DB04574,1,DB00681
DB08970,1,DB00903
DB06781,1,DB01325
DB01408,1,DB00695
DB08906,1,DB00695
DB04574,1,DB01325
DB00983,1,DB00310
DB01064,1,DB00232
DB04846,1,DB00232
DB00687,1,DB01021
DB00180,1,DB00880
DB01380,1,DB00880
DB00695,1,DB00273
DB06781,1,DB01324
DB01102,1,DB01325
DB13139,1,DB00880
DB00596,1,DB00232
DB00547,1,DB00695
DB00240,1,DB00214
DB00324,1,DB00681
DB01234,1,DB00999
DB05039,1,DB08971
DB00588,1,DB00232
DB00741,1,DB00903
DB13139,1,DB00774
DB01104,2,DB01021
DB08918,2,DB00999
DB04896,2,DB00808
DB00472,2,DB00774
DB01149,2,DB00774
DB00472,2,DB01325
DB00285,2,DB00310
DB08918,2,DB00524
DB00715,2,DB00232
DB00476,2,DB01324
DB00176,2,DB00999
DB01175,2,DB01325
DB00215,2,DB00880
DB00472,2,DB01021
DB04896,2,DB00524
DB00715,2,DB00880
DB04896,2,DB00999
DB00472,2,DB01324
DB01149,2,DB00524
DB04896,2,DB00310
DB01104,2,DB00999
DB08918,2,DB00310
DB00176,2,DB00436
DB04896,2,DB01021
DB00472,2,DB00999
DB00715,2,DB00774
DB08918,2,DB00232
DB08918,2,DB01325
DB00715,2,DB01324
DB01149,2,DB00880
DB01175,2,DB00310
DB01104,2,DB00436
DB08918,2,DB01324
DB00715,2,DB00808
DB00285,2,DB00774
DB01149,2,DB00310
DB00176,2,DB00310
DB00715,2,DB01021
DB00215,2,DB00232
DB01175,2,DB00436
DB00715,2,DB01325
DB00715,2,DB00436
DB00215,2,DB00999
DB04896,2,DB00436
DB00285,2,DB01021
DB08918,2,DB00880
DB01104,2,DB01324
DB04896,2,DB01324
DB06700,2,DB00808
DB00285,2,DB00880
DB00285,2,DB01325
DB00472,2,DB00880
DB00176,2,DB01325
DB00215,2,DB00436
DB01149,2,DB01021
DB00215,2,DB00774
DB00176,2,DB00880
DB08918,2,DB01021
DB01175,2,DB00524
DB06700,2,DB00310
DB00285,2,DB00524
DB00215,2,DB01324
DB01175,2,DB00880
DB00215,2,DB00310
DB01104,2,DB00232
DB00472,2,DB00436
DB01175,2,DB01324
DB01104,2,DB01325
DB08918,2,DB00436
DB00285,2,DB00232
DB04896,2,DB00232
DB06700,2,DB01021
DB00715,2,DB00999
DB01104,2,DB00524
DB00715,2,DB00524
DB01104,2,DB00774
DB01175,2,DB01021
DB01149,2,DB01324
DB04896,2,DB00774
DB06700,2,DB01325
DB06700,2,DB00232
DB06700,2,DB00436
DB00312,3,DB01143
DB00468,3,DB01359
DB00264,3,DB00374
DB00524,3,DB08932
DB01626,3,DB00800
DB06694,3,DB08931
DB00418,3,DB00612
DB01197,3,DB01348
DB09220,3,DB08907
DB00468,3,DB00606
DB00866,3,DB00876
DB09220,3,DB00697
DB00401,3,DB00925
DB00925,3,DB01170
DB00679,3,DB01295
DB00590,3,DB04743
DB00590,3,DB09242
DB00797,3,DB09238
DB00373,3,DB09477
DB00905,3,DB04846
DB09282,3,DB01203
DB09241,3,DB00575
DB01614,3,DB00960
DB09241,3,DB01209
DB00528,3,DB00876
DB01136,3,DB06826
DB00887,3,DB09477
DB00182,3,DB00880
DB00780,3,DB00790
DB00346,3,DB00217
DB00350,3,DB09242
DB01193,3,DB11362
DB01355,3,DB01162
DB00468,3,DB06826
DB00849,3,DB01359
DB01246,3,DB00598
DB00805,3,DB01348
DB04840,3,DB01054
DB00623,3,DB00598
DB01116,3,DB00692
DB00212,3,DB00275
DB00492,3,DB06826
DB01158,3,DB11362
DB00468,3,DB00275
DB01367,3,DB00381
DB06403,3,DB08931
DB09242,3,DB09236
DB00312,3,DB00521
DB00794,3,DB01612
DB08907,3,DB00903
DB00374,3,DB09235
DB00869,3,DB01324
DB01626,3,DB00374
DB00335,3,DB01324
DB00806,3,DB09242
DB00925,3,DB01580
DB00805,3,DB00401
DB09220,3,DB01367
DB01626,3,DB00598
DB00887,3,DB01348
DB00346,3,DB00521
DB00212,3,DB09220
DB00206,3,DB01348
DB00629,3,DB09236
DB01136,3,DB01074
DB00182,3,DB00774
DB00182,3,DB01244
DB01018,3,DB00925
DB09245,3,DB04948
DB09245,3,DB00492
DB09282,3,DB01023
DB01614,3,DB01359
DB00528,3,DB00598
DB00598,3,DB00230
DB01115,3,DB08808
DB00203,3,DB00598
DB00401,3,DB01180
DB00905,3,DB00968
DB09244,3,DB01244
DB01367,3,DB00869
DB01351,3,DB00796
DB00217,3,DB00381
DB09282,3,DB00657
DB01367,3,DB00217
DB00796,3,DB06694
DB00323,3,DB00734
DB00528,3,DB00264
DB01171,3,DB09070
DB00629,3,DB01244
DB00346,3,DB01170
DB00590,3,DB09090
DB01154,3,DB04861
DB00796,3,DB08808
DB09245,3,DB01158
DB04948,3,DB01180
DB09245,3,DB00310
DB00752,3,DB08931
DB01626,3,DB01180
DB00468,3,DB04948
DB00654,3,DB01090
DB00831,3,DB04846
DB00629,3,DB01021
DB00521,3,DB06268
DB01029,3,DB01090
DB01119,3,DB00335
DB08808,3,DB09070
DB00654,3,DB06694
DB01247,3,DB00393
DB00374,3,DB08931
DB00206,3,DB00612
DB00780,3,DB01203
DB04840,3,DB00436
DB01340,3,DB11362
DB04840,3,DB00692
DB00774,3,DB00797
DB06207,3,DB09231
DB00774,3,DB00800
DB00287,3,DB00584
DB04840,3,DB00881
DB01136,3,DB06268
DB09245,3,DB02638
DB00287,3,DB11362
DB00468,3,DB08808
DB09279,3,DB00734
DB01171,3,DB00765
DB00325,3,DB04846
DB09241,3,DB00921
DB00598,3,DB01054
DB00599,3,DB00457
DB00420,3,DB01295
DB00212,3,DB00622
DB01054,3,DB01348
DB01054,3,DB09235
DB00571,3,DB00606
DB00599,3,DB00790
DB01136,3,DB09216
DB00831,3,DB04861
DB09242,3,DB06268
DB01355,3,DB00489
DB00612,3,DB00734
DB01171,3,DB01193
DB00905,3,DB08932
DB00599,3,DB01197
DB00528,3,DB00999
DB00806,3,DB01324
DB00287,3,DB04948
DB00599,3,DB04948
DB01275,3,DB01090
DB00287,3,DB00869
DB09235,3,DB09236
DB00654,3,DB00808
DB00806,3,DB00622
DB00697,3,DB01340
DB00752,3,DB00214
DB00614,3,DB00966
DB00869,3,DB08931
DB01626,3,DB00178
DB02638,3,DB09238
DB00275,3,DB00866
DB00598,3,DB08992
DB00805,3,DB00457
DB00212,3,DB09238
DB00212,3,DB01348
DB00866,3,DB06403
DB00418,3,DB09038
DB00542,3,DB09477
DB00774,3,DB09477
DB01037,3,DB00275
DB00420,3,DB01359
DB00287,3,DB01023
DB01119,3,DB00800
DB09282,3,DB01580
DB00182,3,DB00796
DB09245,3,DB00765
DB00752,3,DB01054
DB09282,3,DB00203
DB01244,3,DB08932
DB01193,3,DB09235
DB00692,3,DB00999
DB01136,3,DB00230
DB01275,3,DB00869
DB09241,3,DB01029
DB01367,3,DB00575
DB00692,3,DB01203
DB09241,3,DB00275
DB08992,3,DB00325
DB00436,3,DB01180
DB00774,3,DB00999
DB00866,3,DB00880
DB00806,3,DB00484
DB00206,3,DB00654
DB01247,3,DB00436
DB01355,3,DB01247
DB00806,3,DB00629
DB09282,3,DB09477
DB09241,3,DB00195
DB00335,3,DB09236
DB00925,3,DB01090
DB01023,3,DB00765
DB09244,3,DB00598
DB00752,3,DB01359
DB01238,3,DB00887
DB04840,3,DB00999
DB01359,3,DB06403
DB00806,3,DB01197
DB00849,3,DB00435
DB01275,3,DB06826
DB09242,3,DB11362
DB01247,3,DB01244
DB09245,3,DB01023
DB00310,3,DB01143
DB01171,3,DB00519
DB00457,3,DB00568
DB00214,3,DB00226
DB00346,3,DB09238
DB00177,3,DB08932
DB01021,3,DB01089
DB00182,3,DB00999
DB09282,3,DB01324
DB00905,3,DB06826
DB09242,3,DB00374
DB01119,3,DB00287
DB00808,3,DB01240
DB00780,3,DB00866
DB09245,3,DB00925
DB00866,3,DB09238
DB01355,3,DB00195
DB01171,3,DB00401
DB00590,3,DB01348
DB01626,3,DB00808
DB00968,3,DB01089
DB00599,3,DB00598
DB01168,3,DB11362
DB01171,3,DB00796
DB01158,3,DB01240
DB01119,3,DB00691
DB01119,3,DB00876
DB00195,3,DB00800
DB00925,3,DB01214
DB00933,3,DB01203
DB01154,3,DB00968
DB00599,3,DB00657
DB00925,3,DB08808
DB00794,3,DB04861
DB01615,3,DB01136
DB00542,3,DB09070
DB00401,3,DB00528
DB01351,3,DB00264
DB01174,3,DB01275
DB01626,3,DB00966
DB01119,3,DB00629
DB00968,3,DB01348
DB00722,3,DB04846
DB00542,3,DB08932
DB09241,3,DB00813
DB01238,3,DB00571
DB00433,3,DB01359
DB01359,3,DB09236
DB00575,3,DB00212
DB00468,3,DB00335
DB00774,3,DB11362
DB00343,3,DB01143
DB00623,3,DB01136
DB00571,3,DB01170
DB00182,3,DB00381
DB00492,3,DB09070
DB00206,3,DB00217
DB00381,3,DB01580
DB01615,3,DB01214
DB00629,3,DB11362
DB01116,3,DB01170
DB00264,3,DB02638
DB01168,3,DB00691
DB01037,3,DB00584
DB00381,3,DB06268
DB01351,3,DB00922
DB00492,3,DB06268
DB00679,3,DB00187
DB00831,3,DB00866
DB00869,3,DB01021
DB01168,3,DB00373
DB00524,3,DB09235
DB01090,3,DB06268
DB00614,3,DB00692
DB01168,3,DB04846
DB01367,3,DB00734
DB00350,3,DB09070
DB09245,3,DB00373
DB01180,3,DB01143
DB00780,3,DB00528
DB01171,3,DB01340
DB00876,3,DB00765
DB00226,3,DB00966
DB00310,3,DB00925
DB01355,3,DB00975
DB01088,3,DB00373
DB01088,3,DB00866
DB01119,3,DB04840
DB00599,3,DB01143
DB00968,3,DB06268
DB00474,3,DB00872
DB01023,3,DB04948
DB00418,3,DB01115
DB00524,3,DB08808
DB00418,3,DB00584
DB00474,3,DB00275
DB09289,3,DB09220
DB00436,3,DB09070
DB00343,3,DB08808
DB01090,3,DB01580
DB00468,3,DB00905
DB00598,3,DB11362
DB00182,3,DB00654
DB00232,3,DB00734
DB09282,3,DB09220
DB01351,3,DB09026
DB00182,3,DB00797
DB00418,3,DB01367
DB00968,3,DB01021
DB00657,3,DB04948
DB01355,3,DB01136
DB00508,3,DB04861
DB00966,3,DB09236
DB00373,3,DB00734
DB00806,3,DB00999
DB09244,3,DB00797
DB01367,3,DB00325
DB06237,3,DB00598
DB01154,3,DB00350
DB01367,3,DB00880
DB01238,3,DB00232
DB00492,3,DB00774
DB00521,3,DB08932
DB00808,3,DB00925
DB09244,3,DB00492
DB00752,3,DB11362
DB00866,3,DB01240
DB00780,3,DB00800
DB00806,3,DB01340
DB01622,3,DB00295
DB00312,3,DB09292
DB00622,3,DB11362
DB00373,3,DB02638
DB01116,3,DB00542
DB09241,3,DB11609
DB09220,3,DB00373
DB00866,3,DB00905
DB00457,3,DB01116
DB00584,3,DB09236
DB09244,3,DB00790
DB01608,3,DB04861
DB00881,3,DB02638
DB00528,3,DB06403
DB04948,3,DB09070
DB00212,3,DB08808
DB00806,3,DB01023
DB00418,3,DB00435
DB00606,3,DB00692
DB00805,3,DB06694
DB00805,3,DB09026
DB00559,3,DB08808
DB01355,3,DB00714
DB01116,3,DB01089
DB00275,3,DB09235
DB01171,3,DB01054
DB11362,3,DB01180
DB00270,3,DB01180
DB00960,3,DB08808
DB00474,3,DB00598
DB00780,3,DB08808
DB00614,3,DB09235
DB01355,3,DB01169
DB00623,3,DB00335
DB00528,3,DB01089
DB00418,3,DB00883
DB00206,3,DB01170
DB00796,3,DB11362
DB01203,3,DB09238
DB00528,3,DB00796
DB01608,3,DB00652
DB00571,3,DB00800
DB01168,3,DB00575
DB01622,3,DB01136
DB01622,3,DB01081
DB00346,3,DB00393
DB00206,3,DB08808
DB00794,3,DB09242
DB00559,3,DB01359
DB01247,3,DB00264
DB00374,3,DB04846
DB00528,3,DB00968
DB00346,3,DB09242
DB09241,3,DB00264
DB00468,3,DB01193
DB01238,3,DB00335
DB01119,3,DB00195
DB00374,3,DB01244
DB00584,3,DB01170
DB00436,3,DB01021
DB00360,3,DB06267
DB01088,3,DB01054
DB00657,3,DB00226
DB00212,3,DB11362
DB00346,3,DB00381
DB00765,3,DB01143
DB00312,3,DB00335
DB00312,3,DB00421
DB01626,3,DB00774
DB00599,3,DB00700
DB00264,3,DB06826
DB00508,3,DB01136
DB01116,3,DB01054
DB01240,3,DB01324
DB01246,3,DB00708
DB01355,3,DB00876
DB00869,3,DB09236
DB01626,3,DB01090
DB00590,3,DB01021
DB01119,3,DB00401
DB01351,3,DB01240
DB01403,3,DB09204
DB09282,3,DB00629
DB01168,3,DB00765
DB01626,3,DB00492
DB04840,3,DB00612
DB04840,3,DB00212
DB00808,3,DB06712
DB00226,3,DB06826
DB00542,3,DB01089
DB00800,3,DB04948
DB04948,3,DB09026
DB01246,3,DB09204
DB09245,3,DB01090
DB00270,3,DB06268
DB00678,3,DB04846
DB01154,3,DB04920
DB01174,3,DB01088
DB00796,3,DB00905
DB00691,3,DB01090
DB00214,3,DB00654
DB00418,3,DB00178
DB00270,3,DB00287
DB04840,3,DB01170
DB00752,3,DB06712
DB00623,3,DB01210
DB01037,3,DB09238
DB00519,3,DB00925
DB00631,3,DB00734
DB00521,3,DB00905
DB00584,3,DB01348
DB00212,3,DB00691
DB00657,3,DB01244
DB01626,3,DB00881
DB00420,3,DB09204
DB00752,3,DB09477
DB01351,3,DB00381
DB00622,3,DB01090
DB00678,3,DB02638
DB00590,3,DB01143
DB09236,3,DB01089
DB00780,3,DB00350
DB00571,3,DB01021
DB00312,3,DB01282
DB00849,3,DB00584
DB00960,3,DB09235
DB09241,3,DB00956
DB00474,3,DB00584
DB01351,3,DB09279
DB01029,3,DB02638
DB09245,3,DB09026
DB00543,3,DB09220
DB01612,3,DB00734
DB00343,3,DB01240
DB00178,3,DB00212
DB00373,3,DB09238
DB09220,3,DB01612
DB01018,3,DB01090
DB00599,3,DB00177
DB00654,3,DB00790
DB00374,3,DB01340
DB00657,3,DB01054
DB00346,3,DB00335
DB00752,3,DB01193
DB01119,3,DB00374
DB01367,3,DB00876
DB01029,3,DB01170
DB00849,3,DB00657
DB01626,3,DB06694
DB09245,3,DB01136
DB00457,3,DB01180
DB00850,3,DB00489
DB00925,3,DB11362
DB00680,3,DB00854
DB00797,3,DB08808
DB06207,3,DB09090
DB01608,3,DB01227
DB00590,3,DB04841
DB00203,3,DB01162
DB00346,3,DB00691
DB09242,3,DB00692
DB00373,3,DB00866
DB00752,3,DB00808
DB00780,3,DB01359
DB01247,3,DB04840
DB01351,3,DB00722
DB01622,3,DB01297
DB00468,3,DB02638
DB00925,3,DB09477
DB01626,3,DB01197
DB09245,3,DB04840
DB00381,3,DB00734
DB01367,3,DB00790
DB00524,3,DB00774
DB00217,3,DB00524
DB00831,3,DB00960
DB00203,3,DB00706
DB01158,3,DB06694
DB01247,3,DB00217
DB09282,3,DB00622
DB00182,3,DB00542
DB00679,3,DB01210
DB00623,3,DB00187
DB01119,3,DB01340
DB00614,3,DB00310
DB01170,3,DB09235
DB01054,3,DB09477
DB01088,3,DB01136
DB09282,3,DB00287
DB01240,3,DB01180
DB01168,3,DB00808
DB09244,3,DB09236
DB00226,3,DB01021
DB00206,3,DB01210
DB00774,3,DB00925
DB00195,3,DB01240
DB01622,3,DB00497
DB01136,3,DB01427
DB06207,3,DB00555
DB09220,3,DB00484
DB01275,3,DB02638
DB01626,3,DB00381
DB09220,3,DB01210
DB00691,3,DB08932
DB09282,3,DB00381
DB00346,3,DB00528
DB00214,3,DB00629
DB00590,3,DB00996
DB01115,3,DB00373
DB00524,3,DB01089
DB00599,3,DB01193
DB01168,3,DB00606
DB00373,3,DB06403
DB00629,3,DB00905
DB01355,3,DB00922
DB01626,3,DB01580
DB01324,3,DB06712
DB00849,3,DB00187
DB00477,3,DB01295
DB02638,3,DB04861
DB01247,3,DB00524
DB01348,3,DB09236
DB01171,3,DB09236
DB00657,3,DB06712
DB00524,3,DB04948
DB00849,3,DB04948
DB00968,3,DB01054
DB09231,3,DB00325
DB00433,3,DB08807
DB01090,3,DB08931
DB00869,3,DB01580
DB00960,3,DB01170
DB00849,3,DB00393
DB00654,3,DB00678
DB00343,3,DB08807
DB00542,3,DB01021
DB04840,3,DB06403
DB00722,3,DB00800
DB00614,3,DB00528
DB01246,3,DB00652
DB09282,3,DB01359
DB01116,3,DB00521
DB00418,3,DB09279
DB01247,3,DB00790
DB00212,3,DB09236
DB00752,3,DB00177
DB00571,3,DB06826
DB00599,3,DB00800
DB00876,3,DB01021
DB00661,3,DB00866
DB00212,3,DB01340
DB00575,3,DB02638
DB09242,3,DB01244
DB09244,3,DB06268
DB00275,3,DB01021
DB00374,3,DB06826
DB09220,3,DB01282
DB00264,3,DB01348
DB00614,3,DB08931
DB00933,3,DB00960
DB01238,3,DB00808
DB09244,3,DB09220
DB01367,3,DB01170
DB00657,3,DB00866
DB00343,3,DB06268
DB00178,3,DB06826
DB00177,3,DB00800
DB00310,3,DB01180
DB00212,3,DB00436
DB00264,3,DB00869
DB00808,3,DB00765
DB00629,3,DB09477
DB01238,3,DB09232
DB00849,3,DB00681
DB00212,3,DB00629
DB00692,3,DB01089
DB00796,3,DB09236
DB01367,3,DB00629
DB00680,3,DB01210
DB00850,3,DB00866
DB00692,3,DB09070
DB04840,3,DB00310
DB09220,3,DB00780
DB00780,3,DB01240
DB00264,3,DB09236
DB00633,3,DB00734
DB00393,3,DB01348
DB00335,3,DB08808
DB01154,3,DB01229
DB01359,3,DB01580
DB09244,3,DB04840
DB00528,3,DB00722
DB01116,3,DB11362
DB01626,3,DB00584
DB00606,3,DB00808
DB00999,3,DB02638
DB00178,3,DB00528
DB00794,3,DB00742
DB00457,3,DB00734
DB09282,3,DB01170
DB00468,3,DB00654
DB00808,3,DB09235
DB00794,3,DB00373
DB00966,3,DB02638
DB00614,3,DB00622
DB00876,3,DB09238
DB00706,3,DB00528
DB00774,3,DB01340
DB01154,3,DB01143
DB09244,3,DB01054
DB00178,3,DB00374
DB01193,3,DB00734
DB01355,3,DB00925
DB01116,3,DB09477
DB00599,3,DB00691
DB00797,3,DB00808
DB01580,3,DB09477
DB01626,3,DB00275
DB00212,3,DB00722
DB09242,3,DB00876
DB00623,3,DB01359
DB09241,3,DB00521
DB00508,3,DB08807
DB01116,3,DB00866
DB01037,3,DB01214
DB01090,3,DB01240
DB00780,3,DB01580
DB09282,3,DB01136
DB00966,3,DB04846
DB00654,3,DB01170
DB01054,3,DB06826
DB00806,3,DB00195
DB00657,3,DB06826
DB09070,3,DB09238
DB01247,3,DB00584
DB00999,3,DB09070
DB00869,3,DB01054
DB00797,3,DB01143
DB00312,3,DB00187
DB01171,3,DB01021
DB00797,3,DB00968
DB01088,3,DB00657
DB01159,3,DB00734
DB00808,3,DB06268
DB01136,3,DB09236
DB09241,3,DB00571
DB09220,3,DB00295
DB01608,3,DB00373
DB00542,3,DB01170
DB00774,3,DB01158
DB00519,3,DB00869
DB01355,3,DB09242
DB00614,3,DB01340
DB01608,3,DB01580
DB01238,3,DB00524
DB00296,3,DB00734
DB00623,3,DB09204
DB01247,3,DB01089
DB01275,3,DB01324
DB01054,3,DB01244
DB00806,3,DB00598
DB00418,3,DB08822
DB00433,3,DB01193
DB00474,3,DB00714
DB01238,3,DB00999
DB00654,3,DB00925
DB00374,3,DB01580
DB00614,3,DB00881
DB04840,3,DB09235
DB00508,3,DB00612
DB01170,3,DB04846
DB00287,3,DB01203
DB01367,3,DB00178
DB09245,3,DB08808
DB00468,3,DB09236
DB01622,3,DB00327
DB00195,3,DB00212
DB01088,3,DB01214
DB00797,3,DB00966
DB09241,3,DB01295
DB01214,3,DB11362
DB01088,3,DB01090
DB01246,3,DB01551
DB00806,3,DB01244
DB01154,3,DB09292
DB00436,3,DB04948
DB02638,3,DB06712
DB00178,3,DB08932
DB00521,3,DB01180
DB00350,3,DB01090
DB01240,3,DB09235
DB00800,3,DB06826
DB00805,3,DB00524
DB00287,3,DB04861
DB00657,3,DB01580
DB09070,3,DB01089
DB00968,3,DB01580
DB00925,3,DB09070
DB00866,3,DB01340
DB00691,3,DB00774
DB01136,3,DB11362
DB00177,3,DB06694
DB00235,3,DB08931
DB00287,3,DB00524
DB00287,3,DB04846
DB01170,3,DB01214
DB00477,3,DB01214
DB00350,3,DB00866
DB00195,3,DB00797
DB00346,3,DB09477
DB00346,3,DB01203
DB01171,3,DB00584
DB00474,3,DB00887
DB00999,3,DB06694
DB00312,3,DB00598
DB06712,3,DB01143
DB00374,3,DB00606
DB00805,3,DB00381
DB00908,3,DB00661
DB00606,3,DB00797
DB09244,3,DB00178
DB00275,3,DB01090
DB01203,3,DB06268
DB01171,3,DB00270
DB00492,3,DB09235
DB01580,3,DB09235
DB01403,3,DB01359
DB00598,3,DB09216
DB00614,3,DB00343
DB00780,3,DB00678
DB00212,3,DB01359
DB01275,3,DB00797
DB01088,3,DB01193
DB01168,3,DB09070
DB00519,3,DB08808
DB09244,3,DB09026
DB01355,3,DB00401
DB00270,3,DB01090
DB00794,3,DB00714
DB00519,3,DB01244
DB00869,3,DB00880
DB00790,3,DB08808
DB09282,3,DB00343
DB00287,3,DB01089
DB00800,3,DB06403
DB00780,3,DB01340
DB01136,3,DB08932
DB01247,3,DB00275
DB09242,3,DB04948
DB00178,3,DB01244
DB00374,3,DB01324
DB00881,3,DB00905
DB00780,3,DB00691
DB00559,3,DB00881
DB00418,3,DB01193
DB09241,3,DB01214
DB04840,3,DB09220
DB00925,3,DB04846
DB00876,3,DB01240
DB01037,3,DB00960
DB01171,3,DB01348
DB00960,3,DB01244
DB09244,3,DB00350
DB00346,3,DB09220
DB00401,3,DB09238
DB01246,3,DB01466
DB01171,3,DB00654
DB00226,3,DB00335
DB01116,3,DB00869
DB00264,3,DB08932
DB00780,3,DB11362
DB00350,3,DB01089
DB00680,3,DB11609
DB09242,3,DB09235
DB00598,3,DB09232
DB00680,3,DB01297
DB00800,3,DB01143
DB00654,3,DB01197
DB01614,3,DB04861
DB00654,3,DB00692
DB00806,3,DB09238
DB00381,3,DB01090
DB00524,3,DB01580
DB09220,3,DB00880
DB00614,3,DB06826
DB00800,3,DB01197
DB00474,3,DB09242
DB00876,3,DB02638
DB00559,3,DB00606
DB09244,3,DB01136
DB00905,3,DB06694
DB00312,3,DB01203
DB00849,3,DB00872
DB00519,3,DB04948
DB01238,3,DB09235
DB01171,3,DB00869
DB00418,3,DB00571
DB00310,3,DB06403
DB00519,3,DB01143
DB00599,3,DB00780
DB00275,3,DB00905
DB01359,3,DB04846
DB00629,3,DB00796
DB00521,3,DB00606
DB00606,3,DB06268
DB00418,3,DB00800
DB00195,3,DB11362
DB00374,3,DB00393
DB00806,3,DB09477
DB00457,3,DB00374
DB00457,3,DB04841
DB01240,3,DB01580
DB09241,3,DB08808
DB00780,3,DB04840
DB06237,3,DB00706
DB01088,3,DB09477
DB00217,3,DB06712
DB00457,3,DB09227
DB00519,3,DB06694
DB01340,3,DB04948
DB00575,3,DB01116
DB06826,3,DB09477
DB01168,3,DB01193
DB00474,3,DB01037
DB01626,3,DB01089
DB00881,3,DB08932
DB00752,3,DB01348
DB01021,3,DB01244
DB00866,3,DB08932
DB00598,3,DB01180
DB01174,3,DB09242
DB00806,3,DB00528
DB11362,3,DB06403
DB01246,3,DB08808
DB00722,3,DB06826
DB01116,3,DB00876
DB01622,3,DB00844
DB00559,3,DB00519
DB04861,3,DB01089
DB00679,3,DB01203
DB04861,3,DB09070
DB00869,3,DB08808
DB00849,3,DB00968
DB00270,3,DB01324
DB00849,3,DB00542
DB00575,3,DB06403
DB00614,3,DB04840
DB00214,3,DB01021
DB01088,3,DB01359
DB00178,3,DB00606
DB00381,3,DB01324
DB01041,3,DB00734
DB01158,3,DB06826
DB01171,3,DB01203
DB00790,3,DB04948
DB01170,3,DB01348
DB00780,3,DB00606
DB00805,3,DB04840
DB01238,3,DB08941
DB00226,3,DB00881
DB00905,3,DB09235
DB09220,3,DB00714
DB09241,3,DB00800
DB00805,3,DB11362
DB01367,3,DB01090
DB09242,3,DB00436
DB00346,3,DB01197
DB01018,3,DB00606
DB06826,3,DB00765
DB01054,3,DB00734
DB09241,3,DB01240
DB00800,3,DB09026
DB00468,3,DB08931
DB00468,3,DB00800
DB01275,3,DB00528
DB07615,3,DB00325
DB00195,3,DB00528
DB01238,3,DB00384
DB00880,3,DB00765
DB00217,3,DB00270
DB01174,3,DB01197
DB01367,3,DB00692
DB00374,3,DB08932
DB00805,3,DB00880
DB00401,3,DB09236
DB00614,3,DB01244
DB00657,3,DB06694
DB00524,3,DB00654
DB00606,3,DB01089
DB00206,3,DB08932
DB00226,3,DB02638
DB00590,3,DB09231
DB00559,3,DB01193
DB09244,3,DB04948
DB01170,3,DB09477
DB00381,3,DB00800
DB00678,3,DB00905
DB00559,3,DB00212
DB01037,3,DB00325
DB00457,3,DB00996
DB00521,3,DB08808
DB00697,3,DB00722
DB00212,3,DB01214
DB01180,3,DB08932
DB00606,3,DB01359
DB01355,3,DB00598
DB00346,3,DB00996
DB00468,3,DB01626
DB00881,3,DB01244
DB01119,3,DB00925
DB00657,3,DB09235
DB00614,3,DB00790
DB09070,3,DB09477
DB01203,3,DB09235
DB00903,3,DB01180
DB00264,3,DB00905
DB09204,3,DB00734
DB01238,3,DB01214
DB00752,3,DB00629
DB00418,3,DB00742
DB01580,3,DB08932
DB09220,3,DB04948
DB01608,3,DB04846
DB00420,3,DB08807
DB09244,3,DB00622
DB00706,3,DB00401
DB09282,3,DB06268
DB01580,3,DB09238
DB01367,3,DB01023
DB00528,3,DB00678
DB01119,3,DB00343
DB00692,3,DB09477
DB01018,3,DB00212
DB00599,3,DB00350
DB00436,3,DB00800
DB01090,3,DB09070
DB01608,3,DB00195
DB00212,3,DB00866
DB00182,3,DB00521
DB00521,3,DB00925
DB00933,3,DB04861
DB00598,3,DB01170
DB00866,3,DB00960
DB00195,3,DB01021
DB01351,3,DB00925
DB00474,3,DB00703
DB00614,3,DB01119
DB00474,3,DB06292
DB00964,3,DB00734
DB00880,3,DB11362
DB01171,3,DB01158
DB01580,3,DB08931
DB00966,3,DB09235
DB01367,3,DB00528
DB00590,3,DB08992
DB09244,3,DB00528
DB01089,3,DB08931
DB00905,3,DB09070
DB09070,3,DB08931
DB00612,3,DB01580
DB00457,3,DB08932
DB04861,3,DB08808
DB01090,3,DB09238
DB00528,3,DB00960
DB01351,3,DB09038
DB01626,3,DB06712
DB01158,3,DB01180
DB00806,3,DB00178
DB09242,3,DB01021
DB00606,3,DB08931
DB00212,3,DB00571
DB00559,3,DB01244
DB00374,3,DB01203
DB00346,3,DB00884
DB00418,3,DB00325
DB00287,3,DB00722
DB00806,3,DB04948
DB00401,3,DB08932
DB00629,3,DB00678
DB00614,3,DB01090
DB09241,3,DB06712
DB00528,3,DB00880
DB06267,3,DB00706
DB01247,3,DB08932
DB00508,3,DB00335
DB00622,3,DB00629
DB00287,3,DB00796
DB00680,3,DB01193
DB01615,3,DB00335
DB00381,3,DB09236
DB00598,3,DB01427
DB00790,3,DB01054
DB00614,3,DB00808
DB00264,3,DB00797
DB00680,3,DB00652
DB00381,3,DB00629
DB00393,3,DB09236
DB08808,3,DB08932
DB00849,3,DB01340
DB01238,3,DB01247
DB00312,3,DB01359
DB00654,3,DB01244
DB00794,3,DB00489
DB00849,3,DB06292
DB01367,3,DB01275
DB00590,3,DB00226
DB01154,3,DB01203
DB01275,3,DB04846
DB01168,3,DB00214
DB00794,3,DB00187
DB01351,3,DB00612
DB01608,3,DB00335
DB01203,3,DB09070
DB00325,3,DB00629
DB00474,3,DB08931
DB00806,3,DB00177
DB00457,3,DB01324
DB00418,3,DB09292
DB00622,3,DB00797
DB00346,3,DB06268
DB09241,3,DB00960
DB00346,3,DB01348
DB04840,3,DB00528
DB00780,3,DB00692
DB04840,3,DB00287
DB01037,3,DB04846
DB01622,3,DB00956
DB01170,3,DB09026
DB01325,3,DB00178
DB01351,3,DB08941
DB01615,3,DB00960
DB09244,3,DB00264
DB00794,3,DB01203
DB00960,3,DB06826
DB01246,3,DB00854
DB00528,3,DB01029
DB01069,3,DB00521
DB02638,3,DB01180
DB00374,3,DB00960
DB00752,3,DB00905
DB00474,3,DB00960
DB00796,3,DB06712
DB01113,3,DB00734
DB00474,3,DB01118
DB00614,3,DB00796
DB00492,3,DB00629
DB00226,3,DB09477
DB01246,3,DB01433
DB05266,3,DB08931
DB09244,3,DB00678
DB00805,3,DB06268
DB09282,3,DB00575
DB00780,3,DB00722
DB09241,3,DB00854
DB00794,3,DB01193
DB00270,3,DB00905
DB00528,3,DB01580
DB01626,3,DB00226
DB00346,3,DB09070
DB00774,3,DB08932
DB00418,3,DB00695
DB00880,3,DB06403
DB00287,3,DB01214
DB00806,3,DB08931
DB00524,3,DB00606
DB00831,3,DB00373
DB01238,3,DB01580
DB00790,3,DB01244
DB09282,3,DB00335
DB01197,3,DB01143
DB09282,3,DB04861
DB00374,3,DB00584
DB00226,3,DB01180
DB01355,3,DB00612
DB08808,3,DB00765
DB09241,3,DB01433
DB00559,3,DB00800
DB00457,3,DB00226
DB00528,3,DB00800
DB09236,3,DB06403
DB00195,3,DB09236
DB00752,3,DB01021
DB09220,3,DB01214
DB00905,3,DB01197
DB00883,3,DB00734
DB01355,3,DB00691
DB00474,3,DB00177
DB01116,3,DB00401
DB00264,3,DB01143
DB00881,3,DB09477
DB00598,3,DB09230
DB00794,3,DB00195
DB09282,3,DB06826
DB09244,3,DB04861
DB00335,3,DB00774
DB00458,3,DB09220
DB00418,3,DB04861
DB06207,3,DB01427
DB00794,3,DB00631
DB01367,3,DB01203
DB01116,3,DB00287
DB00866,3,DB01170
DB01170,3,DB09220
DB00869,3,DB01193
DB01037,3,DB00692
DB00393,3,DB01143
DB00457,3,DB06712
DB00346,3,DB01074
DB00831,3,DB00612
DB00350,3,DB01170
DB01088,3,DB00598
DB01154,3,DB00790
DB01018,3,DB01348
DB00831,3,DB00187
DB09242,3,DB00214
DB01037,3,DB01324
DB00217,3,DB01240
DB00966,3,DB01240
DB01351,3,DB00275
DB00831,3,DB01297
DB01090,3,DB01193
DB00492,3,DB09236
DB01168,3,DB06268
DB00622,3,DB01180
DB00178,3,DB01324
DB01238,3,DB00880
DB00264,3,DB01021
DB01029,3,DB04846
DB01171,3,DB00310
DB00182,3,DB00800
DB00217,3,DB00436
DB00457,3,DB06268
DB06207,3,DB09227
DB00287,3,DB00629
DB00343,3,DB09070
DB00752,3,DB00691
DB01116,3,DB00195
DB00831,3,DB00598
DB04840,3,DB01359
DB00287,3,DB08931
DB00806,3,DB00590
DB09241,3,DB01210
DB00925,3,DB06694
DB00226,3,DB00612
DB01238,3,DB06712
DB01244,3,DB01340
DB01355,3,DB04861
DB00752,3,DB00275
DB00177,3,DB00866
DB01615,3,DB01193
DB00177,3,DB00692
DB01119,3,DB00571
DB00206,3,DB00866
DB01116,3,DB00796
DB09245,3,DB09235
DB09244,3,DB00876
DB00790,3,DB00800
DB00528,3,DB09235
DB00559,3,DB01214
DB00654,3,DB01021
DB01088,3,DB01275
DB00800,3,DB02638
DB00519,3,DB01089
DB01626,3,DB09026
DB00182,3,DB01158
DB00457,3,DB09231
DB00346,3,DB00800
DB01355,3,DB00571
DB00796,3,DB09070
DB00999,3,DB06268
DB00575,3,DB00606
DB00806,3,DB00226
DB00614,3,DB01170
DB00876,3,DB08932
DB00477,3,DB00187
DB09220,3,DB00575
DB01115,3,DB00960
DB09220,3,DB08941
DB09244,3,DB01180
DB00654,3,DB06826
DB00401,3,DB01244
DB01168,3,DB00622
DB01088,3,DB00350
DB04846,3,DB09236
DB00678,3,DB01021
DB00325,3,DB09477
DB01174,3,DB00800
DB00343,3,DB01324
DB00270,3,DB09238
DB00933,3,DB00612
DB00575,3,DB09070
DB00752,3,DB01023
DB01069,3,DB01136
DB09282,3,DB00519
DB00622,3,DB00774
DB01367,3,DB00612
DB00457,3,DB00653
DB00457,3,DB04948
DB00794,3,DB01275
DB00661,3,DB00325
DB00752,3,DB01275
DB00373,3,DB01324
DB00343,3,DB04948
DB00474,3,DB09038
DB00310,3,DB00528
DB00880,3,DB01244
DB09282,3,DB00524
DB00612,3,DB06826
DB09241,3,DB01359
DB00654,3,DB06403
DB01238,3,DB00275
DB00350,3,DB02638
DB01037,3,DB01023
DB00206,3,DB00800
DB00346,3,DB00325
DB00226,3,DB01244
DB00599,3,DB01144
DB00528,3,DB01136
DB00528,3,DB01197
DB00680,3,DB01452
DB00797,3,DB01244
DB00614,3,DB01203
DB01246,3,DB00318
DB00622,3,DB09236
DB00312,3,DB00195
DB01037,3,DB01090
DB00418,3,DB00393
DB00310,3,DB08808
DB09242,3,DB00905
DB00195,3,DB08808
DB00524,3,DB00734
DB00559,3,DB01348
DB00849,3,DB00335
DB00212,3,DB00654
DB01238,3,DB00881
DB01154,3,DB00700
DB00468,3,DB00722
DB00599,3,DB09279
DB00195,3,DB00925
DB00866,3,DB01348
DB09220,3,DB09279
DB01162,3,DB09232
DB00880,3,DB01089
DB01037,3,DB01018
DB00275,3,DB09070
DB00966,3,DB01170
DB00261,3,DB08931
DB08808,3,DB09238
DB01168,3,DB00654
DB01119,3,DB00519
DB00528,3,DB00765
DB00881,3,DB09238
DB00614,3,DB01580
DB00590,3,DB00884
DB00226,3,DB00524
DB00287,3,DB01180
DB09220,3,DB01247
DB01351,3,DB00622
DB01154,3,DB01247
DB01018,3,DB09242
DB01037,3,DB00214
DB09241,3,DB00393
DB09282,3,DB01240
DB01193,3,DB01580
DB01168,3,DB09242
DB01626,3,DB00722
DB00528,3,DB00869
DB00849,3,DB00590
DB00214,3,DB00374
DB00584,3,DB09235
DB00599,3,DB00270
DB00796,3,DB06268
DB00270,3,DB09236
DB01088,3,DB04861
DB09220,3,DB00421
DB09282,3,DB00177
DB00849,3,DB01200
DB01580,3,DB01089
DB00774,3,DB01170
DB01275,3,DB01240
DB00623,3,DB04846
DB09220,3,DB01193
DB01203,3,DB02638
DB01154,3,DB08822
DB01351,3,DB00195
DB00849,3,DB00270
DB00206,3,DB04846
DB01170,3,DB01180
DB00866,3,DB01244
DB01325,3,DB00519
DB00195,3,DB00869
DB00598,3,DB09235
DB01275,3,DB09477
DB09244,3,DB00629
DB00542,3,DB00734
DB00797,3,DB00999
DB00614,3,DB00374
DB06267,3,DB06207
DB00590,3,DB01170
DB00418,3,DB00727
DB00794,3,DB08822
DB00806,3,DB00519
DB01054,3,DB00325
DB01154,3,DB00584
DB01171,3,DB01197
DB01355,3,DB00797
DB01174,3,DB08822
DB00805,3,DB00654
DB00880,3,DB09235
DB00999,3,DB01089
DB00849,3,DB00903
DB00418,3,DB00270
DB00999,3,DB01180
DB00212,3,DB00310
DB01324,3,DB09477
DB00343,3,DB09236
DB00418,3,DB01359
DB01174,3,DB00542
DB00182,3,DB01119
DB00575,3,DB00797
DB00606,3,DB01136
DB00346,3,DB09231
DB09241,3,DB00598
DB00346,3,DB00808
DB00999,3,DB11362
DB00217,3,DB06403
DB00681,3,DB00734
DB00346,3,DB00401
DB00849,3,DB00780
DB00468,3,DB00790
DB00212,3,DB06268
DB04840,3,DB04948
DB00310,3,DB01240
DB01240,3,DB00734
DB01116,3,DB04861
DB09220,3,DB00384
DB00933,3,DB01214
DB01626,3,DB02638
DB01403,3,DB01214
DB00849,3,DB00966
DB01367,3,DB00765
DB00346,3,DB01116
DB09282,3,DB00206
DB00335,3,DB06268
DB00831,3,DB01214
DB00692,3,DB00790
DB01608,3,DB00187
DB00508,3,DB00195
DB00508,3,DB00264
DB01608,3,DB00327
DB00575,3,DB04948
DB00966,3,DB11362
DB01367,3,DB06712
DB00599,3,DB00381
DB01348,3,DB01359
DB00774,3,DB01197
DB01214,3,DB09070
DB00899,3,DB00734
DB01174,3,DB01340
DB04840,3,DB00765
DB00212,3,DB09235
DB01247,3,DB00195
DB00691,3,DB06712
DB00614,3,DB00401
DB00310,3,DB09477
DB00794,3,DB00178
DB09244,3,DB00325
DB01162,3,DB09236
DB00657,3,DB08932
DB01119,3,DB00559
DB00752,3,DB00734
DB01168,3,DB09026
DB00752,3,DB00217
DB01119,3,DB01580
DB00794,3,DB00325
DB01162,3,DB06694
DB00590,3,DB00287
DB00335,3,DB09235
DB00774,3,DB00790
DB09220,3,DB09227
DB00780,3,DB00559
DB01367,3,DB00226
DB01367,3,DB04840
DB00312,3,DB00881
DB01355,3,DB00590
DB00797,3,DB00905
DB00800,3,DB01158
DB00393,3,DB00869
DB00706,3,DB09227
DB00182,3,DB01197
DB01029,3,DB06712
DB01116,3,DB01275
DB01247,3,DB00325
DB01168,3,DB00178
DB00806,3,DB00521
DB01193,3,DB01324
DB00599,3,DB06292
DB00614,3,DB00866
DB01158,3,DB01170
DB01154,3,DB01136
DB00599,3,DB00714
DB00780,3,DB00287
DB00217,3,DB01275
DB00226,3,DB00925
DB00468,3,DB00521
DB00374,3,DB09220
DB00393,3,DB00654
DB00226,3,DB00796
DB00468,3,DB01197
DB01162,3,DB04743
DB00559,3,DB01143
DB00680,3,DB01209
DB09220,3,DB01136
DB01367,3,DB00691
DB01171,3,DB11362
DB00661,3,DB08808
DB00849,3,DB01247
DB00373,3,DB09070
DB00794,3,DB04948
DB00528,3,DB00905
DB00692,3,DB08808
DB00692,3,DB09236
DB00780,3,DB00178
DB01154,3,DB01023
DB00325,3,DB01348
DB09236,3,DB00571
DB01119,3,DB00692
DB00831,3,DB00571
DB00849,3,DB00755
DB01197,3,DB01244
DB00312,3,DB00714
DB01367,3,DB01580
DB04861,3,DB06826
DB00519,3,DB00774
DB01351,3,DB01113
DB00182,3,DB00270
DB00590,3,DB00374
DB09245,3,DB09220
DB00350,3,DB00528
DB09241,3,DB11362
DB09282,3,DB00727
DB01037,3,DB01158
DB04840,3,DB00373
DB09241,3,DB01203
DB00752,3,DB08808
DB00654,3,DB01023
DB01238,3,DB09477
DB01238,3,DB00435
DB00393,3,DB06694
DB01240,3,DB06268
DB01403,3,DB08807
DB00599,3,DB00727
DB00850,3,DB01297
DB01162,3,DB08992
DB00178,3,DB00797
DB00780,3,DB01029
DB09244,3,DB00925
DB01090,3,DB06712
DB00310,3,DB00800
DB00275,3,DB01054
DB09241,3,DB00765
DB00178,3,DB00734
DB01168,3,DB00457
DB00933,3,DB01295
DB01154,3,DB00881
DB01090,3,DB06694
DB00310,3,DB00629
DB01622,3,DB01214
DB01214,3,DB01324
DB01088,3,DB00590
DB00433,3,DB00866
DB00346,3,DB00373
DB00310,3,DB04948
DB01367,3,DB00457
DB00722,3,DB01054
DB00528,3,DB00797
DB00212,3,DB01089
DB00866,3,DB01143
DB09244,3,DB00212
DB00806,3,DB00287
DB00797,3,DB01054
DB00966,3,DB01143
DB00599,3,DB09242
DB00542,3,DB00797
DB06712,3,DB00734
DB01626,3,DB01158
DB00657,3,DB00765
DB00722,3,DB01348
DB00599,3,DB00187
DB00343,3,DB09235
DB00350,3,DB00905
DB01168,3,DB00195
DB01088,3,DB00178
DB00805,3,DB00800
DB00212,3,DB01021
DB00325,3,DB00925
DB00692,3,DB01054
DB06712,3,DB08808
DB00657,3,DB00654
DB00606,3,DB01324
DB00780,3,DB00212
DB01168,3,DB01348
DB01171,3,DB00374
DB00217,3,DB09235
DB04840,3,DB00521
DB01021,3,DB01193
DB00999,3,DB06712
DB00206,3,DB09238
DB01054,3,DB06403
DB01171,3,DB00492
DB00606,3,DB01193
DB04861,3,DB09236
DB00800,3,DB01023
DB01054,3,DB01158
DB01054,3,DB11362
DB00905,3,DB01340
DB00343,3,DB01021
DB00808,3,DB11362
DB00346,3,DB00925
DB00691,3,DB01580
DB04840,3,DB01580
DB00654,3,DB02638
DB09220,3,DB09235
DB01351,3,DB01143
DB01247,3,DB01359
DB01247,3,DB00925
DB00270,3,DB01170
DB04846,3,DB01089
DB00680,3,DB00335
DB00519,3,DB00800
DB01171,3,DB00598
DB00780,3,DB01193
DB01340,3,DB08808
DB00287,3,DB00528
DB01119,3,DB01197
DB00849,3,DB00692
DB09241,3,DB00654
DB09241,3,DB01023
DB00606,3,DB11362
DB01136,3,DB09477
DB00360,3,DB00820
DB00780,3,DB00275
DB00474,3,DB00178
DB00968,3,DB01324
DB00614,3,DB00457
DB01325,3,DB01180
DB00629,3,DB00774
DB09241,3,DB00612
DB01054,3,DB09238
DB00325,3,DB00212
DB09245,3,DB00524
DB01355,3,DB00187
DB00794,3,DB00598
DB00800,3,DB00966
DB01162,3,DB09227
DB01340,3,DB00734
DB01171,3,DB00542
DB01171,3,DB00521
DB00575,3,DB06268
DB01608,3,DB00611
DB00346,3,DB00584
DB01018,3,DB01170
DB01367,3,DB08931
DB01069,3,DB00373
DB00614,3,DB01029
DB01136,3,DB00884
DB01154,3,DB08931
DB00374,3,DB06403
DB00780,3,DB00966
DB00468,3,DB00206
DB00287,3,DB01158
DB00680,3,DB01214
DB00226,3,DB00678
DB00680,3,DB00373
DB09220,3,DB00489
DB09245,3,DB00966
DB00350,3,DB00800
DB01119,3,DB01193
DB01069,3,DB00598
DB01037,3,DB00195
DB00797,3,DB06694
DB00346,3,DB09232
DB11699,3,DB00714
DB01580,3,DB06712
DB00680,3,DB01359
DB00350,3,DB06694
DB00559,3,DB04948
DB00346,3,DB01158
DB00559,3,DB00373
DB00492,3,DB00528
DB01340,3,DB06694
DB09242,3,DB00622
DB00457,3,DB11362
DB01275,3,DB09236
DB09241,3,DB01158
DB09241,3,DB06268
DB01247,3,DB00521
DB00217,3,DB01023
DB00794,3,DB09477
DB00968,3,DB01180
DB00477,3,DB08807
DB01240,3,DB08808
DB01247,3,DB01054
DB00524,3,DB02638
DB01351,3,DB01612
DB00468,3,DB00598
DB01247,3,DB00401
DB00968,3,DB09477
DB00598,3,DB00654
DB00622,3,DB01170
DB11362,3,DB01143
DB00606,3,DB01340
DB00850,3,DB01359
DB01116,3,DB06403
DB00559,3,DB00722
DB01238,3,DB01159
DB09282,3,DB00797
DB00542,3,DB00800
DB01355,3,DB00335
DB04840,3,DB01021
DB00850,3,DB00612
DB01359,3,DB08932
DB00881,3,DB01180
DB06403,3,DB08932
DB00806,3,DB06694
DB04948,3,DB06826
DB00373,3,DB09235
DB02638,3,DB04948
DB00575,3,DB06826
DB09220,3,DB00457
DB00680,3,DB01551
DB09220,3,DB00692
DB01340,3,DB06403
DB01275,3,DB09235
DB09282,3,DB00790
DB00468,3,DB01021
DB09244,3,DB00335
DB01247,3,DB00734
DB00800,3,DB00765
DB00468,3,DB00876
DB01351,3,DB01210
DB00966,3,DB01090
DB00401,3,DB00866
DB01367,3,DB00374
DB00519,3,DB01240
DB00614,3,DB01626
DB00206,3,DB01193
DB00806,3,DB00790
DB00622,3,DB09238
DB00528,3,DB06826
DB01367,3,DB00800
DB00418,3,DB01020
DB00312,3,DB01247
DB01351,3,DB01359
DB00474,3,DB01340
DB00999,3,DB01054
DB00325,3,DB06403
DB01018,3,DB09070
DB00374,3,DB00800
DB01119,3,DB00612
DB01037,3,DB00790
DB00805,3,DB00310
DB01088,3,DB09026
DB09220,3,DB01189
DB01367,3,DB01180
DB00178,3,DB06268
DB09245,3,DB00808
DB01154,3,DB00373
DB00373,3,DB00800
DB00790,3,DB01580
DB00794,3,DB00681
DB00474,3,DB01203
DB01168,3,DB01626
DB01088,3,DB00492
DB09245,3,DB00401
DB01090,3,DB08932
DB00612,3,DB01244
DB01247,3,DB01119
DB00774,3,DB00765
DB01158,3,DB01089
DB09220,3,DB00177
DB00346,3,DB01275
DB09241,3,DB00774
DB04861,3,DB00765
DB09220,3,DB00350
DB00474,3,DB01214
DB00195,3,DB01143
DB01174,3,DB00695
DB00599,3,DB01282
DB01355,3,DB00780
DB01214,3,DB02638
DB09220,3,DB00691
DB00796,3,DB04846
DB01162,3,DB09216
DB00657,3,DB01143
DB00880,3,DB08932
DB00212,3,DB00584
DB01158,3,DB01580
DB00217,3,DB01089
DB00806,3,DB11362
DB01244,3,DB09238
DB00346,3,DB00230
DB01115,3,DB00489
DB00335,3,DB01090
DB09242,3,DB06403
DB01054,3,DB01359
DB04840,3,DB00393
DB00999,3,DB06826
DB01168,3,DB00401
DB09241,3,DB04840
DB01608,3,DB00318
DB09244,3,DB00905
DB01088,3,DB09242
DB00653,3,DB00325
DB01351,3,DB00489
DB00312,3,DB00594
DB00178,3,DB01240
DB09241,3,DB00899
DB02638,3,DB08932
DB00692,3,DB01324
DB01622,3,DB00187
DB00217,3,DB04948
DB00849,3,DB00678
DB00691,3,DB01348
DB09241,3,DB02638
DB01193,3,DB01240
DB01197,3,DB11362
DB00335,3,DB11362
DB01088,3,DB00629
DB00468,3,DB09026
DB01037,3,DB00287
DB00350,3,DB11362
DB01171,3,DB00214
DB01240,3,DB01143
DB00960,3,DB01580
DB01622,3,DB00612
DB01242,3,DB00734
DB00606,3,DB04846
DB00346,3,DB00270
DB01115,3,DB00866
DB00474,3,DB01020
DB00287,3,DB00692
DB00680,3,DB00921
DB00374,3,DB00722
DB00287,3,DB01197
DB00806,3,DB00492
DB01367,3,DB01029
DB00559,3,DB01021
DB00806,3,DB00575
DB01244,3,DB01143
DB00312,3,DB01340
DB00881,3,DB00734
DB00374,3,DB01359
DB00797,3,DB01029
DB00933,3,DB00187
DB00182,3,DB06403
DB01171,3,DB06268
DB00393,3,DB00734
DB01119,3,DB01143
DB09245,3,DB06712
DB01023,3,DB06694
DB00436,3,DB00692
DB00862,3,DB00457
DB01244,3,DB04861
DB00177,3,DB02638
DB01029,3,DB01089
DB00287,3,DB00612
DB01054,3,DB00765
DB01154,3,DB00401
DB00606,3,DB01023
DB00806,3,DB00880
DB00474,3,DB00797
DB00212,3,DB00542
DB00418,3,DB00187
DB01355,3,DB00584
DB01119,3,DB00177
DB01037,3,DB00310
DB00206,3,DB01180
DB00850,3,DB00187
DB00880,3,DB01580
DB00790,3,DB01240
DB00869,3,DB08932
DB00629,3,DB00808
DB00614,3,DB00373
DB00571,3,DB08932
DB00195,3,DB01090
DB00849,3,DB09292
DB00195,3,DB00226
DB06268,3,DB01143
DB00790,3,DB00797
DB01214,3,DB01240
DB00614,3,DB01054
DB09245,3,DB00335
DB01626,3,DB04840
DB01116,3,DB00335
DB00335,3,DB09238
DB01037,3,DB00808
DB00780,3,DB04846
DB00966,3,DB09238
DB00212,3,DB00214
DB01626,3,DB00264
DB00524,3,DB01180
DB00203,3,DB00590
DB00206,3,DB00774
DB00590,3,DB06712
DB09241,3,DB00622
DB01247,3,DB01193
DB00418,3,DB00519
DB00217,3,DB00287
DB01238,3,DB00575
DB00468,3,DB00925
DB00612,3,DB00765
DB04948,3,DB08932
DB00195,3,DB00765
DB01090,3,DB09477
DB09026,3,DB06268
DB01088,3,DB00264
DB00214,3,DB08932
DB09282,3,DB00325
DB04840,3,DB04846
DB00374,3,DB00999
DB01240,3,DB01340
DB06712,3,DB08932
DB01351,3,DB01144
DB00584,3,DB01089
DB00178,3,DB09070
DB01154,3,DB00727
DB00418,3,DB00275
DB01116,3,DB00960
DB00474,3,DB01193
DB00722,3,DB01143
DB00418,3,DB00691
DB00800,3,DB09235
DB00623,3,DB01214
DB00800,3,DB00968
DB01608,3,DB00571
DB01367,3,DB01116
DB09216,3,DB00325
DB00599,3,DB01118
DB00182,3,DB00584
DB00654,3,DB01580
DB01116,3,DB00343
DB01615,3,DB01359
DB00869,3,DB01203
DB00346,3,DB01089
DB00806,3,DB00876
DB01045,3,DB00818
DB09241,3,DB00881
DB00691,3,DB01240
DB00182,3,DB00966
DB00849,3,DB01029
DB09242,3,DB00869
DB00629,3,DB09026
DB00436,3,DB01324
DB00457,3,DB01170
DB00393,3,DB09070
DB00346,3,DB08931
DB01240,3,DB08931
DB01162,3,DB09238
DB01174,3,DB01113
DB00849,3,DB00695
DB09220,3,DB01054
DB00492,3,DB01054
DB00881,3,DB01021
DB00528,3,DB00325
DB01119,3,DB09242
DB01367,3,DB02638
DB00374,3,DB00797
DB00571,3,DB09070
DB00182,3,DB01021
DB01088,3,DB00275
DB00629,3,DB06694
DB01088,3,DB00691
DB04840,3,DB00925
DB00182,3,DB00343
DB00680,3,DB04861
DB00346,3,DB00612
DB01355,3,DB01144
DB01238,3,DB08907
DB00722,3,DB00869
DB00966,3,DB01089
DB01340,3,DB01348
DB00780,3,DB01158
DB01116,3,DB00606
DB00270,3,DB00800
DB01119,3,DB06712
DB01116,3,DB00966
DB01088,3,DB00925
DB00528,3,DB00866
DB00905,3,DB01324
DB00433,3,DB01297
DB01154,3,DB00631
DB00312,3,DB01029
DB09220,3,DB00774
DB00528,3,DB00606
DB00177,3,DB01054
DB00691,3,DB01244
DB01162,3,DB00555
DB09242,3,DB00654
DB00374,3,DB11362
DB00598,3,DB09236
DB00880,3,DB06694
DB00226,3,DB01203
DB00468,3,DB00590
DB00528,3,DB00654
DB00335,3,DB00692
DB00654,3,DB09220
DB00614,3,DB00325
DB01626,3,DB09236
DB06207,3,DB04920
DB01626,3,DB00622
DB00881,3,DB01089
DB00492,3,DB02638
DB01367,3,DB00393
DB00794,3,DB09112
DB00492,3,DB00905
DB01154,3,DB00722
DB00780,3,DB00575
DB01119,3,DB00960
DB09070,3,DB00765
DB00584,3,DB06826
DB09220,3,DB00325
DB00373,3,DB00925
DB01324,3,DB01089
DB00968,3,DB01090
DB00780,3,DB00999
DB00226,3,DB01136
DB00790,3,DB00734
DB00559,3,DB00178
DB00780,3,DB00590
DB04846,3,DB01180
DB01168,3,DB00524
DB00599,3,DB01088
DB00381,3,DB08932
DB00287,3,DB00393
DB01238,3,DB00519
DB09245,3,DB06403
DB01367,3,DB01119
DB00217,3,DB00226
DB02638,3,DB09235
DB00805,3,DB00217
DB00780,3,DB09236
DB09245,3,DB09238
DB00350,3,DB04948
DB00457,3,DB09235
DB01197,3,DB06694
DB00212,3,DB00869
DB00312,3,DB00590
DB00796,3,DB01090
DB09282,3,DB01275
DB00195,3,DB06268
DB00805,3,DB01626
DB00695,3,DB09477
DB09070,3,DB01180
DB01351,3,DB00598
DB09220,3,DB00657
DB01174,3,DB00384
DB09282,3,DB01116
DB00393,3,DB00325
DB00797,3,DB06712
DB00691,3,DB01143
DB00629,3,DB01170
DB00849,3,DB01162
DB00346,3,DB01029
DB00374,3,DB01090
DB09220,3,DB00800
DB00521,3,DB00800
DB00599,3,DB00542
DB01116,3,DB01244
DB00800,3,DB09070
DB00214,3,DB09236
DB00774,3,DB02638
DB06712,3,DB09236
DB00474,3,DB00519
DB01615,3,DB00866
DB00226,3,DB04861
DB01069,3,DB04846
DB00363,3,DB00734
DB01088,3,DB00880
DB00590,3,DB04948
DB01244,3,DB09235
DB00614,3,DB01158
DB09245,3,DB00436
DB01238,3,DB01037
DB00335,3,DB09070
DB00275,3,DB01324
DB01622,3,DB00521
DB00905,3,DB08931
DB01115,3,DB01295
DB00780,3,DB00343
DB01171,3,DB01324
DB01018,3,DB11362
DB00849,3,DB00521
DB00492,3,DB01089
DB00217,3,DB08932
DB00524,3,DB01244
DB09236,3,DB09238
DB00598,3,DB00606
DB00706,3,DB08992
DB04840,3,DB00270
DB01162,3,DB01427
DB09242,3,DB00968
DB01240,3,DB02638
DB00287,3,DB09235
DB00418,3,DB00887
DB00726,3,DB09220
DB01247,3,DB06268
DB00849,3,DB00661
DB01088,3,DB00722
DB01351,3,DB00270
DB04840,3,DB01089
DB01018,3,DB00654
DB01615,3,DB01210
DB04846,3,DB01143
DB00559,3,DB00774
DB00629,3,DB01180
DB01247,3,DB00287
DB00433,3,DB00960
DB01626,3,DB00880
DB00790,3,DB06826
DB00678,3,DB04948
DB00212,3,DB01180
DB01174,3,DB00657
DB01018,3,DB00226
DB01367,3,DB01197
DB00206,3,DB01295
DB00606,3,DB01158
DB09238,3,DB01180
DB00474,3,DB09112
DB01247,3,DB00606
DB00866,3,DB01023
DB00657,3,DB04840
DB01238,3,DB00695
DB01214,3,DB06268
DB00178,3,DB06694
DB01168,3,DB00881
DB00474,3,DB09026
DB01246,3,DB06204
DB00849,3,DB01020
DB00800,3,DB09238
DB00780,3,DB00374
DB00805,3,DB01170
DB00598,3,DB01021
DB00794,3,DB01158
DB01275,3,DB06268
DB00606,3,DB01143
DB00346,3,DB08992
DB01154,3,DB01210
DB00614,3,DB09236
DB00346,3,DB01119
DB00575,3,DB00774
DB00178,3,DB01348
DB01168,3,DB01119
DB00599,3,DB01200
DB00350,3,DB01240
DB01021,3,DB09220
DB01116,3,DB01214
DB09241,3,DB00966
DB01037,3,DB01119
DB01351,3,DB00661
DB01348,3,DB01089
DB00831,3,DB01193
DB00492,3,DB01348
DB00614,3,DB00559
DB09220,3,DB00876
DB00182,3,DB04948
DB00622,3,DB01021
DB00457,3,DB00212
DB09242,3,DB00401
DB00805,3,DB04948
DB01608,3,DB01433
DB01355,3,DB00903
DB00287,3,DB01143
DB00524,3,DB01021
DB00312,3,DB01367
DB06712,3,DB00765
DB00820,3,DB01162
DB01240,3,DB06694
DB01168,3,DB00287
DB00598,3,DB00765
DB00217,3,DB00722
DB00312,3,DB00800
DB00177,3,DB01244
DB09238,3,DB00325
DB00794,3,DB00780
DB01324,3,DB09236
DB04846,3,DB11362
DB00806,3,DB00584
DB01154,3,DB00435
DB01054,3,DB01170
DB00575,3,DB01170
DB01348,3,DB06403
DB09242,3,DB00774
DB01351,3,DB01229
DB00335,3,DB01021
DB09241,3,DB00876
DB00350,3,DB09477
DB00477,3,DB01210
DB01348,3,DB01580
DB01088,3,DB00436
DB01089,3,DB01180
DB00614,3,DB00654
DB00849,3,DB00960
DB09220,3,DB06292
DB01174,3,DB01210
DB09220,3,DB00966
DB06694,3,DB11362
DB00226,3,DB00999
DB01037,3,DB00217
DB00226,3,DB00492
DB01246,3,DB00521
DB00866,3,DB06268
DB00654,3,DB09235
DB00849,3,DB00876
DB00849,3,DB01023
DB00806,3,DB00612
DB01340,3,DB00765
DB01171,3,DB00808
DB09286,3,DB00734
DB00217,3,DB00869
DB01154,3,DB00925
DB06826,3,DB09238
DB00214,3,DB00528
DB04861,3,DB06403
DB09220,3,DB01023
DB09282,3,DB00401
DB01626,3,DB00325
DB01171,3,DB00559
DB00474,3,DB04861
DB00706,3,DB00393
DB01088,3,DB00521
DB00559,3,DB00264
DB09220,3,DB00413
DB09245,3,DB00999
DB00575,3,DB01090
DB01115,3,DB01359
DB09282,3,DB00612
DB00418,3,DB01203
DB01119,3,DB00521
DB00571,3,DB00734
DB01203,3,DB06712
DB00542,3,DB01244
DB09241,3,DB00373
DB09238,3,DB09477
DB00275,3,DB00800
DB00178,3,DB06712
DB01021,3,DB01029
DB00177,3,DB08808
DB01275,3,DB01021
DB00178,3,DB04846
DB00346,3,DB00457
DB00599,3,DB01169
DB00599,3,DB00178
DB01154,3,DB00703
DB00206,3,DB00374
DB00418,3,DB00975
DB09244,3,DB00519
DB01170,3,DB06403
DB01240,3,DB06826
DB09244,3,DB00881
DB01626,3,DB00691
DB00794,3,DB01169
DB01351,3,DB00903
DB06712,3,DB09235
DB00800,3,DB06268
DB00457,3,DB09477
DB01608,3,DB11609
DB01069,3,DB09204
DB00898,3,DB00203
DB00312,3,DB00968
DB00350,3,DB01348
DB00206,3,DB06712
DB00623,3,DB01203
DB00925,3,DB00968
DB00800,3,DB00808
DB01171,3,DB00275
DB01626,3,DB00575
DB09282,3,DB00808
DB01090,3,DB01170
DB01351,3,DB01200
DB00794,3,DB00960
DB00881,3,DB01090
DB00794,3,DB01088
DB09244,3,DB06826
DB00542,3,DB00654
DB00657,3,DB00905
DB00270,3,DB01580
DB01324,3,DB09238
DB00401,3,DB01143
DB01608,3,DB00295
DB01170,3,DB08808
DB00468,3,DB01054
DB00542,3,DB00629
DB00722,3,DB01089
DB09282,3,DB00436
DB00629,3,DB00880
DB00312,3,DB04861
DB00212,3,DB00374
DB09238,3,DB00765
DB00182,3,DB11362
DB09220,3,DB11362
DB00805,3,DB00492
DB00862,3,DB00706
DB00999,3,DB00765
DB00849,3,DB00706
DB09245,3,DB09070
DB09241,3,DB01551
DB00571,3,DB00765
DB00622,3,DB01143
DB00680,3,DB01081
DB00657,3,DB01089
DB00968,3,DB01143
DB06694,3,DB09236
DB00584,3,DB00905
DB00869,3,DB00905
DB09241,3,DB00492
DB00590,3,DB00568
DB00312,3,DB00178
DB06826,3,DB08808
DB00212,3,DB00524
DB00528,3,DB01023
DB01168,3,DB00571
DB00614,3,DB08932
DB00436,3,DB09236
DB01197,3,DB01089
DB01170,3,DB01580
DB01427,3,DB00325
DB00270,3,DB00797
DB01275,3,DB00866
DB00217,3,DB00622
DB00606,3,DB09238
DB00519,3,DB09235
DB01193,3,DB01180
DB00346,3,DB01324
DB00866,3,DB00881
DB04948,3,DB00765
DB09220,3,DB06268
DB01174,3,DB00975
DB01229,3,DB00734
DB01244,3,DB08808
DB01116,3,DB06694
DB00584,3,DB00692
DB00622,3,DB01136
DB00797,3,DB01158
DB01615,3,DB04861
DB00774,3,DB00808
DB00797,3,DB01180
DB00706,3,DB00734
DB00805,3,DB00925
DB01348,3,DB02638
DB01275,3,DB00692
DB00343,3,DB00692
DB00519,3,DB00765
DB01088,3,DB09235
DB00575,3,DB06694
DB00182,3,DB01136
DB06826,3,DB06268
DB00373,3,DB01021
DB00418,3,DB01197
DB01340,3,DB09238
DB00420,3,DB01297
DB01023,3,DB08932
DB00612,3,DB01348
DB01626,3,DB00521
DB09220,3,DB00796
DB08941,3,DB00734
DB00706,3,DB07615
DB00780,3,DB00521
DB01088,3,DB09238
DB00968,3,DB06712
DB09282,3,DB00606
DB00195,3,DB00374
DB00614,3,DB00575
DB01325,3,DB00691
DB09220,3,DB01169
DB00692,3,DB01136
DB00869,3,DB00925
DB01154,3,DB00780
DB01029,3,DB06403
DB00866,3,DB00765
DB01238,3,DB01275
DB00796,3,DB00797
DB00374,3,DB01021
DB01119,3,DB01054
DB00519,3,DB06268
DB01622,3,DB04846
DB00325,3,DB04840
DB00373,3,DB08932
DB00524,3,DB09477
DB01238,3,DB00350
DB00474,3,DB00678
DB00774,3,DB00869
DB08907,3,DB00214
DB00805,3,DB00575
DB01116,3,DB04840
DB00805,3,DB00287
DB00275,3,DB01170
DB00623,3,DB00373
DB01626,3,DB00401
DB00599,3,DB01023
DB00214,3,DB11362
DB00373,3,DB01180
DB01615,3,DB00598
DB00797,3,DB00876
DB00794,3,DB09038
DB00780,3,DB06694
DB00692,3,DB01180
DB00325,3,DB00692
DB01174,3,DB00876
DB01119,3,DB01275
DB00575,3,DB04840
DB00805,3,DB06712
DB01615,3,DB00187
DB00508,3,DB01214
DB00780,3,DB09070
DB01174,3,DB01367
DB00374,3,DB00492
DB00808,3,DB01170
DB09245,3,DB00612
DB01608,3,DB01203
DB00614,3,DB00177
DB01116,3,DB01023
DB00373,3,DB00654
DB01174,3,DB00275
DB00177,3,DB06403
DB01023,3,DB01054
DB00925,3,DB00734
DB01214,3,DB01348
DB00622,3,DB00692
DB00217,3,DB00374
DB09242,3,DB01214
DB00477,3,DB01359
DB00346,3,DB00571
DB01115,3,DB00734
DB01119,3,DB00968
DB04743,3,DB00325
DB00820,3,DB00457
DB09282,3,DB09236
DB00275,3,DB02638
DB06267,3,DB00590
DB00468,3,DB01244
DB00521,3,DB01054
DB00310,3,DB01244
DB00654,3,DB01193
DB01340,3,DB04846
DB00178,3,DB04948
DB00275,3,DB01240
DB00774,3,DB06826
DB01615,3,DB01295
DB01626,3,DB00335
DB00350,3,DB00692
DB01203,3,DB08932
DB01119,3,DB01180
DB09242,3,DB00808
DB00350,3,DB06403
DB00178,3,DB00869
DB00182,3,DB00519
DB00381,3,DB00866
DB01355,3,DB00800
DB09220,3,DB01020
DB00661,3,DB01295
DB00590,3,DB00797
DB00418,3,DB00598
DB01171,3,DB00350
DB00623,3,DB00571
DB09241,3,DB01244
DB00876,3,DB09236
DB01246,3,DB00295
DB00614,3,DB00217
DB01355,3,DB04920
DB00806,3,DB00966
DB00374,3,DB00790
DB00226,3,DB09070
DB01119,3,DB00528
DB09235,3,DB00325
DB00606,3,DB00881
DB00217,3,DB01244
DB00287,3,DB01348
DB01174,3,DB00964
DB01037,3,DB00691
DB00614,3,DB09220
DB00474,3,DB00492
DB00831,3,DB00335
DB01037,3,DB01197
DB09220,3,DB00524
DB01088,3,DB08932
DB01238,3,DB09242
DB00925,3,DB01359
DB09220,3,DB00679
DB09241,3,DB06694
DB00629,3,DB00654
DB00401,3,DB01580
DB09026,3,DB11362
DB00468,3,DB00692
DB00312,3,DB01162
DB00599,3,DB00796
DB01037,3,DB00598
DB01348,3,DB00765
DB00794,3,DB04920
DB00321,3,DB09220
DB01119,3,DB00790
DB00492,3,DB01240
DB00752,3,DB01240
DB09236,3,DB09477
DB00590,3,DB00212
DB00212,3,DB00528
DB00849,3,DB00178
DB00195,3,DB06712
DB01614,3,DB08808
DB00264,3,DB09477
DB00774,3,DB01324
DB00880,3,DB09070
DB00999,3,DB01244
DB00790,3,DB01143
DB00457,3,DB01074
DB00381,3,DB00692
DB00559,3,DB00790
DB01029,3,DB01054
DB00571,3,DB01089
DB00780,3,DB01021
DB09220,3,DB08932
DB01351,3,DB00727
DB00623,3,DB08808
DB01608,3,DB01297
DB00182,3,DB00881
DB06826,3,DB08932
DB01367,3,DB01626
DB01116,3,DB09026
DB01136,3,DB01244
DB00691,3,DB11362
DB00590,3,DB01324
DB00849,3,DB00975
DB01023,3,DB01089
DB01240,3,DB01244
DB01246,3,DB01193
DB00468,3,DB01089
DB00433,3,DB00335
DB00599,3,DB00393
DB00393,3,DB00905
DB00206,3,DB09235
DB00374,3,DB01089
DB01174,3,DB00373
DB00468,3,DB00869
DB00217,3,DB01170
DB01158,3,DB01143
DB06207,3,DB09232
DB00612,3,DB01090
DB01174,3,DB00780
DB01351,3,DB00876
DB00217,3,DB00968
DB00584,3,DB00925
DB00869,3,DB09477
DB00797,3,DB01359
DB00933,3,DB04846
DB01626,3,DB01170
DB01367,3,DB01214
DB00752,3,DB00325
DB00999,3,DB01240
DB04948,3,DB09477
DB00468,3,DB09477
DB00270,3,DB01244
DB00433,3,DB00373
DB00752,3,DB00350
DB00474,3,DB08941
DB00905,3,DB04861
DB01037,3,DB04861
DB01367,3,DB00905
DB09242,3,DB00492
DB00418,3,DB00264
DB01037,3,DB06712
DB04840,3,DB00401
DB01355,3,DB01037
DB00270,3,DB00774
DB00584,3,DB00629
DB00960,3,DB01348
DB00521,3,DB00765
DB01088,3,DB00206
DB00599,3,DB00703
DB00905,3,DB01089
DB06712,3,DB08931
DB09282,3,DB01348
DB00960,3,DB02638
DB00575,3,DB01240
DB00869,3,DB01359
DB00521,3,DB09238
DB00680,3,DB00571
DB00270,3,DB01089
DB00226,3,DB00287
DB01238,3,DB00818
DB00606,3,DB01244
DB00312,3,DB00489
DB00524,3,DB00866
DB09244,3,DB00393
DB01626,3,DB00692
DB09282,3,DB04948
DB00808,3,DB01244
DB09282,3,DB01244
DB00182,3,DB00214
DB00794,3,DB00691
DB01088,3,DB01197
DB00629,3,DB01214
DB00850,3,DB04846
DB00519,3,DB00528
DB00346,3,DB01580
DB00654,3,DB09477
DB01622,3,DB00647
DB01244,3,DB09236
DB01403,3,DB01295
DB00774,3,DB00905
DB01247,3,DB00214
DB00590,3,DB00230
DB00287,3,DB06712
DB01021,3,DB00765
DB01238,3,DB00753
DB00692,3,DB00765
DB00680,3,DB00295
DB00401,3,DB06712
DB01037,3,DB00542
DB01367,3,DB00808
DB01340,3,DB06826
DB00420,3,DB08808
DB00933,3,DB01136
DB01154,3,DB01359
DB00933,3,DB00335
DB00622,3,DB09477
DB00346,3,DB06826
DB00214,3,DB01580
DB00680,3,DB08807
DB00521,3,DB01089
DB00866,3,DB01197
DB01069,3,DB04861
DB00178,3,DB00765
DB00177,3,DB01143
DB00606,3,DB00925
DB00706,3,DB01115
DB00869,3,DB00999
DB01275,3,DB09242
DB09220,3,DB00436
DB01608,3,DB01295
DB06694,3,DB06826
DB00692,3,DB00881
DB01018,3,DB08932
DB00508,3,DB00373
DB00401,3,DB01021
DB00474,3,DB01143
DB01037,3,DB00374
DB00217,3,DB00590
DB01247,3,DB01090
DB01018,3,DB06826
DB00599,3,DB04920
DB00780,3,DB00226
DB00599,3,DB01162
DB01136,3,DB06712
DB01367,3,DB01348
DB00559,3,DB01240
DB00925,3,DB09026
DB00393,3,DB01054
DB00374,3,DB00519
DB00794,3,DB00457
DB00612,3,DB00925
DB01116,3,DB01143
DB01247,3,DB00270
DB00933,3,DB00373
DB01174,3,DB00187
DB01359,3,DB09477
DB01162,3,DB01054
DB00214,3,DB01054
DB01580,3,DB04846
DB00752,3,DB01626
DB01171,3,DB01214
DB00622,3,DB00905
DB00373,3,DB01170
DB00722,3,DB00774
DB00691,3,DB00925
DB01238,3,DB00631
DB00528,3,DB09026
DB01029,3,DB08932
DB00217,3,DB01180
DB00700,3,DB00734
DB00780,3,DB00905
DB00780,3,DB00925
DB01351,3,DB01169
DB00275,3,DB00869
DB00599,3,DB00872
DB00343,3,DB00797
DB00346,3,DB00797
DB01238,3,DB00323
DB09241,3,DB00212
DB01203,3,DB08808
DB00418,3,DB00922
DB00703,3,DB00734
DB00393,3,DB01580
DB01626,3,DB09070
DB00796,3,DB01089
DB01168,3,DB00692
DB00264,3,DB06712
DB00797,3,DB09026
DB01367,3,DB00524
DB01240,3,DB01348
DB01171,3,DB00212
DB00590,3,DB06403
DB00212,3,DB00881
DB00312,3,DB01197
DB09244,3,DB00195
DB01018,3,DB02638
DB00584,3,DB01180
DB00335,3,DB00869
DB01355,3,DB08822
DB00474,3,DB00975
DB06207,3,DB00393
DB09245,3,DB00691
DB01170,3,DB01193
DB01088,3,DB01626
DB00849,3,DB09112
DB00312,3,DB00492
DB00374,3,DB01143
DB00584,3,DB02638
DB09244,3,DB01023
DB01116,3,DB00584
DB01054,3,DB02638
DB00325,3,DB01580
DB00212,3,DB00519
DB00474,3,DB00657
DB00599,3,DB01037
DB00335,3,DB01240
DB00805,3,DB00542
DB08931,3,DB08932
DB00401,3,DB08808
DB01325,3,DB09477
DB01355,3,DB01158
DB00692,3,DB06694
DB06694,3,DB09238
DB00880,3,DB00925
DB09241,3,DB00708
DB01088,3,DB00797
DB00226,3,DB00381
DB01247,3,DB00590
DB00678,3,DB00866
DB00831,3,DB01203
DB00418,3,DB01023
DB00212,3,DB00335
DB00805,3,DB00905
DB01615,3,DB08807
DB04920,3,DB00325
DB01247,3,DB00622
DB00420,3,DB01203
DB00418,3,DB00401
DB00287,3,DB01170
DB00752,3,DB00925
DB01214,3,DB01580
DB00178,3,DB00905
DB00614,3,DB04948
DB01174,3,DB00489
DB00869,3,DB04861
DB06154,3,DB08931
DB00226,3,DB00869
DB00270,3,DB01240
DB00217,3,DB00584
DB00680,3,DB01466
DB00806,3,DB00335
DB04948,3,DB09235
DB09241,3,DB06826
DB09282,3,DB00883
DB00474,3,DB00876
DB01119,3,DB00393
DB01090,3,DB01244
DB09245,3,DB00275
DB00765,3,DB08932
DB01351,3,DB01367
DB00212,3,DB01244
DB04840,3,DB00654
DB00373,3,DB00765
DB00195,3,DB00774
DB09220,3,DB00818
DB01626,3,DB01324
DB01656,3,DB08931
DB00780,3,DB06826
DB01174,3,DB00703
DB00881,3,DB01580
DB00805,3,DB01180
DB01247,3,DB00797
DB01168,3,DB00866
DB01626,3,DB01116
DB00765,3,DB01089
DB00806,3,DB00374
DB00350,3,DB01324
DB01171,3,DB01275
DB00800,3,DB09236
DB00925,3,DB01021
DB00433,3,DB08808
DB01171,3,DB08808
DB00178,3,DB01180
DB00575,3,DB09235
DB00287,3,DB06826
DB01119,3,DB00590
DB01238,3,DB01189
DB00850,3,DB04861
DB00806,3,DB08808
DB01193,3,DB06712
DB01275,3,DB00212
DB01136,3,DB08992
DB00820,3,DB00706
DB00206,3,DB09070
DB09245,3,DB00178
DB00831,3,DB01359
DB00295,3,DB00734
DB00542,3,DB09238
DB01355,3,DB01197
DB00654,3,DB01214
DB00598,3,DB00800
DB01247,3,DB06712
DB09245,3,DB00590
DB00614,3,DB04861
DB00678,3,DB01324
DB00599,3,DB01359
DB09282,3,DB08931
DB01088,3,DB00622
DB00393,3,DB04948
DB00598,3,DB00925
DB00542,3,DB04846
DB09236,3,DB08931
DB00474,3,DB00264
DB01162,3,DB01244
DB00542,3,DB01348
DB00474,3,DB00695
DB09241,3,DB09220
DB00796,3,DB06403
DB01324,3,DB09070
DB01275,3,DB00800
DB01367,3,DB01244
DB00905,3,DB01029
DB00182,3,DB00925
DB02638,3,DB11362
DB01088,3,DB00528
DB00790,3,DB11362
DB00960,3,DB09238
DB00614,3,DB01021
DB00590,3,DB00654
DB00654,3,DB01240
DB00612,3,DB00654
DB01238,3,DB00484
DB01088,3,DB00999
DB00559,3,DB00629
DB01238,3,DB09204
DB09242,3,DB06826
DB00343,3,DB06694
DB00214,3,DB09235
DB00612,3,DB01324
DB00468,3,DB00968
DB00401,3,DB00654
DB00808,3,DB09238
DB00559,3,DB00765
DB00182,3,DB00722
DB09220,3,DB00401
DB00559,3,DB00310
DB00203,3,DB08931
DB00806,3,DB01158
DB00521,3,DB01240
DB09220,3,DB00808
DB00374,3,DB00654
DB01197,3,DB06826
DB01367,3,DB01089
DB09242,3,DB08931
DB00765,3,DB08931
DB00519,3,DB00692
DB01171,3,DB00880
DB01168,3,DB00590
DB01355,3,DB00755
DB01088,3,DB01029
DB09244,3,DB00869
DB00722,3,DB08808
DB00270,3,DB00734
DB09245,3,DB11362
DB09220,3,DB01041
DB00559,3,DB00335
DB00346,3,DB04920
DB00654,3,DB00866
DB00692,3,DB00869
DB00346,3,DB09230
DB01154,3,DB00178
DB00519,3,DB08932
DB09241,3,DB09235
DB00831,3,DB01136
DB00606,3,DB01090
DB01355,3,DB09477
DB00794,3,DB01247
DB00881,3,DB04948
DB00177,3,DB00287
DB01174,3,DB00922
DB00457,3,DB00528
DB01090,3,DB08808
DB00590,3,DB06826
DB00876,3,DB06712
DB01247,3,DB00629
DB01351,3,DB01037
DB01203,3,DB06826
DB06712,3,DB09477
DB00680,3,DB01203
DB00381,3,DB01348
DB00212,3,DB00393
DB00195,3,DB00905
DB09244,3,DB09070
DB01367,3,DB06694
DB01158,3,DB09235
DB00680,3,DB01192
DB00474,3,DB00590
DB00794,3,DB01113
DB00805,3,DB00590
DB09245,3,DB00264
DB00381,3,DB09235
DB00575,3,DB00629
DB04840,3,DB00960
DB00849,3,DB01144
DB01174,3,DB08941
DB00629,3,DB00790
DB01119,3,DB09236
DB00401,3,DB11362
DB01355,3,DB00631
DB00521,3,DB09235
DB01238,3,DB00528
DB01088,3,DB00177
DB00346,3,DB01626
DB01240,3,DB06403
DB00794,3,DB00876
DB00433,3,DB00598
DB00629,3,DB01143
DB00654,3,DB00774
DB00195,3,DB00692
DB00680,3,DB00956
DB00528,3,DB00584
DB01018,3,DB00629
DB00521,3,DB06403
DB00468,3,DB00195
DB00805,3,DB00436
DB00492,3,DB01324
DB01626,3,DB00528
DB00373,3,DB01090
DB00310,3,DB06712
DB01115,3,DB01203
DB01367,3,DB04948
DB00774,3,DB01244
DB08808,3,DB11362
DB00849,3,DB00883
DB01351,3,DB09477
DB00876,3,DB01244
DB09245,3,DB08932
DB01367,3,DB01158
DB00374,3,DB00869
DB01240,3,DB09238
DB00346,3,DB00881
DB01029,3,DB00734
DB00178,3,DB01170
DB00346,3,DB09026
DB00182,3,DB00393
DB01162,3,DB07615
DB00528,3,DB09477
DB00968,3,DB01244
DB01037,3,DB01136
DB09235,3,DB11362
DB00905,3,DB01359
DB09220,3,DB00343
DB01171,3,DB06712
DB00706,3,DB09090
DB01246,3,DB00193
DB00614,3,DB00275
DB00881,3,DB04846
DB00800,3,DB01240
DB01236,3,DB00734
DB09245,3,DB01116
DB01247,3,DB08931
DB00528,3,DB08932
DB09220,3,DB00477
DB01174,3,DB01162
DB00794,3,DB00903
DB00599,3,DB01340
DB01367,3,DB00212
DB01119,3,DB01348
DB00752,3,DB00270
DB01119,3,DB01136
DB00182,3,DB00492
DB01244,3,DB01348
DB00346,3,DB00657
DB00598,3,DB01089
DB01351,3,DB00350
DB00794,3,DB00727
DB01116,3,DB00381
DB00346,3,DB00590
DB00614,3,DB00521
DB01614,3,DB00195
DB01116,3,DB00492
DB09242,3,DB00177
DB09220,3,DB00881
DB00519,3,DB06826
DB00212,3,DB00876
DB01351,3,DB00657
DB00629,3,DB00869
DB00599,3,DB01210
DB01170,3,DB04861
DB00966,3,DB01244
DB09244,3,DB00774
DB00680,3,DB01580
DB00312,3,DB09242
DB01355,3,DB01113
DB00312,3,DB00542
DB00542,3,DB06268
DB01088,3,DB01348
DB01168,3,DB01018
DB01168,3,DB00275
DB01580,3,DB06826
DB00806,3,DB00381
DB00657,3,DB00692
DB01116,3,DB00622
DB00519,3,DB02638
DB01116,3,DB01359
DB01170,3,DB06712
DB01197,3,DB09238
DB00373,3,DB00797
DB09241,3,DB00692
DB00614,3,DB00524
DB00492,3,DB00797
DB00780,3,DB00325
DB00350,3,DB00287
DB09227,3,DB00734
DB09241,3,DB00318
DB01168,3,DB00436
DB00999,3,DB09235
DB01171,3,DB00287
DB01154,3,DB00270
DB01275,3,DB04948
DB00680,3,DB01295
DB01171,3,DB01170
DB00182,3,DB00869
DB00393,3,DB00925
DB01088,3,DB06268
DB01367,3,DB06403
DB00598,3,DB00555
DB00692,3,DB08931
DB00519,3,DB01580
DB00780,3,DB01116
DB00774,3,DB00880
DB00614,3,DB00214
DB00528,3,DB00790
DB01069,3,DB00960
DB09242,3,DB00796
DB00612,3,DB01021
DB00722,3,DB09477
DB01037,3,DB09235
DB00381,3,DB00325
DB01355,3,DB01214
DB00680,3,DB00195
DB04840,3,DB06268
DB09241,3,DB00325
DB00401,3,DB00797
DB00849,3,DB09242
DB01037,3,DB00869
DB00691,3,DB01170
DB00866,3,DB01203
DB00790,3,DB06403
DB00270,3,DB01021
DB00849,3,DB00489
DB00335,3,DB06403
DB00217,3,DB00350
DB01247,3,DB01170
DB00654,3,DB01340
DB00599,3,DB00489
DB00418,3,DB00492
DB00774,3,DB01214
DB00343,3,DB01295
DB00800,3,DB00880
DB01090,3,DB11362
DB09220,3,DB00195
DB00474,3,DB01115
DB09241,3,DB00401
DB00780,3,DB00542
DB00599,3,DB01214
DB01154,3,DB00692
DB00217,3,DB00881
DB01168,3,DB06826
DB00881,3,DB08808
DB09220,3,DB00753
DB01615,3,DB08808
DB00905,3,DB01136
DB00706,3,DB01074
DB00614,3,DB01089
DB00612,3,DB02638
DB01626,3,DB06403
DB09220,3,DB09038
DB09282,3,DB08932
DB00752,3,DB00678
DB00214,3,DB01324
DB00373,3,DB01143
DB00401,3,DB00629
DB00692,3,DB04948
DB01037,3,DB00521
DB00866,3,DB09477
DB09282,3,DB00765
DB09220,3,DB00594
DB00217,3,DB00774
DB09230,3,DB00325
DB00849,3,DB00703
DB00925,3,DB09236
DB09244,3,DB01275
DB00287,3,DB01054
DB01029,3,DB08808
DB01367,3,DB09238
DB01023,3,DB01090
DB00508,3,DB04846
DB00346,3,DB00524
DB09245,3,DB01180
DB04840,3,DB01203
DB01367,3,DB00492
DB00599,3,DB00571
DB09242,3,DB00178
DB01168,3,DB00492
DB09244,3,DB00808
DB04840,3,DB04861
DB00182,3,DB00808
DB09244,3,DB09242
DB01054,3,DB06712
DB00203,3,DB00457
DB09241,3,DB09204
DB00999,3,DB09236
DB09236,3,DB11362
DB00206,3,DB01021
DB09241,3,DB00999
DB01174,3,DB00881
DB09241,3,DB00652
DB00343,3,DB01180
DB00797,3,DB00881
DB00925,3,DB06712
DB00654,3,DB00880
DB00933,3,DB01210
DB01119,3,DB00492
DB09241,3,DB00905
DB09282,3,DB01090
DB00418,3,DB09026
DB00270,3,DB00629
DB09282,3,DB00876
DB01622,3,DB01193
DB00381,3,DB11362
DB00474,3,DB00706
DB06267,3,DB01136
DB09244,3,DB06403
DB01088,3,DB01180
DB00182,3,DB01340
DB00780,3,DB00657
DB00706,3,DB04743
DB01614,3,DB00373
DB09070,3,DB01143
DB00226,3,DB01029
DB01119,3,DB00217
DB00325,3,DB00800
DB00869,3,DB01340
DB00393,3,DB09238
DB01246,3,DB01227
DB01018,3,DB09477
DB00508,3,DB01203
DB00584,3,DB04948
DB01238,3,DB01169
DB09282,3,DB02638
DB00780,3,DB01180
DB00457,3,DB00692
DB00206,3,DB00869
DB01355,3,DB01023
DB00925,3,DB02638
DB00312,3,DB01158
DB01154,3,DB00598
DB00612,3,DB00797
DB00474,3,DB00700
DB01275,3,DB06694
DB01614,3,DB04846
DB00384,3,DB00734
DB01171,3,DB09235
DB00599,3,DB00706
DB09244,3,DB00374
DB01018,3,DB01021
DB00542,3,DB01240
DB00606,3,DB00800
DB01174,3,DB00797
DB08808,3,DB01089
DB00706,3,DB09238
DB09244,3,DB00373
DB04948,3,DB06712
DB00790,3,DB01021
DB00350,3,DB01021
DB00297,3,DB00734
DB06826,3,DB09236
DB01037,3,DB00212
DB00960,3,DB00734
DB00808,3,DB01180
DB00691,3,DB01324
DB00559,3,DB01197
DB01115,3,DB01297
DB09244,3,DB01359
DB00418,3,DB00714
DB01054,3,DB06268
DB01275,3,DB06712
DB00374,3,DB00629
DB00433,3,DB00489
DB00598,3,DB01244
DB01029,3,DB01324
DB00752,3,DB00869
DB00381,3,DB09238
DB01054,3,DB01214
DB01626,3,DB00790
DB00850,3,DB00521
DB00966,3,DB00734
DB00790,3,DB06712
DB00622,3,DB06694
DB00794,3,DB00435
DB01244,3,DB01580
DB00287,3,DB00999
DB01088,3,DB01340
DB00393,3,DB01021
DB09245,3,DB00270
DB00521,3,DB06712
DB01614,3,DB01295
DB00905,3,DB01193
DB00346,3,DB01054
DB01171,3,DB08931
DB01359,3,DB01180
DB00212,3,DB01029
DB00866,3,DB06712
DB00468,3,DB00178
DB09241,3,DB00678
DB00925,3,DB01054
DB01168,3,DB09238
DB01367,3,DB00774
DB01351,3,DB00343
DB00623,3,DB04861
DB00806,3,DB01203
DB09241,3,DB01340
DB00590,3,DB01180
DB09477,3,DB00734
DB00468,3,DB01348
DB00436,3,DB00905
DB09244,3,DB00270
DB01037,3,DB08932
DB01197,3,DB04948
DB00614,3,DB00722
DB00477,3,DB04846
DB01037,3,DB01180
DB00312,3,DB00384
DB01351,3,DB00678
DB01171,3,DB00575
DB00606,3,DB01021
DB00217,3,DB00401
DB00287,3,DB00691
DB00692,3,DB06403
DB01174,3,DB00594
DB00806,3,DB00808
DB00905,3,DB09477
DB00805,3,DB00606
DB00312,3,DB00903
DB00206,3,DB00797
DB00346,3,DB08808
DB09242,3,DB00275
DB00559,3,DB00226
DB09245,3,DB04846
DB01018,3,DB06268
DB00178,3,DB00866
DB01193,3,DB06403
DB09090,3,DB00325
DB00178,3,DB01089
DB00346,3,DB00622
DB00287,3,DB08808
DB00226,3,DB00866
DB00849,3,DB00598
DB00905,3,DB01170
DB00880,3,DB09238
DB00350,3,DB00925
DB00606,3,DB00691
DB00606,3,DB09477
DB00752,3,DB01029
DB01355,3,DB01020
DB00722,3,DB00734
DB00287,3,DB00966
DB00606,3,DB09235
DB04840,3,DB00966
DB00524,3,DB00925
DB00614,3,DB01193
DB01247,3,DB00598
DB09244,3,DB00401
DB00623,3,DB00866
DB00692,3,DB01244
DB00680,3,DB08808
DB01247,3,DB01158
DB00360,3,DB06237
DB01116,3,DB06826
DB01238,3,DB01210
DB00350,3,DB00765
DB01214,3,DB08808
DB00584,3,DB08808
DB00373,3,DB00869
DB00692,3,DB00905
DB00528,3,DB09070
DB00214,3,DB01170
DB01174,3,DB00195
DB00468,3,DB00584
DB00590,3,DB01074
DB00820,3,DB08931
DB00590,3,DB09070
DB00436,3,DB06268
DB00264,3,DB00287
DB01090,3,DB01136
DB00418,3,DB00692
DB01136,3,DB09232
DB00206,3,DB00489
DB01238,3,DB01113
DB00933,3,DB08807
DB00182,3,DB00178
DB01197,3,DB01180
DB01116,3,DB00275
DB09242,3,DB00691
DB09070,3,DB09236
DB08808,3,DB01180
DB09220,3,DB00964
DB00559,3,DB00880
DB01351,3,DB00187
DB00528,3,DB00542
DB01355,3,DB00435
DB00629,3,DB09238
DB00796,3,DB02638
DB00474,3,DB00270
DB00790,3,DB00765
DB00226,3,DB00800
DB09220,3,DB00268
DB09245,3,DB01348
DB00217,3,DB00790
DB00521,3,DB09477
DB00542,3,DB00692
DB00214,3,DB00800
DB09282,3,DB00862
DB00350,3,DB06826
DB01615,3,DB00373
DB00468,3,DB01275
DB00374,3,DB01023
DB01088,3,DB06712
DB00346,3,DB00212
DB01021,3,DB06694
DB00418,3,DB00706
DB01355,3,DB06292
DB09220,3,DB00703
DB00680,3,DB00611
DB01580,3,DB01143
DB01246,3,DB00327
DB00800,3,DB00925
DB01088,3,DB00678
DB00474,3,DB00214
DB00806,3,DB00968
DB00933,3,DB01193
DB00774,3,DB01580
DB00599,3,DB00492
DB01238,3,DB00521
DB01197,3,DB00734
DB00206,3,DB06826
DB01037,3,DB00880
DB00275,3,DB08808
DB00418,3,DB09242
DB00849,3,DB00797
DB09282,3,DB00869
DB09070,3,DB09220
DB00808,3,DB06694
DB09220,3,DB00521
DB09236,3,DB00734
DB00312,3,DB00214
DB09241,3,DB00524
DB00264,3,DB01170
DB11362,3,DB08931
DB00436,3,DB01089
DB00212,3,DB00598
DB00752,3,DB02638
DB09220,3,DB00968
DB00849,3,DB00571
DB00691,3,DB06403
DB00790,3,DB01089
DB01174,3,DB01282
DB00468,3,DB01119
DB02638,3,DB06268
DB01275,3,DB00774
DB00808,3,DB04948
DB00521,3,DB02638
DB01246,3,DB01210
DB00794,3,DB09279
DB09245,3,DB09242
DB01626,3,DB09477
DB01119,3,DB01116
DB01054,3,DB08931
DB01197,3,DB08932
DB01244,3,DB09477
DB01214,3,DB01143
DB09220,3,DB09112
DB01626,3,DB00654
DB00524,3,DB06826
DB00575,3,DB00692
DB00797,3,DB00800
DB00542,3,DB00925
DB01154,3,DB09279
DB00831,3,DB01210
DB09220,3,DB00706
DB00584,3,DB06712
DB00436,3,DB00765
DB01614,3,DB00598
DB00614,3,DB00287
DB00849,3,DB00264
DB01367,3,DB00270
DB01090,3,DB04948
DB00401,3,DB01240
DB00680,3,DB00612
DB00680,3,DB01227
DB01089,3,DB06268
DB00925,3,DB01029
DB01246,3,DB00187
DB00436,3,DB08808
DB06694,3,DB06268
DB09242,3,DB00270
DB00752,3,DB00774
DB00374,3,DB01054
DB04840,3,DB00796
DB01119,3,DB06826
DB00287,3,DB06268
DB01090,3,DB01359
DB04846,3,DB09026
DB00881,3,DB11362
DB00866,3,DB09235
DB01367,3,DB08932
DB00287,3,DB00866
DB00489,3,DB00734
DB00212,3,DB02638
DB00374,3,DB00598
DB01238,3,DB01023
DB01037,3,DB00524
DB00312,3,DB09112
DB01348,3,DB04948
DB00401,3,DB00606
DB00381,3,DB00797
DB01029,3,DB06694
DB09241,3,DB00214
DB01608,3,DB00489
DB09245,3,DB01054
DB00492,3,DB06694
DB01367,3,DB04846
DB00346,3,DB11362
DB01116,3,DB00373
DB01115,3,DB00195
DB01021,3,DB08932
DB01116,3,DB04948
DB09282,3,DB00528
DB01170,3,DB01240
DB01622,3,DB01209
DB01037,3,DB08808
DB06694,3,DB09477
DB01238,3,DB00966
DB01626,3,DB00869
DB00797,3,DB00880
DB00182,3,DB01180
DB00457,3,DB09230
DB00752,3,DB00401
DB01247,3,DB01626
DB00999,3,DB06403
DB00468,3,DB00774
DB00457,3,DB08992
DB00849,3,DB00727
DB04840,3,DB00968
DB00872,3,DB00734
DB01238,3,DB01203
DB09245,3,DB01580
DB00960,3,DB06403
DB00752,3,DB01203
DB00226,3,DB08808
DB09282,3,DB00264
DB00657,3,DB09477
DB00752,3,DB06826
DB01168,3,DB00270
DB01247,3,DB00657
DB01608,3,DB00844
DB01247,3,DB00880
DB00794,3,DB00590
DB09241,3,DB00606
DB00468,3,DB00999
DB01116,3,DB00790
DB00275,3,DB00654
DB00178,3,DB09236
DB00217,3,DB00214
DB09245,3,DB00374
DB04846,3,DB06403
DB00381,3,DB02638
DB00178,3,DB02638
DB01029,3,DB09238
DB01119,3,DB04861
DB00598,3,DB00774
DB00381,3,DB01021
DB00226,3,DB00654
DB00344,3,DB09220
DB01247,3,DB00691
DB00214,3,DB06694
DB09282,3,DB06712
DB01238,3,DB01367
DB01367,3,DB09477
DB00226,3,DB00275
DB00346,3,DB09227
DB01029,3,DB09070
DB00692,3,DB01240
DB00850,3,DB08808
DB00614,3,DB06712
DB00212,3,DB00226
DB01054,3,DB09070
DB00752,3,DB01170
DB01244,3,DB09026
DB00905,3,DB00765
DB09245,3,DB00869
DB00212,3,DB00521
DB00457,3,DB09238
DB00325,3,DB00287
DB00905,3,DB06268
DB00436,3,DB06694
DB00614,3,DB00905
DB01054,3,DB09026
DB01115,3,DB01214
DB00752,3,DB09238
DB00692,3,DB01193
DB00519,3,DB00797
DB01154,3,DB00661
DB01074,3,DB00325
DB00214,3,DB02638
DB00794,3,DB01340
DB00457,3,DB06403
DB01626,3,DB00270
DB01348,3,DB06694
DB01054,3,DB06694
DB00575,3,DB00905
DB00346,3,DB00350
DB00797,3,DB06403
DB01116,3,DB00178
DB00182,3,DB06694
DB01113,3,DB01235
DB09244,3,DB01119
DB00680,3,DB06204
DB01367,3,DB00343
DB00599,3,DB00883
DB00226,3,DB06268
DB01158,3,DB09238
DB01626,3,DB04846
DB00880,3,DB01324
DB00752,3,DB00657
DB00393,3,DB06403
DB00206,3,DB00521
DB09220,3,DB00297
DB00177,3,DB00797
DB00217,3,DB00393
DB01355,3,DB00521
DB01247,3,DB02638
DB09244,3,DB01116
DB01018,3,DB09238
DB00800,3,DB00881
DB00492,3,DB00925
DB01054,3,DB04861
DB01325,3,DB00881
DB01622,3,DB00335
DB01626,3,DB00657
DB00849,3,DB01612
DB01238,3,DB09279
DB01088,3,DB00800
DB00433,3,DB00612
DB00177,3,DB09236
DB09242,3,DB00524
DB09282,3,DB00217
DB01171,3,DB00524
DB01238,3,DB01244
DB00599,3,DB00631
DB01580,3,DB01180
DB00774,3,DB01359
DB06237,3,DB01136
DB00178,3,DB00692
DB01244,3,DB11362
DB00374,3,DB01136
DB00528,3,DB01203
DB00849,3,DB00925
DB00590,3,DB04840
DB01115,3,DB00598
DB00325,3,DB00797
DB00528,3,DB01143
DB00697,3,DB00734
DB00226,3,DB01348
DB00722,3,DB04948
DB00519,3,DB01324
DB00559,3,DB06694
DB02638,3,DB06403
DB01246,3,DB01295
DB01247,3,DB00881
DB00797,3,DB00866
DB00381,3,DB06694
DB00571,3,DB06403
DB00401,3,DB00774
DB00805,3,DB01018
DB00850,3,DB00373
DB09220,3,DB00678
DB00808,3,DB09236
DB01168,3,DB01244
DB00960,3,DB01240
DB00468,3,DB09238
DB00264,3,DB01240
DB01246,3,DB01203
DB00374,3,DB00880
DB01203,3,DB09236
DB00599,3,DB00661
DB01054,3,DB01197
DB09241,3,DB00374
DB00214,3,DB08808
DB00270,3,DB00606
DB00418,3,DB01612
DB00474,3,DB00384
DB01171,3,DB00457
DB04840,3,DB00275
DB01622,3,DB00854
DB01054,3,DB01324
DB01359,3,DB01089
DB01210,3,DB00734
DB00571,3,DB00654
DB01171,3,DB00612
DB09220,3,DB00752
DB00343,3,DB06826
DB00343,3,DB00866
DB00524,3,DB00629
DB00614,3,DB00999
DB01275,3,DB00765
DB00614,3,DB06268
DB00805,3,DB06826
DB00590,3,DB08932
DB09273,3,DB08931
DB01090,3,DB06826
DB00401,3,DB00800
DB00542,3,DB00774
DB01351,3,DB00960
DB00350,3,DB00654
DB04840,3,DB00808
DB00343,3,DB01089
DB00212,3,DB09026
DB00335,3,DB00374
DB06694,3,DB09235
DB00312,3,DB04920
DB01247,3,DB01203
DB00474,3,DB00922
DB01247,3,DB00869
DB00680,3,DB00899
DB00571,3,DB00905
DB00590,3,DB07615
DB00212,3,DB08932
DB00212,3,DB06826
DB01403,3,DB01210
DB01355,3,DB01359
DB00524,3,DB00869
DB01247,3,DB01136
DB00287,3,DB00800
DB09241,3,DB00436
DB01238,3,DB06292
DB00360,3,DB00203
DB00968,3,DB09235
DB00418,3,DB00381
DB00468,3,DB04846
DB00521,3,DB00692
DB00346,3,DB01359
DB00800,3,DB04861
DB00287,3,DB01193
DB00474,3,DB00489
DB00528,3,DB04948
DB00880,3,DB01143
DB00612,3,DB09238
DB00312,3,DB00797
DB00436,3,DB11362
DB00312,3,DB00435
DB00881,3,DB06826
DB00571,3,DB11362
DB00968,3,DB02638
DB00966,3,DB08932
DB01119,3,DB00214
DB01119,3,DB06403
DB09241,3,DB00310
DB01116,3,DB00881
DB01054,3,DB04948
DB00542,3,DB06694
DB01115,3,DB00521
DB09241,3,DB08807
DB00599,3,DB00612
DB08808,3,DB08931
DB09242,3,DB00381
DB01088,3,DB00905
DB00806,3,DB01090
DB01238,3,DB08931
DB00691,3,DB09236
DB01154,3,DB00571
DB09282,3,DB00270
DB01088,3,DB00310
DB00806,3,DB00869
DB00195,3,DB01348
DB01238,3,DB00373
DB01238,3,DB00325
DB00614,3,DB06694
DB01115,3,DB00612
DB01197,3,DB06268
DB09242,3,DB06694
DB01116,3,DB00374
DB00654,3,DB00800
DB00212,3,DB00905
DB00492,3,DB09238
DB00457,3,DB06694
DB06826,3,DB01180
DB09220,3,DB00206
DB00722,3,DB11362
DB00606,3,DB01029
DB01247,3,DB00571
DB04840,3,DB00177
DB01214,3,DB06694
DB08808,3,DB01143
DB00849,3,DB01282
DB01171,3,DB01116
DB01351,3,DB01136
DB00806,3,DB00217
DB01197,3,DB09236
DB00905,3,DB01240
DB01247,3,DB01240
DB01037,3,DB00966
DB04840,3,DB09026
DB01037,3,DB00905
DB00436,3,DB08932
DB01023,3,DB06403
DB00346,3,DB00178
DB09245,3,DB01214
DB00393,3,DB01324
DB09245,3,DB00796
DB01023,3,DB01240
DB00474,3,DB00800
DB01367,3,DB00606
DB01238,3,DB09026
DB00226,3,DB11362
DB01119,3,DB00584
DB00350,3,DB08932
DB01238,3,DB00542
DB01069,3,DB08808
DB01116,3,DB00214
DB09245,3,DB00797
DB00206,3,DB11362
DB01626,3,DB09242
DB00492,3,DB06712
DB04846,3,DB09477
DB00598,3,DB09238
DB00468,3,DB06712
DB01090,3,DB00765
DB00206,3,DB04948
DB06207,3,DB00653
DB04920,3,DB00734
DB01224,3,DB00734
DB01037,3,DB00722
DB00420,3,DB01210
DB01275,3,DB00905
DB00212,3,DB00678
DB01115,3,DB01580
DB09241,3,DB08932
DB01351,3,DB01197
DB01622,3,DB00652
DB01324,3,DB08808
DB00217,3,DB01029
DB09245,3,DB00212
DB00606,3,DB06403
DB01069,3,DB01295
DB00393,3,DB08808
DB00706,3,DB01023
DB00468,3,DB00765
DB00350,3,DB09236
DB01351,3,DB00695
DB00866,3,DB01089
DB00599,3,DB00695
DB00805,3,DB00629
DB09241,3,DB09477
DB00350,3,DB00212
DB00654,3,DB08932
DB00195,3,DB01324
DB01615,3,DB01203
DB09241,3,DB09242
DB00335,3,DB00866
DB00217,3,DB00559
DB01626,3,DB04861
DB00774,3,DB06694
DB01238,3,DB00975
DB00182,3,DB00678
DB00774,3,DB01089
DB09244,3,DB00542
DB00275,3,DB00374
DB00212,3,DB00381
DB00214,3,DB00866
DB01119,3,DB01089
DB01171,3,DB00325
DB00401,3,DB09477
DB01348,3,DB06712
DB00559,3,DB00968
DB00335,3,DB01170
DB00790,3,DB06268
DB00212,3,DB04846
DB00287,3,DB00880
DB01324,3,DB01180
DB00217,3,DB11362
DB01608,3,DB00598
DB01247,3,DB04948
DB01174,3,DB09477
DB01136,3,DB04841
DB01351,3,DB00700
DB00182,3,DB00325
DB09241,3,DB00657
DB00774,3,DB01240
DB01238,3,DB00297
DB01247,3,DB01180
DB01275,3,DB01180
DB00559,3,DB09242
DB01613,3,DB08931
DB01168,3,DB08932
DB00373,3,DB00606
DB00800,3,DB00960
DB00806,3,DB00373
DB00599,3,DB08822
DB01142,3,DB09220
DB01351,3,DB00800
DB00794,3,DB00975
DB00325,3,DB00765
DB01158,3,DB08932
DB00654,3,DB00797
DB00287,3,DB01359
DB00226,3,DB01090
DB01614,3,DB01214
DB00869,3,DB06826
DB09242,3,DB00393
DB00797,3,DB00765
DB00880,3,DB01054
DB00178,3,DB00287
DB00528,3,DB00966
DB00226,3,DB08931
DB00312,3,DB00681
DB00217,3,DB09220
DB09245,3,DB00800
DB00780,3,DB09235
DB09235,3,DB01089
DB00806,3,DB00797
DB00599,3,DB00325
DB00905,3,DB06403
DB01246,3,DB00264
DB01023,3,DB01143
DB01359,3,DB08808
DB04840,3,DB00381
DB00654,3,DB00691
DB00881,3,DB01324
DB06207,3,DB09238
DB09242,3,DB00925
DB09241,3,DB00866
DB00418,3,DB01214
DB01355,3,DB00264
DB09220,3,DB00435
DB01088,3,DB00559
DB00401,3,DB01090
DB01174,3,DB00350
DB00521,3,DB01143
DB01246,3,DB06738
DB01626,3,DB00287
DB00606,3,DB01240
DB01240,3,DB09070
DB00182,3,DB02638
DB00599,3,DB08941
DB00524,3,DB09070
DB00794,3,DB01143
DB00629,3,DB00722
DB00528,3,DB04861
DB00226,3,DB00968
DB01021,3,DB08931
DB00794,3,DB00964
DB00598,3,DB01090
DB00790,3,DB01180
DB09245,3,DB00866
DB01351,3,DB00692
DB00374,3,DB00528
DB01119,3,DB01240
DB01136,3,DB04743
DB00350,3,DB08808
DB06694,3,DB08932
DB00612,3,DB01170
DB04846,3,DB00765
DB09070,3,DB09235
DB00418,3,DB01144
DB00457,3,DB01143
DB00933,3,DB00598
DB09242,3,DB00606
DB00571,3,DB09235
DB00622,3,DB01089
DB09282,3,DB06237
DB00790,3,DB01324
DB01580,3,DB09026
DB00752,3,DB00492
DB01029,3,DB01580
DB00968,3,DB06826
DB00657,3,DB00374
DB00312,3,DB00177
DB01023,3,DB01180
DB00528,3,DB00571
DB01626,3,DB01275
DB00774,3,DB01054
DB00999,3,DB00177
DB00966,3,DB01580
DB00805,3,DB01324
DB00374,3,DB00968
DB00206,3,DB00905
DB00968,3,DB04846
DB00612,3,DB01180
DB09220,3,DB09238
DB00492,3,DB01180
DB01355,3,DB00796
DB00622,3,DB00765
DB00528,3,DB01054
DB00697,3,DB09477
DB00706,3,DB04920
DB01171,3,DB00393
DB01154,3,DB00922
DB01029,3,DB06826
DB00925,3,DB00765
DB01116,3,DB06268
DB01197,3,DB09235
DB00866,3,DB04846
DB00606,3,DB09070
DB00195,3,DB00734
DB01247,3,DB06403
DB00474,3,DB01144
DB00212,3,DB00270
DB01136,3,DB06403
DB01116,3,DB01136
DB00325,3,DB00869
DB00780,3,DB06712
DB01622,3,DB01203
DB00584,3,DB00866
DB00797,3,DB09235
DB01238,3,DB00590
DB09244,3,DB01324
DB00519,3,DB01054
DB01626,3,DB01136
DB00806,3,DB00264
DB00678,3,DB00765
DB00697,3,DB01197
DB00657,3,DB09236
DB00217,3,DB00796
DB00433,3,DB04846
DB01168,3,DB00542
DB00346,3,DB00727
DB01154,3,DB00975
DB09242,3,DB00584
DB00849,3,DB09026
DB00831,3,DB00264
DB01037,3,DB00606
DB01088,3,DB08931
DB00206,3,DB04840
DB01348,3,DB09070
DB00614,3,DB00393
DB00584,3,DB06694
DB01608,3,DB01210
DB00474,3,DB08907
DB00571,3,DB06268
DB00474,3,DB01359
DB01119,3,DB09070
DB00800,3,DB00869
DB00614,3,DB00492
DB01614,3,DB08807
DB00849,3,DB00790
DB00692,3,DB09026
DB09244,3,DB00880
DB06207,3,DB09230
DB00212,3,DB01143
DB01174,3,DB00966
DB00436,3,DB06826
DB01119,3,DB09220
DB01154,3,DB00612
DB00381,3,DB00654
DB00214,3,DB09238
DB00217,3,DB00457
DB01355,3,DB00492
DB09241,3,DB00808
DB04840,3,DB01090
DB00905,3,DB09026
DB00468,3,DB00381
DB00806,3,DB01170
DB00436,3,DB00797
DB00287,3,DB00542
DB00654,3,DB01029
DB00457,3,DB09090
DB01622,3,DB00264
DB00806,3,DB00960
DB01193,3,DB08932
DB00418,3,DB00657
DB01119,3,DB08931
DB00559,3,DB00374
DB00310,3,DB00734
DB01054,3,DB01136
DB00182,3,DB04840
DB00335,3,DB02638
DB09242,3,DB00800
DB01021,3,DB01203
DB00575,3,DB01021
DB01626,3,DB00866
DB00436,3,DB00774
DB00492,3,DB11362
DB00214,3,DB06403
DB09245,3,DB00598
DB00790,3,DB09235
DB01168,3,DB00722
DB01168,3,DB00598
DB00692,3,DB00960
DB00373,3,DB00528
DB00312,3,DB00691
DB00614,3,DB01359
DB01351,3,DB01158
DB01367,3,DB01340
DB00925,3,DB01240
DB00310,3,DB01089
DB01018,3,DB01054
DB00774,3,DB01029
DB00226,3,DB09238
DB01238,3,DB08822
DB01608,3,DB00497
DB01116,3,DB09242
DB01626,3,DB09235
DB00178,3,DB01054
DB00849,3,DB01118
DB01238,3,DB01612
DB00528,3,DB01193
DB09244,3,DB08808
DB00374,3,DB09026
DB01119,3,DB00765
DB00474,3,DB00188
DB00697,3,DB01180
DB00691,3,DB01089
DB01622,3,DB01210
DB00178,3,DB08808
DB00590,3,DB09477
DB00212,3,DB04948
DB04840,3,DB00880
DB01351,3,DB00457
DB00752,3,DB00524
DB09242,3,DB09477
DB00212,3,DB01170
DB01238,3,DB00968
DB00381,3,DB04948
DB00420,3,DB01214
DB00528,3,DB08808
DB00346,3,DB00790
DB09241,3,DB01452
DB02638,3,DB04846
DB09242,3,DB00790
DB00808,3,DB08932
DB00614,3,DB09070
DB06267,3,DB01162
DB00797,3,DB09477
DB00312,3,DB01169
DB00933,3,DB00571
DB06207,3,DB07615
DB01170,3,DB08932
DB00679,3,DB04846
DB00373,3,DB04846
DB00393,3,DB09477
DB06268,3,DB08931
DB00373,3,DB01348
DB00542,3,DB06403
DB01355,3,DB00703
DB00765,3,DB01180
DB00436,3,DB01143
DB01325,3,DB00584
DB06207,3,DB04841
DB00524,3,DB00765
DB00346,3,DB00287
DB01351,3,DB08822
DB06237,3,DB00457
DB00178,3,DB00774
DB00401,3,DB00905
DB01088,3,DB01023
DB01168,3,DB00325
DB00722,3,DB01180
DB00418,3,DB01169
DB00373,3,DB11362
DB01037,3,DB00657
DB00680,3,DB00708
DB00794,3,DB00797
DB09026,3,DB09236
DB01021,3,DB04948
DB01351,3,DB00325
DB00849,3,DB00384
DB01168,3,DB00629
DB00849,3,DB01143
DB00214,3,DB00905
DB01193,3,DB09238
DB00474,3,DB00350
DB00270,3,DB09235
DB09282,3,DB00968
DB00575,3,DB01324
DB01324,3,DB02638
DB01088,3,DB01324
DB00346,3,DB00774
DB09282,3,DB00584
DB00780,3,DB00519
DB01115,3,DB04846
DB09282,3,DB09242
DB00312,3,DB00796
DB00232,3,DB01348
DB00880,3,DB02638
DB09245,3,DB00519
DB00346,3,DB00678
DB00880,3,DB09477
DB00999,3,DB01580
DB09220,3,DB00590
DB00177,3,DB00734
DB01088,3,DB00968
DB00691,3,DB00800
DB00869,3,DB00968
DB00559,3,DB01180
DB01615,3,DB01297
DB01247,3,DB00310
DB01119,3,DB01359
DB00346,3,DB04846
DB00457,3,DB00606
DB00226,3,DB01197
DB01324,3,DB01359
DB09245,3,DB01275
DB00805,3,DB01021
DB00519,3,DB06403
DB00599,3,DB01275
DB00612,3,DB09235
DB01275,3,DB00374
DB00623,3,DB01295
DB00528,3,DB00691
DB00806,3,DB00800
DB00468,3,DB00629
DB01021,3,DB06268
DB01626,3,DB01348
DB00706,3,DB09230
DB00519,3,DB09236
DB00590,3,DB09235
DB00862,3,DB00346
DB09220,3,DB00335
DB09477,3,DB01180
DB00680,3,DB00327
DB09220,3,DB05271
DB01626,3,DB00373
DB09242,3,DB01090
DB01367,3,DB00796
DB01580,3,DB06268
DB01626,3,DB08932
DB00657,3,DB08808
DB00519,3,DB00905
DB00217,3,DB09236
DB00492,3,DB09477
DB00275,3,DB06712
DB00214,3,DB00287
DB00780,3,DB00797
DB09282,3,DB09235
DB00381,3,DB04846
DB00805,3,DB00214
DB00270,3,DB06826
DB00468,3,DB06694
DB00806,3,DB01089
DB01238,3,DB00594
DB00881,3,DB01143
DB00474,3,DB00780
DB00346,3,DB00653
DB01119,3,DB01244
DB00598,3,DB09227
DB00468,3,DB01214
DB09220,3,DB00899
DB00629,3,DB00800
DB01367,3,DB00275
DB01608,3,DB01192
DB04840,3,DB01029
DB00226,3,DB00876
DB00474,3,DB01023
DB01247,3,DB00612
DB01355,3,DB00373
DB00584,3,DB09477
DB00898,3,DB00862
DB09242,3,DB01023
DB00492,3,DB00869
DB09245,3,DB01240
DB00346,3,DB00484
DB00217,3,DB00343
DB00436,3,DB00528
DB00680,3,DB00866
DB09282,3,DB00350
DB01154,3,DB01367
DB00606,3,DB04948
DB01171,3,DB00999
DB00275,3,DB00629
DB00264,3,DB01090
DB00528,3,DB01180
DB00226,3,DB01580
DB00780,3,DB00264
DB01180,3,DB06268
DB00794,3,DB01162
DB00614,3,DB00678
DB00606,3,DB02638
DB00477,3,DB09204
DB00966,3,DB08808
DB00752,3,DB09235
DB04846,3,DB09235
DB09220,3,DB01580
DB00849,3,DB00691
DB00418,3,DB09477
DB01247,3,DB00765
DB00869,3,DB01158
DB00933,3,DB09204
DB00968,3,DB09238
DB00542,3,DB11362
DB00790,3,DB00905
DB00880,3,DB01348
DB00195,3,DB01180
DB09282,3,DB01020
DB01580,3,DB00734
DB00933,3,DB01359
DB09244,3,DB11362
DB00800,3,DB01136
DB00780,3,DB00214
DB01174,3,DB00457
DB00474,3,DB00631
DB00401,3,DB00869
DB00629,3,DB01324
DB09241,3,DB00350
DB00614,3,DB09238
DB01246,3,DB00335
DB01626,3,DB00343
DB04846,3,DB06826
DB00468,3,DB01580
DB00606,3,DB00678
DB00590,3,DB01240
DB01614,3,DB00521
DB04840,3,DB01136
DB01348,3,DB09238
DB01154,3,DB00188
DB01018,3,DB00905
DB09245,3,DB00393
DB01171,3,DB01136
DB01626,3,DB00796
DB00797,3,DB01090
DB00629,3,DB01023
DB09245,3,DB00350
DB01116,3,DB01203
DB00542,3,DB01580
DB01154,3,DB00590
DB01626,3,DB00542
DB01367,3,DB00401
DB09282,3,DB06694
DB00657,3,DB02638
DB00310,3,DB09070
DB00346,3,DB00866
DB00559,3,DB02638
DB01238,3,DB09038
DB09245,3,DB01203
DB01197,3,DB06403
DB01116,3,DB00629
DB00614,3,DB00519
DB00806,3,DB01018
DB01119,3,DB11362
DB00457,3,DB00230
DB09235,3,DB00765
DB01367,3,DB09026
DB01088,3,DB01158
DB00692,3,DB01023
DB00866,3,DB01324
DB00797,3,DB01580
DB00805,3,DB09238
DB09282,3,DB00373
DB00808,3,DB08808
DB01021,3,DB06403
DB01238,3,DB00598
DB01154,3,DB01340
DB00849,3,DB01367
DB01090,3,DB09235
DB00212,3,DB04861
DB00960,3,DB06268
DB00312,3,DB01144
DB00350,3,DB04846
DB09220,3,DB01002
DB00217,3,DB00999
DB00805,3,DB08931
DB00590,3,DB00869
DB00706,3,DB09236
DB09220,3,DB01235
DB09241,3,DB00287
DB01359,3,DB00734
DB01088,3,DB00960
DB00524,3,DB00905
DB01136,3,DB09227
DB09220,3,DB00797
DB00629,3,DB00876
DB00654,3,DB04861
DB00622,3,DB00325
DB00287,3,DB00606
DB00876,3,DB00734
DB00393,3,DB00692
DB00590,3,DB00734
DB00691,3,DB08808
DB00436,3,DB00734
DB00542,3,DB00869
DB00436,3,DB00925
DB00508,3,DB09204
DB00691,3,DB00905
DB01626,3,DB08808
DB00780,3,DB09026
DB00436,3,DB01054
DB01119,3,DB00270
DB00559,3,DB01116
DB00622,3,DB01324
DB00571,3,DB01324
DB01247,3,DB00774
DB00599,3,DB00755
DB00217,3,DB09242
DB00614,3,DB01180
DB01037,3,DB01275
DB00780,3,DB00796
DB00695,3,DB01180
DB01154,3,DB01612
DB01348,3,DB04861
DB00212,3,DB01197
DB01116,3,DB00654
DB09241,3,DB01227
DB00697,3,DB00492
DB01244,3,DB04948
DB09245,3,DB06268
DB00774,3,DB01021
DB00614,3,DB00381
DB00606,3,DB01180
DB00599,3,DB00343
DB00606,3,DB08932
DB00212,3,DB00800
DB04840,3,DB00790
DB00612,3,DB00800
DB00806,3,DB01214
DB01116,3,DB08931
DB00780,3,DB00217
DB00393,3,DB08932
DB01359,3,DB06712
DB00346,3,DB01180
DB00606,3,DB04861
DB01403,3,DB00335
DB01037,3,DB00999
DB00805,3,DB00876
DB04840,3,DB09238
DB01580,3,DB02638
DB00692,3,DB09235
DB00780,3,DB00393
DB00752,3,DB01214
DB00325,3,DB01090
DB04948,3,DB06403
DB09242,3,DB01143
DB00264,3,DB09235
DB00206,3,DB00692
DB00706,3,DB01427
DB01238,3,DB01144
DB00614,3,DB02638
DB00374,3,DB00774
DB09220,3,DB04861
DB00217,3,DB09477
DB00805,3,DB01054
DB01037,3,DB00519
DB00346,3,DB00606
DB00598,3,DB01143
DB00275,3,DB00606
DB00590,3,DB00692
DB00346,3,DB00575
DB00178,3,DB00800
DB00752,3,DB00880
DB00805,3,DB01244
DB01174,3,DB00631
DB00806,3,DB00722
DB00629,3,DB06712
DB04840,3,DB00226
DB01154,3,DB01214
DB00805,3,DB00374
DB00806,3,DB01180
DB09220,3,DB00584
DB00374,3,DB00866
DB06207,3,DB00884
DB00790,3,DB09477
DB00599,3,DB00925
DB04840,3,DB11362
DB01324,3,DB06826
DB01614,3,DB01193
DB01119,3,DB01018
DB00599,3,DB00960
DB01168,3,DB01116
DB01626,3,DB00559
DB00794,3,DB00800
DB00806,3,DB00654
DB09220,3,DB00310
DB00436,3,DB00654
DB01247,3,DB00960
DB00374,3,DB00808
DB09220,3,DB01200
DB00187,3,DB00734
DB00381,3,DB00925
DB00401,3,DB01170
DB00433,3,DB00571
DB00195,3,DB01170
DB01240,3,DB01089
DB00519,3,DB00866
DB01340,3,DB01580
DB00214,3,DB06826
DB01021,3,DB01324
DB00599,3,DB08931
DB04861,3,DB09235
DB01168,3,DB00584
DB01275,3,DB09238
DB01170,3,DB06826
DB01088,3,DB00195
DB01090,3,DB01348
DB00599,3,DB00622
DB00849,3,DB00177
DB00869,3,DB01170
DB01246,3,DB01214
DB00752,3,DB00519
DB00435,3,DB00734
DB00270,3,DB00374
DB01154,3,DB01020
DB00521,3,DB09236
DB01238,3,DB01282
DB00287,3,DB00571
DB01037,3,DB08931
DB00806,3,DB00881
DB00797,3,DB06268
DB01608,3,DB00647
DB09282,3,DB01054
DB00606,3,DB00629
DB00182,3,DB01018
DB00474,3,DB01136
DB01355,3,DB00695
DB09241,3,DB00590
DB01238,3,DB01200
DB00182,3,DB01348
DB09245,3,DB00774
DB00226,3,DB00598
DB01154,3,DB00695
DB01325,3,DB00492
DB09282,3,DB00492
DB04846,3,DB09238
DB00752,3,DB00212
DB04840,3,DB00876
DB00571,3,DB09238
DB00612,3,DB09477
DB00752,3,DB00800
DB00206,3,DB00287
DB00800,3,DB01193
DB01119,3,DB00457
DB00178,3,DB00226
DB00692,3,DB00800
DB01355,3,DB00700
DB00968,3,DB06403
DB04840,3,DB01348
DB00374,3,DB06712
DB00876,3,DB01143
DB01174,3,DB09292
DB09245,3,DB00217
DB05676,3,DB08931
DB09244,3,DB06712
DB00217,3,DB00691
DB01069,3,DB01193
DB09245,3,DB00657
DB01238,3,DB00797
DB01021,3,DB06826
DB01054,3,DB01340
DB00346,3,DB04948
DB00575,3,DB09477
DB00217,3,DB01021
DB00217,3,DB00310
DB00325,3,DB01143
DB01203,3,DB00734
DB01174,3,DB00790
DB09245,3,DB00521
DB00418,3,DB00590
DB09220,3,DB00727
DB01088,3,DB00612
DB00727,3,DB08931
DB00905,3,DB02638
DB00521,3,DB01090
DB00722,3,DB01580
DB01238,3,DB00195
DB00780,3,DB00622
DB01238,3,DB00492
DB00850,3,DB08807
DB00346,3,DB01193
DB00883,3,DB08931
DB00217,3,DB09070
DB01174,3,DB01359
DB01355,3,DB00742
DB00805,3,DB04861
DB00722,3,DB00797
DB00806,3,DB00275
DB01214,3,DB06826
DB00374,3,DB00765
DB01088,3,DB01203
DB00598,3,DB01240
DB09244,3,DB00575
DB01171,3,DB09026
DB01355,3,DB00519
DB01608,3,DB09204
DB00774,3,DB06712
DB00182,3,DB01023
DB01154,3,DB00521
DB00706,3,DB00381
DB00433,3,DB01295
DB00350,3,DB00734
DB01351,3,DB00691
DB09241,3,DB01193
DB01275,3,DB01054
DB01116,3,DB00612
DB01193,3,DB01089
DB00559,3,DB00590
DB01247,3,DB00692
DB00177,3,DB00925
DB01614,3,DB00335
DB01355,3,DB08931
DB00393,3,DB00528
DB00381,3,DB01240
DB00780,3,DB00457
DB00806,3,DB01580
DB00876,3,DB00925
DB00849,3,DB00796
DB01037,3,DB00492
DB01238,3,DB01029
DB06267,3,DB00598
DB00559,3,DB00876
DB00849,3,DB08907
DB01018,3,DB04840
DB01247,3,DB00678
DB04840,3,DB09477
DB00343,3,DB01297
DB01154,3,DB01193
DB00806,3,DB00270
DB01240,3,DB09477
DB01171,3,DB00381
DB00226,3,DB00765
DB09242,3,DB01054
DB00678,3,DB09238
DB00474,3,DB01200
DB00806,3,DB00401
DB00206,3,DB00734
DB01116,3,DB00571
DB00436,3,DB09238
DB00780,3,DB08931
DB01171,3,DB00960
DB01240,3,DB04846
DB00654,3,DB06712
DB01355,3,DB00657
DB00679,3,DB08807
DB01351,3,DB00790
DB00606,3,DB00960
DB09220,3,DB01115
DB00575,3,DB00925
DB09232,3,DB00325
DB01247,3,DB01116
DB04948,3,DB06268
DB00680,3,DB00647
DB01247,3,DB00492
DB01115,3,DB09204
DB00692,3,DB00968
DB01626,3,DB11362
DB01171,3,DB02638
DB04840,3,DB08808
DB01054,3,DB04846
DB00692,3,DB00866
DB01626,3,DB00876
DB00226,3,DB00584
DB01351,3,DB00373
DB09241,3,DB09026
DB01324,3,DB06694
DB01154,3,DB00657
DB09220,3,DB00708
DB00350,3,DB01244
DB00654,3,DB01348
DB00542,3,DB09235
DB01023,3,DB01580
DB00999,3,DB09238
DB01238,3,DB00310
DB09236,3,DB08932
DB00800,3,DB01021
DB00925,3,DB01244
DB09220,3,DB00922
DB00692,3,DB04861
DB09220,3,DB00323
DB09245,3,DB09477
DB00312,3,DB00887
DB00831,3,DB08808
DB01355,3,DB00790
DB01622,3,DB00921
DB09244,3,DB01089
DB01168,3,DB00519
DB00968,3,DB09236
DB00606,3,DB00876
DB00722,3,DB00866
DB00575,3,DB00528
DB00393,3,DB01090
DB00468,3,DB00796
DB00606,3,DB01348
DB01037,3,DB00612
DB09245,3,DB00678
DB01023,3,DB01324
DB00678,3,DB00692
DB06207,3,DB00996
DB00343,3,DB00325
DB01238,3,DB01236
DB00393,3,DB01089
DB00654,3,DB01180
DB01116,3,DB04846
DB06694,3,DB06403
DB00691,3,DB00866
DB00433,3,DB01203
DB00374,3,DB00925
DB01171,3,DB01580
DB00796,3,DB00800
DB00182,3,DB00612
DB01116,3,DB01197
DB00275,3,DB06694
DB00287,3,DB00521
DB00905,3,DB01580
DB01023,3,DB06826
DB01119,3,DB09477
DB00606,3,DB00774
DB00797,3,DB01136
DB00850,3,DB00960
DB00774,3,DB00966
DB00654,3,DB01359
DB00275,3,DB01580
DB09241,3,DB00880
DB01247,3,DB08808
DB00312,3,DB01612
DB09220,3,DB01162
DB00571,3,DB01143
DB09232,3,DB00734
DB00808,3,DB01580
DB09282,3,DB00226
DB00206,3,DB00226
DB00806,3,DB00796
DB00468,3,DB00436
DB01158,3,DB01324
DB00374,3,DB00966
DB00780,3,DB00584
DB00622,3,DB00800
DB01088,3,DB06826
DB00722,3,DB01090
DB01351,3,DB00519
DB00264,3,DB08808
DB00559,3,DB00542
DB00889,3,DB00714
DB04948,3,DB11362
DB00418,3,DB01275
DB00599,3,DB09477
DB00325,3,DB01240
DB00925,3,DB00966
DB00217,3,DB00178
DB01247,3,DB00457
DB00325,3,DB09070
DB01162,3,DB00653
DB01608,3,DB00956
DB00217,3,DB01340
DB00343,3,DB00734
DB09245,3,DB00880
DB09026,3,DB01143
DB01119,3,DB00598
DB00780,3,DB00195
DB04948,3,DB06694
DB00614,3,DB00612
DB01171,3,DB01119
DB00805,3,DB09235
DB00805,3,DB06403
DB00287,3,DB01244
DB01351,3,DB00968
DB01023,3,DB09070
DB00519,3,DB09070
DB00606,3,DB00612
DB00401,3,DB01054
DB09235,3,DB00734
DB00524,3,DB00528
DB01151,3,DB09220
DB00310,3,DB00869
DB00508,3,DB00187
DB00680,3,DB00333
DB00599,3,DB00275
DB00287,3,DB00968
DB01626,3,DB00678
DB01171,3,DB00774
DB00575,3,DB06712
DB01246,3,DB01209
DB01119,3,DB00797
DB00800,3,DB04846
DB01193,3,DB02638
DB00849,3,DB00631
DB00287,3,DB00374
DB00849,3,DB09477
DB01088,3,DB00734
DB00806,3,DB01193
DB00287,3,DB01021
DB00212,3,DB00765
DB01351,3,DB00542
DB00559,3,DB09477
DB00612,3,DB00866
DB00374,3,DB00381
DB01238,3,DB00774
DB01088,3,DB00214
DB00590,3,DB00555
DB00606,3,DB00905
DB00226,3,DB06712
DB01116,3,DB08808
DB01154,3,DB00381
DB00214,3,DB01090
DB01626,3,DB01023
DB00264,3,DB01089
DB00869,3,DB01180
DB00925,3,DB09235
DB00226,3,DB00373
DB00797,3,DB01348
DB00350,3,DB09235
DB01351,3,DB01193
DB00692,3,DB04846
DB00806,3,DB04861
DB01171,3,DB00226
DB00757,3,DB00714
DB00692,3,DB01143
DB01238,3,DB00177
DB02638,3,DB08931
DB00212,3,DB01324
DB00264,3,DB11362
DB00312,3,DB00631
DB00796,3,DB01143
DB00680,3,DB00489
DB01088,3,DB00796
DB00555,3,DB00325
DB00590,3,DB01244
DB00206,3,DB01240
DB04840,3,DB08931
DB01626,3,DB06268
DB01238,3,DB00922
DB00866,3,DB01158
DB00474,3,DB00195
DB01246,3,DB00571
DB00678,3,DB01143
DB00181,3,DB09236
DB09282,3,DB01158
DB09220,3,DB00631
DB04840,3,DB00722
DB09242,3,DB09070
DB00614,3,DB00880
DB01088,3,DB00457
DB01275,3,DB00654
DB01116,3,DB09070
DB00206,3,DB00571
DB00418,3,DB00964
DB00374,3,DB01158
DB00195,3,DB08932
DB00436,3,DB01240
DB04840,3,DB09236
DB00492,3,DB00654
DB00790,3,DB09238
DB00436,3,DB00869
DB01136,3,DB00555
DB00806,3,DB01116
DB00474,3,DB00542
DB01029,3,DB01143
DB00350,3,DB01054
DB00797,3,DB00960
DB01351,3,DB01162
DB01170,3,DB00765
DB00692,3,DB02638
DB00270,3,DB04948
DB00312,3,DB01113
DB00575,3,DB00287
DB09282,3,DB00774
DB00797,3,DB01197
DB00226,3,DB00808
DB00590,3,DB09232
DB01608,3,DB00866
DB01367,3,DB00571
DB01054,3,DB08932
DB01037,3,DB01359
DB00474,3,DB01282
DB09220,3,DB01275
DB00312,3,DB00350
DB00680,3,DB00193
DB00212,3,DB06712
DB01247,3,DB11362
DB00849,3,DB01037
DB01622,3,DB01295
DB01020,3,DB00734
DB00849,3,DB01197
DB00692,3,DB00796
DB01203,3,DB01180
DB01170,3,DB01324
DB00849,3,DB01115
DB00212,3,DB09477
DB00780,3,DB04861
DB00752,3,DB01119
DB00692,3,DB00808
DB00678,3,DB06694
DB04840,3,DB01324
DB01189,3,DB00734
DB00474,3,DB00457
DB00420,3,DB01193
DB00393,3,DB00765
DB00217,3,DB00876
DB00805,3,DB00722
DB01154,3,DB00489
DB01367,3,DB00350
DB04840,3,DB01197
DB00542,3,DB01143
DB00866,3,DB01214
DB00226,3,DB00542
DB00806,3,DB01029
DB00880,3,DB06826
DB00598,3,DB00797
DB00468,3,DB01324
DB00418,3,DB00521
DB00800,3,DB01089
DB00599,3,DB01612
DB00692,3,DB01197
DB00287,3,DB09238
DB00226,3,DB00519
DB00808,3,DB06403
DB09241,3,DB01054
DB01088,3,DB08808
DB01340,3,DB08932
DB00524,3,DB00692
DB00217,3,DB01143
DB01168,3,DB00905
DB00373,3,DB08808
DB00797,3,DB00925
DB00584,3,DB11362
DB00521,3,DB00869
DB06712,3,DB09026
DB00599,3,DB09292
DB01626,3,DB01018
DB01240,3,DB09026
DB00584,3,DB01240
DB00206,3,DB06403
DB00999,3,DB01324
DB00287,3,DB01240
DB01158,3,DB08808
DB01247,3,DB01021
DB00794,3,DB00722
DB01238,3,DB00178
DB09070,3,DB08932
DB00217,3,DB00654
DB00457,3,DB09070
DB00966,3,DB06268
DB00418,3,DB00876
DB00468,3,DB01180
DB01170,3,DB06268
DB00528,3,DB06694
DB01154,3,DB00335
DB01351,3,DB06292
DB09242,3,DB00966
DB01203,3,DB01143
DB00381,3,DB06712
DB00614,3,DB00598
DB00182,3,DB06712
DB01238,3,DB00964
DB00590,3,DB00606
DB00925,3,DB01136
DB00800,3,DB08808
DB01115,3,DB00571
DB00752,3,DB00790
DB01088,3,DB00287
DB00195,3,DB09238
DB00774,3,DB08808
DB00575,3,DB09238
DB09220,3,DB04920
DB00559,3,DB00866
DB00393,3,DB01170
DB01144,3,DB00734
DB00796,3,DB00869
DB00343,3,DB02638
DB00312,3,DB00703
DB00468,3,DB01116
DB01355,3,DB00964
DB00312,3,DB09279
DB01622,3,DB01227
DB00960,3,DB01324
DB00350,3,DB01143
DB01247,3,DB04846
DB04840,3,DB02638
DB00350,3,DB00629
DB00866,3,DB09220
DB01023,3,DB01244
DB00310,3,DB01170
DB09282,3,DB00866
DB00182,3,DB00790
DB00457,3,DB00774
DB00206,3,DB01580
DB01626,3,DB08931
DB00559,3,DB00521
DB00521,3,DB00528
DB00680,3,DB00960
DB08808,3,DB06403
DB01238,3,DB00703
DB00418,3,DB01247
DB01116,3,DB01158
DB01244,3,DB06712
DB01069,3,DB00187
DB00881,3,DB06268
DB00270,3,DB00765
DB00433,3,DB01136
DB09282,3,DB00598
DB09282,3,DB00692
DB04840,3,DB00797
DB01203,3,DB09477
DB00436,3,DB06403
DB00177,3,DB01089
DB01351,3,DB01203
DB00796,3,DB08932
DB09241,3,DB00796
DB09245,3,DB01089
DB09220,3,DB00542
DB00177,3,DB01090
DB00599,3,DB00335
DB01247,3,DB06826
DB00492,3,DB08932
DB00629,3,DB01240
DB00468,3,DB00177
DB00226,3,DB01324
DB09245,3,DB01340
DB01359,3,DB06268
DB09241,3,DB00629
DB01622,3,DB08808
DB09220,3,DB00872
DB00780,3,DB09238
DB00614,3,DB01197
DB09220,3,DB00270
DB01154,3,DB00275
DB00752,3,DB01158
DB01018,3,DB01143
DB00374,3,DB09238
DB01355,3,DB01143
DB00590,3,DB00765
DB00780,3,DB00869
DB09220,3,DB09286
DB01340,3,DB06712
DB00599,3,DB01203
DB09282,3,DB00820
DB00590,3,DB00629
DB00381,3,DB01244
DB00806,3,DB00657
DB00474,3,DB09477
DB00474,3,DB00622
DB00524,3,DB06268
DB00542,3,DB09236
DB09220,3,DB01240
DB00800,3,DB01029
DB00722,3,DB09238
DB00752,3,DB00310
DB01324,3,DB08931
DB00654,3,DB01089
DB00794,3,DB00384
DB01615,3,DB00264
DB01193,3,DB08808
DB00374,3,DB00571
DB00206,3,DB00629
DB00343,3,DB00905
DB09245,3,DB00381
DB01171,3,DB00866
DB01171,3,DB00876
DB00420,3,DB00187
DB00343,3,DB00800
DB00468,3,DB00287
DB00519,3,DB09477
DB00457,3,DB09232
DB00287,3,DB00436
DB00217,3,DB00542
DB04948,3,DB00734
DB00960,3,DB09236
DB00590,3,DB00905
DB00343,3,DB00774
DB00796,3,DB04948
DB00599,3,DB00594
DB01324,3,DB00765
DB09282,3,DB00195
DB01238,3,DB00584
DB00457,3,DB00654
DB00343,3,DB01170
DB09241,3,DB00489
DB00457,3,DB02638
DB01069,3,DB01214
DB01136,3,DB00568
DB02638,3,DB09220
DB00796,3,DB09238
DB00519,3,DB04846
DB00468,3,DB06268
DB00584,3,DB01143
DB00651,3,DB08931
DB00457,3,DB01427
DB00226,3,DB01089
DB00212,3,DB01023
DB00881,3,DB06712
DB00794,3,DB00521
DB01037,3,DB06403
DB00796,3,DB06826
DB00346,3,DB00214
DB00312,3,DB00373
DB01021,3,DB01180
DB00528,3,DB00808
DB00612,3,DB00774
DB01580,3,DB08808
DB00325,3,DB01116
DB01214,3,DB04846
DB00287,3,DB00808
DB00325,3,DB00374
DB00468,3,DB01029
DB01119,3,DB06694
DB00805,3,DB09242
DB01193,3,DB00765
DB00654,3,DB00960
DB06207,3,DB00568
DB01247,3,DB00876
DB00678,3,DB01170
DB09238,3,DB01089
DB00794,3,DB01197
DB00457,3,DB09216
DB06826,3,DB06403
DB01238,3,DB00708
DB01174,3,DB00598
DB00492,3,DB00734
DB01355,3,DB00393
DB01197,3,DB01324
DB01158,3,DB06403
DB00217,3,DB00528
DB00217,3,DB00797
DB00401,3,DB00325
DB01037,3,DB00734
DB09245,3,DB06694
DB01168,3,DB00876
DB11362,3,DB00765
DB01171,3,DB04861
DB01240,3,DB06712
DB09245,3,DB00575
DB04846,3,DB09220
DB00214,3,DB00869
DB00346,3,DB04840
DB00805,3,DB00774
DB00797,3,DB01324
DB00590,3,DB00528
DB09282,3,DB00542
DB00524,3,DB00797
DB00780,3,DB06403
DB00849,3,DB00343
DB09241,3,DB00611
DB00697,3,DB00881
DB00881,3,DB00925
DB00599,3,DB00421
DB00774,3,DB08931
DB00794,3,DB01282
DB00614,3,DB09026
DB00881,3,DB00765
DB00780,3,DB01244
DB09241,3,DB01324
DB00528,3,DB02638
DB01355,3,DB01340
DB00691,3,DB00765
DB00508,3,DB00521
DB09241,3,DB09236
DB00678,3,DB01089
DB00876,3,DB06694
DB00780,3,DB01275
DB00418,3,DB00542
DB01021,3,DB01158
DB01351,3,DB00780
DB00226,3,DB00264
DB09282,3,DB01018
DB00806,3,DB01275
DB00849,3,DB01210
DB01367,3,DB00722
DB00195,3,DB00654
DB00312,3,DB00692
DB00287,3,DB00310
DB01023,3,DB06712
DB00325,3,DB01180
DB01170,3,DB08931
DB00797,3,DB01021
DB00796,3,DB01244
DB00374,3,DB01214
DB00866,3,DB01021
DB01275,3,DB01143
DB00232,3,DB01180
DB00806,3,DB04846
DB00468,3,DB00657
DB00177,3,DB04846
DB00178,3,DB00629
DB09282,3,DB01214
DB00774,3,DB01180
DB06268,3,DB06403
DB00275,3,DB00734
DB00182,3,DB01580
DB00691,3,DB02638
DB01247,3,DB00999
DB00312,3,DB00780
DB01154,3,DB01200
DB09220,3,DB00700
DB01174,3,DB01247
DB00275,3,DB00797
DB01090,3,DB04846
DB00474,3,DB00968
DB09282,3,DB01626
DB00401,3,DB00734
DB01018,3,DB01180
DB00217,3,DB00275
DB01351,3,DB00706
DB00584,3,DB09238
DB01247,3,DB00374
DB09282,3,DB01613
DB01193,3,DB01143
DB09241,3,DB00691
DB01614,3,DB01203
DB01608,3,DB06738
DB00678,3,DB09070
DB01174,3,DB00492
DB00521,3,DB09070
DB00468,3,DB00519
DB01247,3,DB00528
DB01154,3,DB00872
DB00866,3,DB02638
DB00492,3,DB00800
DB01340,3,DB09235
DB01247,3,DB01580
DB00559,3,DB00999
DB00691,3,DB09070
DB00599,3,DB00797
DB00805,3,DB00350
DB09220,3,DB09232
DB09242,3,DB01029
DB00614,3,DB00335
DB00521,3,DB00654
DB01238,3,DB00780
DB01355,3,DB01210
DB00226,3,DB06403
DB00774,3,DB01023
DB00774,3,DB00960
DB00542,3,DB06826
DB09244,3,DB00436
DB00629,3,DB06268
DB01367,3,DB01018
DB00800,3,DB00876
DB00528,3,DB08931
DB01626,3,DB00960
DB00418,3,DB01158
DB00212,3,DB00966
DB01023,3,DB01170
DB00794,3,DB00421
DB01115,3,DB00325
DB01018,3,DB00528
DB00774,3,DB09070
DB09282,3,DB00678
DB00468,3,DB00457
DB00206,3,DB01203
DB02638,3,DB06826
DB00806,3,DB00606
DB00346,3,DB00629
DB01154,3,DB04948
DB00866,3,DB00925
DB00831,3,DB00521
DB00217,3,DB00519
DB00275,3,DB09238
DB00805,3,DB00999
DB00374,3,DB08808
DB00654,3,DB08808
DB00214,3,DB09070
DB00182,3,DB04861
DB00805,3,DB00584
DB01214,3,DB09236
DB06207,3,DB01074
DB00968,3,DB01170
DB01088,3,DB00226
DB09241,3,DB00178
DB01168,3,DB00774
DB09241,3,DB01119
DB00924,3,DB09220
DB00335,3,DB00765
DB00806,3,DB00457
DB01355,3,DB00384
DB00270,3,DB00866
DB01240,3,DB01359
DB01355,3,DB08941
DB00805,3,DB00325
DB00178,3,DB09238
DB00212,3,DB00797
DB01174,3,DB00590
DB01580,3,DB04861
DB01246,3,DB00956
DB00393,3,DB00800
DB00599,3,DB01115
DB01238,3,DB00612
DB00880,3,DB01180
DB01168,3,DB00381
DB00212,3,DB00287
DB00275,3,DB00925
DB00584,3,DB00765
DB01608,3,DB00708
DB00679,3,DB08808
DB01614,3,DB09204
DB01367,3,DB00866
DB00831,3,DB00195
DB06712,3,DB11362
DB02638,3,DB09026
DB01214,3,DB00734
DB00474,3,DB00727
DB00862,3,DB01162
DB01355,3,DB01282
DB01174,3,DB00742
DB06826,3,DB09220
DB09245,3,DB01119
DB00797,3,DB08932
DB01171,3,DB00966
DB01238,3,DB00678
DB00614,3,DB00436
DB00806,3,DB02638
DB01136,3,DB09230
DB09282,3,DB00571
DB09242,3,DB00797
DB00177,3,DB00654
DB01355,3,DB01240
DB09241,3,DB06738
DB00457,3,DB04840
DB00206,3,DB02638
DB00800,3,DB00866
DB00346,3,DB08932
DB00287,3,DB09026
DB01170,3,DB01197
DB01180,3,DB08931
DB01037,3,DB01348
DB00508,3,DB01210
DB00312,3,DB00727
DB01355,3,DB00275
DB00680,3,DB00318
DB01116,3,DB00264
DB01166,3,DB08931
DB00599,3,DB00903
DB01247,3,DB01348
DB00622,3,DB04948
DB00346,3,DB00177
DB01119,3,DB09238
DB08822,3,DB00734
DB00474,3,DB00881
DB01088,3,DB00381
DB00559,3,DB09235
DB04840,3,DB01214
DB00806,3,DB00765
DB00691,3,DB06268
DB09220,3,DB01118
DB00474,3,DB00691
DB00925,3,DB06403
DB00960,3,DB09477
DB01021,3,DB01348
DB00571,3,DB08808
DB00629,3,DB01089
DB00436,3,DB09235
DB00774,3,DB04948
DB00182,3,DB08931
DB00599,3,DB01119
DB01355,3,DB00968
DB00182,3,DB01054
DB00680,3,DB00497
DB09282,3,DB00966
DB00960,3,DB01021
DB01090,3,DB01143
DB09245,3,DB00457
DB00212,3,DB01090
DB01626,3,DB00606
DB09477,3,DB06403
DB09220,3,DB01197
DB00310,3,DB01054
DB00797,3,DB01193
DB00612,3,DB09236
DB00287,3,DB00774
DB01037,3,DB00866
DB00346,3,DB00343
DB00722,3,DB01324
DB09220,3,DB00528
DB09244,3,DB00722
DB01238,3,DB00700
DB09220,3,DB00393
DB09244,3,DB01018
DB01174,3,DB00421
DB00869,3,DB01348
DB01246,3,DB01081
DB04840,3,DB01158
DB01580,3,DB06403
DB00214,3,DB01180
DB01119,3,DB00606
DB00599,3,DB00681
DB00606,3,DB01203
DB04861,3,DB06268
DB01088,3,DB00519
DB00374,3,DB01197
DB00287,3,DB01324
DB01351,3,DB04861
DB01367,3,DB00335
DB01054,3,DB01580
DB00343,3,DB01580
DB00800,3,DB00734
DB00774,3,DB00876
DB01021,3,DB01214
DB00880,3,DB01240
DB09477,3,DB11362
DB00722,3,DB01170
DB01116,3,DB09235
DB01355,3,DB00887
DB00312,3,DB01088
DB00474,3,DB00325
DB00599,3,DB00188
DB01626,3,DB01240
DB00468,3,DB00880
DB01626,3,DB00925
DB00692,3,DB01170
DB01162,3,DB00230
DB00614,3,DB01116
DB00325,3,DB01324
DB01238,3,DB01018
DB01367,3,DB01136
DB01348,3,DB09235
DB01162,3,DB00996
DB09245,3,DB00559
DB01622,3,DB09204
DB01088,3,DB01116
DB00206,3,DB06694
DB04861,3,DB11362
DB01247,3,DB01023
DB00794,3,DB00335
DB00629,3,DB09220
DB00614,3,DB00925
DB01247,3,DB04861
DB01168,3,DB01090
DB01240,3,DB04948
DB01580,3,DB09236
DB06694,3,DB09026
DB04840,3,DB01023
DB09282,3,DB11362
DB00374,3,DB00612
DB01119,3,DB00178
DB00418,3,DB00790
DB01154,3,DB01240
DB01154,3,DB00457
DB00849,3,DB00964
DB01351,3,DB01247
DB00373,3,DB06712
DB04840,3,DB00374
DB00542,3,DB00905
DB00287,3,DB02638
DB01355,3,DB00881
DB01403,3,DB00187
DB01171,3,DB04948
DB01275,3,DB06403
DB00264,3,DB00692
DB00629,3,DB01348
DB01170,3,DB01340
DB00226,3,DB00401
DB01162,3,DB00568
DB00623,3,DB00521
DB00599,3,DB00975
DB09242,3,DB00881
DB00374,3,DB04948
DB00374,3,DB00881
DB09282,3,DB01119
DB00264,3,DB00774
DB00590,3,DB01116
DB00226,3,DB09220
DB01608,3,DB00521
DB00214,3,DB01143
DB00905,3,DB01180
DB00528,3,DB04846
DB09244,3,DB06694
DB09245,3,DB00542
DB01037,3,DB09242
DB09282,3,DB00960
DB00606,3,DB09220
DB00474,3,DB00435
DB01247,3,DB06694
DB00831,3,DB01295
DB00780,3,DB01054
DB01367,3,DB08808
DB00774,3,DB06268
DB00206,3,DB00264
DB00780,3,DB00880
DB01021,3,DB01170
DB00818,3,DB00734
DB01018,3,DB04948
DB00418,3,DB00722
DB00270,3,DB09070
DB00876,3,DB01170
DB01626,3,DB01340
DB00528,3,DB06268
DB01169,3,DB00734
DB01154,3,DB00800
DB00629,3,DB08932
DB00599,3,DB00881
DB01626,3,DB04948
DB01136,3,DB09070
DB00925,3,DB04948
DB01367,3,DB00960
DB01088,3,DB04840
DB00905,3,DB04948
DB01340,3,DB09477
DB00692,3,DB06712
DB00796,3,DB01170
DB04861,3,DB01180
DB01403,3,DB01203
DB00346,3,DB00968
DB00287,3,DB00598
DB00806,3,DB06712
DB00869,3,DB01089
DB00418,3,DB01088
DB00374,3,DB09070
DB01088,3,DB00808
DB09242,3,DB00629
DB00350,3,DB00559
DB00590,3,DB09230
DB00794,3,DB00275
DB01168,3,DB00678
DB01021,3,DB01580
DB01626,3,DB00212
DB09282,3,DB09026
DB01116,3,DB01580
DB00474,3,DB00796
DB09242,3,DB01170
DB04948,3,DB08931
DB01018,3,DB01089
DB01119,3,DB00622
DB01238,3,DB01224
DB01069,3,DB00612
DB00866,3,DB01054
DB00287,3,DB01029
DB01037,3,DB04948
DB00418,3,DB00350
DB00178,3,DB01143
DB00887,3,DB01180
DB00599,3,DB00966
DB01168,3,DB04948
DB00468,3,DB04840
DB00960,3,DB01090
DB01351,3,DB00521
DB00797,3,DB01340
DB01168,3,DB01089
DB00287,3,DB06403
DB00468,3,DB00797
DB09241,3,DB00844
DB00850,3,DB00571
DB01168,3,DB00999
DB00346,3,DB06694
DB00287,3,DB09236
DB00528,3,DB01348
DB00808,3,DB00866
DB01174,3,DB09038
DB01203,3,DB04846
DB09244,3,DB09477
DB00559,3,DB09220
DB00706,3,DB00653
DB00805,3,DB00692
DB09282,3,DB06267
DB01021,3,DB01197
DB09241,3,DB00519
DB00468,3,DB00571
DB00182,3,DB00590
DB00774,3,DB01193
DB04840,3,DB01240
DB01235,3,DB00734
DB00312,3,DB08822
DB00287,3,DB00960
DB11362,3,DB06268
DB01367,3,DB09070
DB00346,3,DB00568
DB09241,3,DB04846
DB00374,3,DB01348
DB00614,3,DB09242
DB01367,3,DB00310
DB01351,3,DB00755
DB01023,3,DB09235
DB00374,3,DB02638
DB01090,3,DB01158
DB06712,3,DB09238
DB00905,3,DB01021
DB01324,3,DB08932
DB01037,3,DB00590
DB01174,3,DB01193
DB00559,3,DB01170
DB00468,3,DB09070
DB00612,3,DB06268
DB00598,3,DB00653
DB00678,3,DB08808
DB09220,3,DB00765
DB00654,3,DB04846
DB00925,3,DB01158
DB00575,3,DB00654
DB06207,3,DB09216
DB09244,3,DB00691
DB01614,3,DB00571
DB09241,3,DB01081
DB01367,3,DB04861
DB00401,3,DB01089
DB00177,3,DB00765
DB00629,3,DB00691
DB00182,3,DB09242
DB01174,3,DB01144
DB01614,3,DB00489
DB00808,3,DB01324
DB09282,3,DB08808
DB01054,3,DB01240
DB00806,3,DB00436
DB09235,3,DB09238
DB09244,3,DB00457
DB01247,3,DB01340
DB00876,3,DB01090
DB00559,3,DB00796
DB00866,3,DB01180
DB01275,3,DB04840
DB00559,3,DB09236
DB09220,3,DB09236
DB00312,3,DB00975
DB09242,3,DB00678
DB00966,3,DB04948
DB01626,3,DB00571
DB01340,3,DB06268
DB00614,3,DB00960
DB00217,3,DB00765
DB00217,3,DB00657
DB01088,3,DB00654
DB01247,3,DB09477
DB00966,3,DB01054
DB00226,3,DB09236
DB00418,3,DB01340
DB00418,3,DB04920
DB00287,3,DB00401
DB01247,3,DB00335
DB01246,3,DB00921
DB01247,3,DB00178
DB00657,3,DB00212
DB01171,3,DB01180
DB00508,3,DB01297
DB01359,3,DB02638
DB00492,3,DB06403
DB00350,3,DB01580
DB00346,3,DB01240
DB00790,3,DB01090
DB01626,3,DB00195
DB00264,3,DB01180
DB09241,3,DB00559
DB01238,3,DB09292
DB00722,3,DB06712
DB00794,3,DB01210
DB01023,3,DB01348
DB00654,3,DB01054
DB00182,3,DB09026
DB00691,3,DB00692
DB00346,3,DB04743
DB01171,3,DB00925
DB00214,3,DB00925
DB01238,3,DB00727
DB01359,3,DB00765
DB09282,3,DB00393
DB01021,3,DB09477
DB00312,3,DB09038
DB00468,3,DB00612
DB00880,3,DB01021
DB01626,3,DB00905
DB01116,3,DB00722
DB00806,3,DB01021
DB00346,3,DB06712
DB01158,3,DB04846
DB01203,3,DB11362
DB00182,3,DB00212
DB01021,3,DB01054
DB00310,3,DB01324
DB01246,3,DB08807
DB04840,3,DB00629
DB00880,3,DB00734
DB04840,3,DB00691
DB09220,3,DB00790
DB01238,3,DB09286
DB00310,3,DB09235
DB04846,3,DB08932
DB01174,3,DB04861
DB00346,3,DB09235
DB00752,3,DB09236
DB01170,3,DB04948
DB00492,3,DB00606
DB00905,3,DB01214
DB00343,3,DB00654
DB09245,3,DB00584
DB00226,3,DB00571
DB09220,3,DB00188
DB00575,3,DB00800
DB01238,3,DB01240
DB00484,3,DB00734
DB01275,3,DB01244
DB00310,3,DB01580
DB06237,3,DB06207
DB00820,3,DB06207
DB00310,3,DB06268
DB00876,3,DB06403
DB00468,3,DB00401
DB00629,3,DB00765
DB09282,3,DB00374
DB01168,3,DB01180
DB00474,3,DB01275
DB04841,3,DB00325
DB09244,3,DB00966
DB00374,3,DB00436
DB00474,3,DB01029
DB00436,3,DB06712
DB00794,3,DB00519
DB01324,3,DB01143
DB00521,3,DB01580
DB01622,3,DB01466
DB01275,3,DB01170
DB00850,3,DB00335
DB00217,3,DB01324
DB00474,3,DB00612
DB00599,3,DB00401
DB00849,3,DB01193
DB01021,3,DB09236
DB00524,3,DB06712
DB00612,3,DB08808
DB00654,3,DB00869
DB01037,3,DB06268
DB00629,3,DB02638
DB00559,3,DB01203
DB00477,3,DB08808
DB09220,3,DB00178
DB00599,3,DB00964
DB00752,3,DB00287
DB01088,3,DB00484
DB00374,3,DB00905
DB00599,3,DB01367
DB00401,3,DB06268
DB00182,3,DB00606
DB01037,3,DB01021
DB01119,3,DB00381
DB01608,3,DB01466
DB04840,3,DB09070
DB00797,3,DB08931
DB00492,3,DB01021
DB01355,3,DB00214
DB00654,3,DB00999
DB09241,3,DB06403
DB09282,3,DB00905
DB01069,3,DB01359
DB01367,3,DB00966
DB01275,3,DB00226
DB01168,3,DB00800
DB00374,3,DB01170
DB01171,3,DB06694
DB00468,3,DB00325
DB01275,3,DB08932
DB00264,3,DB00654
DB00599,3,DB09026
DB01168,3,DB08931
DB00905,3,DB01054
DB00559,3,DB01275
DB01246,3,DB00844
DB00457,3,DB00287
DB00678,3,DB08932
DB00960,3,DB11362
DB00474,3,DB00373
DB00905,3,DB01348
DB00521,3,DB11362
DB01238,3,DB04948
DB00325,3,DB09242
DB01115,3,DB04861
DB01023,3,DB09477
DB01247,3,DB00350
DB01325,3,DB00722
DB00680,3,DB00802
DB00310,3,DB06826
DB09220,3,DB01088
DB00797,3,DB01170
DB00217,3,DB00800
DB00346,3,DB00275
DB01238,3,DB00214
DB00933,3,DB00489
DB00287,3,DB09070
DB01154,3,DB00903
DB00325,3,DB01170
DB01174,3,DB00727
DB01325,3,DB01348
DB09242,3,DB08932
DB01021,3,DB01143
DB00468,3,DB00492
DB06207,3,DB08992
DB01170,3,DB01089
DB00831,3,DB09204
DB00571,3,DB00692
DB00752,3,DB00436
DB00657,3,DB09070
DB00678,3,DB00797
DB09242,3,DB00528
DB09220,3,DB01089
DB00177,3,DB00606
DB00206,3,DB01297
DB04948,3,DB01089
DB01238,3,DB00457
DB09236,3,DB00765
DB00706,3,DB09232
DB00310,3,DB00905
DB00474,3,DB01169
DB09220,3,DB01229
DB00325,3,DB11362
DB00206,3,DB00606
DB09282,3,DB00559
DB00800,3,DB08931
DB00182,3,DB00287
DB01154,3,DB09038
DB00575,3,DB08932
DB00177,3,DB01021
DB01244,3,DB01324
DB09282,3,DB00999
DB00474,3,DB01113
DB01238,3,DB04861
DB01171,3,DB01089
DB00182,3,DB01029
DB01018,3,DB00869
DB01238,3,DB09236
DB09220,3,DB01029
DB00178,3,DB01090
DB00571,3,DB01348
DB09244,3,DB01580
DB00752,3,DB01180
DB00418,3,DB00700
DB09220,3,DB00960
DB01018,3,DB00774
DB00999,3,DB01143
DB00182,3,DB00629
DB00679,3,DB00734
DB01171,3,DB00790
DB01158,3,DB00765
DB00805,3,DB02638
DB01162,3,DB04841
DB01580,3,DB11362
DB01054,3,DB01143
DB01168,3,DB00796
DB00780,3,DB01214
DB00999,3,DB09477
DB01367,3,DB06826
DB00692,3,DB11362
DB00999,3,DB04948
DB01626,3,DB06826
DB00697,3,DB00178
DB00212,3,DB06694
DB00774,3,DB00734
DB00346,3,DB00960
DB00287,3,DB01340
DB00310,3,DB09236
DB00521,3,DB01348
DB00590,3,DB01054
DB01622,3,DB00899
DB00212,3,DB00373
DB00722,3,DB01021
DB00381,3,DB00606
DB01351,3,DB00714
DB00474,3,DB00964
DB01200,3,DB00734
DB00519,3,DB00654
DB09244,3,DB01021
DB01168,3,DB00869
DB00287,3,DB09477
DB00217,3,DB01116
DB01324,3,DB04948
DB00474,3,DB00335
DB00606,3,DB01170
DB00774,3,DB09236
DB01119,3,DB01158
DB00346,3,DB01427
DB00519,3,DB01348
DB00571,3,DB00925
DB00849,3,DB00381
DB00418,3,DB00384
DB01197,3,DB09477
DB00849,3,DB00373
DB00966,3,DB06826
DB01088,3,DB00584
DB01174,3,DB00692
DB00880,3,DB00905
DB00182,3,DB00217
DB00401,3,DB00692
DB00590,3,DB01427
DB09238,3,DB06403
DB00780,3,DB09242
DB00346,3,DB00492
DB00312,3,DB04948
DB01367,3,DB00177
DB00401,3,DB01324
DB00584,3,DB01244
DB00521,3,DB01021
DB01348,3,DB11362
DB00312,3,DB09477
DB00808,3,DB00905
DB00401,3,DB00765
DB00474,3,DB01088
DB09282,3,DB00484
DB00195,3,DB01054
DB09220,3,DB09242
DB00312,3,DB00695
DB00275,3,DB01244
DB00418,3,DB08941
DB00226,3,DB01158
DB00692,3,DB09238
DB09242,3,DB01340
DB00606,3,DB00790
DB01088,3,DB00343
DB00866,3,DB00966
DB00559,3,DB04861
DB00524,3,DB01143
DB01090,3,DB09026
DB00195,3,DB02638
DB00528,3,DB00925
DB00691,3,DB00797
DB00528,3,DB00622
DB00325,3,DB00654
DB00217,3,DB00212
DB00346,3,DB02638
DB00794,3,DB01367
DB00217,3,DB09238
DB01168,3,DB00177
DB01622,3,DB00318
DB09245,3,DB00881
DB04840,3,DB00178
DB01348,3,DB01180
DB01403,3,DB01193
DB00614,3,DB11362
DB00474,3,DB00883
DB00599,3,DB00384
DB00999,3,DB01348
DB04840,3,DB00598
DB00629,3,DB04948
DB01168,3,DB01240
DB00212,3,DB01054
DB00808,3,DB01089
DB01247,3,DB00796
DB09241,3,DB00790
DB00457,3,DB01240
DB00806,3,DB08932
DB01171,3,DB00629
DB00195,3,DB01580
DB00599,3,DB00590
DB00335,3,DB00905
DB00629,3,DB00999
DB00876,3,DB04846
DB09242,3,DB01240
DB00905,3,DB11362
DB00559,3,DB06268
DB09038,3,DB00734
DB00999,3,DB08932
DB01351,3,DB00492
DB01351,3,DB00703
DB00584,3,DB00797
DB01626,3,DB00524
DB00614,3,DB09477
DB06694,3,DB06712
DB00612,3,DB06712
DB01367,3,DB00881
DB00780,3,DB00654
DB00966,3,DB09070
DB01154,3,DB01088
DB01622,3,DB06738
DB00654,3,DB00876
DB00794,3,DB00922
DB00350,3,DB00774
DB00806,3,DB04840
DB01246,3,DB00866
DB00346,3,DB00206
DB00806,3,DB00691
DB00270,3,DB02638
DB00905,3,DB01203
DB00780,3,DB04948
DB09282,3,DB00521
DB00722,3,DB00925
DB01351,3,DB00681
DB00217,3,DB00606
DB00217,3,DB00678
DB00999,3,DB01170
DB00654,3,DB09238
DB00692,3,DB06268
DB01037,3,DB00528
DB00468,3,DB00212
DB01367,3,DB00521
DB00206,3,DB09204
DB01351,3,DB00883
DB00797,3,DB04861
DB04846,3,DB06712
DB01089,3,DB01143
DB09244,3,DB00177
DB00805,3,DB00270
DB01116,3,DB09238
DB00542,3,DB00866
DB00668,3,DB08815
DB00796,3,DB00866
DB00381,3,DB01089
DB00418,3,DB01143
DB00661,3,DB01297
DB01119,3,DB01029
DB09244,3,DB00796
DB00524,3,DB09236
DB00468,3,DB01340
DB09026,3,DB09235
DB01119,3,DB01090
DB00346,3,DB01136
DB01324,3,DB06268
DB00805,3,DB01214
DB01340,3,DB01180
DB09282,3,DB01089
DB01238,3,DB00903
DB00374,3,DB06694
DB01244,3,DB00765
DB01158,3,DB06268
DB00598,3,DB07615
DB00806,3,DB00206
DB01351,3,DB08931
DB09220,3,DB00598
DB00606,3,DB06712
DB01171,3,DB04840
DB06712,3,DB06826
DB00805,3,DB00966
DB00492,3,DB04948
DB00806,3,DB06826
DB00622,3,DB09235
DB01174,3,DB01143
DB01119,3,DB00373
DB00206,3,DB01116
DB00806,3,DB09235
DB00436,3,DB01170
DB00765,3,DB06268
DB01238,3,DB01054
DB00905,3,DB01143
DB00206,3,DB01090
DB09245,3,DB00606
DB01069,3,DB01297
DB00599,3,DB00922
DB01214,3,DB09477
DB01247,3,DB00866
DB00599,3,DB00373
DB00805,4,DB00454
DB00614,4,DB00454
DB00182,4,DB00454
DB01247,4,DB00454
DB09244,4,DB00454
DB01626,4,DB00454
DB01037,4,DB00454
DB09245,4,DB00454
DB00752,4,DB00454
DB01656,5,DB00352
DB01656,5,DB00851
DB00631,5,DB08895
DB01656,5,DB01041
DB01073,5,DB08895
DB01656,5,DB00337
DB00541,5,DB08895
DB00694,5,DB08895
DB01168,5,DB08868
DB00563,5,DB08868
DB00724,5,DB08895
DB00544,5,DB08868
DB01656,5,DB06603
DB00120,5,DB08895
DB01656,5,DB00987
DB01656,5,DB01206
DB01656,5,DB01101
DB04951,5,DB08868
DB00480,5,DB08895
DB00620,5,DB08895
DB01656,5,DB06196
DB00262,5,DB08868
DB00531,5,DB00091
DB00222,5,DB08868
DB00290,5,DB08868
DB05260,5,DB08868
DB01229,5,DB08895
DB00642,5,DB08868
DB01656,5,DB01073
DB01423,5,DB08895
DB00688,5,DB08868
DB01656,5,DB00928
DB00741,5,DB08895
DB01656,5,DB04572
DB01656,5,DB00398
DB04868,5,DB08868
DB04868,5,DB08895
DB08908,5,DB08868
DB06603,5,DB08895
DB01656,5,DB00488
DB01008,5,DB08868
DB01656,5,DB00993
DB01656,5,DB09054
DB01030,5,DB08868
DB00480,5,DB08868
DB06287,5,DB08868
DB01423,5,DB08868
DB01042,5,DB08868
DB01656,5,DB00864
DB00563,5,DB08895
DB11989,5,DB08895
DB06196,5,DB08868
DB00443,5,DB08895
DB00959,5,DB08868
DB01656,5,DB00959
DB00888,5,DB08895
DB01656,5,DB08895
DB01268,5,DB08895
DB01248,5,DB08895
DB01656,5,DB01024
DB01024,5,DB08868
DB06813,5,DB08868
DB06287,5,DB08895
DB01656,5,DB05676
DB01656,5,DB04951
DB00444,5,DB08868
DB00290,5,DB08895
DB08895,5,DB08868
DB06772,5,DB08895
DB01656,5,DB00635
DB01656,5,DB00762
DB00428,5,DB08895
DB01656,5,DB00741
DB00755,5,DB08895
DB01101,5,DB08895
DB00531,5,DB08868
DB01229,5,DB08868
DB12598,5,DB08868
DB01656,5,DB01423
DB00762,5,DB08868
DB00398,5,DB08895
DB01656,5,DB08877
DB00959,5,DB08895
DB08910,5,DB08868
DB00541,5,DB08868
DB00864,5,DB08868
DB01656,5,DB08880
DB06603,5,DB08868
DB00997,5,DB08895
DB01656,5,DB00688
DB01656,5,DB00544
DB01656,5,DB01097
DB00352,5,DB08868
DB00441,5,DB08868
DB08908,5,DB08895
DB11989,5,DB08868
DB00242,5,DB08868
DB09082,5,DB08895
DB00445,5,DB08868
DB00762,5,DB08895
DB06589,5,DB08895
DB01024,5,DB08895
DB00091,5,DB08868
DB08877,5,DB08895
DB01196,5,DB08895
DB01656,5,DB01005
DB00853,5,DB08895
DB01656,5,DB09053
DB01656,5,DB06589
DB00262,5,DB08895
DB00444,5,DB08895
DB00687,5,DB08868
DB01656,5,DB01234
DB00488,5,DB08895
DB00428,5,DB08868
DB01008,5,DB08895
DB00570,5,DB08895
DB00860,5,DB08895
DB00276,5,DB08895
DB00544,5,DB08895
DB00531,5,DB08895
DB00970,5,DB08868
DB00445,5,DB08895
DB00291,5,DB08868
DB01005,5,DB08868
DB01656,5,DB00570
DB00091,5,DB08895
DB01248,5,DB08868
DB00619,5,DB08895
DB01656,5,DB12598
DB01656,5,DB08868
DB05109,5,DB08868
DB01234,5,DB08895
DB08910,5,DB08895
DB00888,5,DB08868
DB01656,5,DB00997
DB01656,5,DB00222
DB01656,5,DB00305
DB00398,5,DB08868
DB08880,5,DB08895
DB05109,5,DB08895
DB01254,5,DB08868
DB01590,5,DB08868
DB00620,5,DB08868
DB01030,5,DB08895
DB00642,5,DB08895
DB00853,5,DB08868
DB01656,5,DB00242
DB01656,5,DB01008
DB00997,5,DB08868
DB00635,5,DB08895
DB04572,5,DB08868
DB01656,5,DB00444
DB00242,5,DB08895
DB05676,5,DB08895
DB00352,5,DB08895
DB09082,5,DB08868
DB01656,5,DB04868
DB01656,5,DB01280
DB00877,5,DB08868
DB00993,5,DB08895
DB00877,5,DB08895
DB01656,5,DB00443
DB00552,5,DB08895
DB01656,5,DB00860
DB00694,5,DB08868
DB09053,5,DB08895
DB01041,5,DB08868
DB06196,5,DB08895
DB00322,5,DB08868
DB00322,5,DB08895
DB00928,5,DB08895
DB01380,5,DB08868
DB01280,5,DB08895
DB00724,5,DB08868
DB01656,5,DB01380
DB01656,5,DB01229
DB01005,5,DB08895
DB01181,5,DB08868
DB01656,5,DB00541
DB01656,5,DB01222
DB01656,5,DB01248
DB01656,5,DB05109
DB01196,5,DB08868
DB01206,5,DB08868
DB00635,5,DB08868
DB01656,5,DB00619
DB01041,5,DB08895
DB00993,5,DB08868
DB01656,5,DB00276
DB01042,5,DB08895
DB00120,5,DB08868
DB01222,5,DB08895
DB00773,5,DB08868
DB01656,5,DB00309
DB01101,5,DB08868
DB00305,5,DB08868
DB01656,5,DB00445
DB00688,5,DB08895
DB00987,5,DB08868
DB08877,5,DB08868
DB01656,5,DB01590
DB01656,5,DB00773
DB01656,5,DB00888
DB01204,5,DB08895
DB01656,5,DB01254
DB01656,5,DB01204
DB01656,5,DB00620
DB01656,5,DB06772
DB01177,5,DB08868
DB01656,5,DB00631
DB01656,5,DB01042
DB01348,6,DB00993
DB00564,6,DB00363
DB00542,6,DB00993
DB01197,6,DB00993
DB00519,6,DB00993
DB00492,6,DB00993
DB00501,6,DB00262
DB00790,6,DB00993
DB01340,6,DB00993
DB09477,6,DB00993
DB00440,6,DB00993
DB01180,6,DB00993
DB00691,6,DB00993
DB00584,6,DB00993
DB00722,6,DB00993
DB09055,7,DB01095
DB01241,7,DB00227
DB01394,7,DB01076
DB01393,7,DB01076
DB01393,7,DB00175
DB06817,7,DB08983
DB08983,7,DB01394
DB06817,7,DB01393
DB01394,7,DB08860
DB06817,7,DB00641
DB01394,7,DB01098
DB06817,7,DB00636
DB01241,7,DB08860
DB00207,7,DB01076
DB09055,7,DB09270
DB06817,7,DB01039
DB01098,7,DB05109
DB06817,7,DB00175
DB01241,7,DB00641
DB06817,7,DB01076
DB09055,7,DB00227
DB06817,7,DB00227
DB06817,7,DB09270
DB00227,7,DB05109
DB06817,7,DB00495
DB01393,7,DB09270
DB01394,7,DB00641
DB01393,7,DB00227
DB06817,7,DB01098
DB09055,7,DB01076
DB01394,7,DB01095
DB09055,7,DB01098
DB00207,7,DB00227
DB01393,7,DB00641
DB09055,7,DB08860
DB01393,7,DB01394
DB01393,7,DB01095
DB01393,7,DB01098
DB09270,7,DB05109
DB01076,7,DB05109
DB00243,7,DB00227
DB01241,7,DB01098
DB09055,7,DB01241
DB01095,7,DB05109
DB09055,7,DB00636
DB01241,7,DB01076
DB08860,7,DB05109
DB01394,7,DB00175
DB07615,8,DB01137
DB01242,8,DB00193
DB01097,8,DB00487
DB00870,8,DB01059
DB13167,8,DB04576
DB00861,8,DB00817
DB01009,8,DB01155
DB00821,8,DB01137
DB00991,8,DB00827
DB06196,8,DB01208
DB00554,8,DB00827
DB06802,8,DB01044
DB00991,8,DB00685
DB00193,8,DB00752
DB00768,8,DB04576
DB00500,8,DB00685
DB00939,8,DB01137
DB00812,8,DB01208
DB04552,8,DB00817
DB00821,8,DB01155
DB01600,8,DB01059
DB08439,8,DB00487
DB08984,8,DB01208
DB06736,8,DB00685
DB04743,8,DB04576
DB01600,8,DB00685
DB00814,8,DB00467
DB01401,8,DB01155
DB09212,8,DB01044
DB00784,8,DB00779
DB01097,8,DB01059
DB01399,8,DB01137
DB07615,8,DB00817
DB07615,8,DB04576
DB00784,8,DB01059
DB08797,8,DB00817
DB12598,8,DB00685
DB01149,8,DB00193
DB00469,8,DB00487
DB00795,8,DB00827
DB08439,8,DB00685
DB13783,8,DB01155
DB03585,8,DB00817
DB07615,8,DB01155
DB04951,8,DB01208
DB00337,8,DB00467
DB13783,8,DB01059
DB01435,8,DB00487
DB00972,8,DB00817
DB00337,8,DB04576
DB00939,8,DB01059
DB13167,8,DB00487
DB12598,8,DB00779
DB00688,8,DB00827
DB00688,8,DB01044
DB08981,8,DB01044
DB00821,8,DB01059
DB00744,8,DB01137
DB08981,8,DB00685
DB00768,8,DB00685
DB01401,8,DB00487
DB00749,8,DB00779
DB13167,8,DB01059
DB00784,8,DB01208
DB00861,8,DB00685
DB01009,8,DB00817
DB00936,8,DB00487
DB00991,8,DB00779
DB00972,8,DB04576
DB00465,8,DB00685
DB00500,8,DB00827
DB04552,8,DB00827
DB00605,8,DB01155
DB01600,8,DB01044
DB06739,8,DB00467
DB00870,8,DB00467
DB00712,8,DB01044
DB00482,8,DB01137
DB00586,8,DB01155
DB06196,8,DB00487
DB06739,8,DB00779
DB09215,8,DB00779
DB00936,8,DB01137
DB00688,8,DB01059
DB00788,8,DB00779
DB08991,8,DB00467
DB00500,8,DB01208
DB08976,8,DB00779
DB01014,8,DB01059
DB00608,8,DB04576
DB00788,8,DB01137
DB09216,8,DB04576
DB00337,8,DB01059
DB06802,8,DB00817
DB08880,8,DB00779
DB00210,8,DB01137
DB06737,8,DB01137
DB00179,8,DB01137
DB00605,8,DB00487
DB01097,8,DB01155
DB00465,8,DB00779
DB13783,8,DB04576
DB13783,8,DB00827
DB02709,8,DB01137
DB00193,8,DB00805
DB01628,8,DB00817
DB03585,8,DB01155
DB09212,8,DB01208
DB01014,8,DB00467
DB01097,8,DB00817
DB04743,8,DB00817
DB01399,8,DB04576
DB00821,8,DB00467
DB09218,8,DB04576
DB08984,8,DB04576
DB00461,8,DB00467
DB04552,8,DB00487
DB00795,8,DB01208
DB08880,8,DB01044
DB00573,8,DB00817
DB00337,8,DB01044
DB08439,8,DB00779
DB00500,8,DB00467
DB00795,8,DB01155
DB06725,8,DB00779
DB06700,8,DB00193
DB01097,8,DB01044
DB01283,8,DB00685
DB01399,8,DB00487
DB00870,8,DB01208
DB00469,8,DB01155
DB00712,8,DB00487
DB00482,8,DB00779
DB09212,8,DB00827
DB08981,8,DB04576
DB06737,8,DB00685
DB09084,8,DB00487
DB06725,8,DB00827
DB00972,8,DB00827
DB01628,8,DB04576
DB01628,8,DB00487
DB00749,8,DB01208
DB09216,8,DB00685
DB08976,8,DB00487
DB02709,8,DB01208
DB06737,8,DB00817
DB08918,8,DB00193
DB01283,8,DB01208
DB06725,8,DB01059
DB00939,8,DB00487
DB01435,8,DB01044
DB00870,8,DB00827
DB06736,8,DB00487
DB05676,8,DB00827
DB00573,8,DB01137
DB00788,8,DB00685
DB00244,8,DB01059
DB00870,8,DB01137
DB00244,8,DB01044
DB02709,8,DB00685
DB00749,8,DB04576
DB00321,8,DB00193
DB00193,8,DB01626
DB00991,8,DB01044
DB00735,8,DB01155
DB00939,8,DB00817
DB01399,8,DB00779
DB09084,8,DB00467
DB00337,8,DB01137
DB13783,8,DB00817
DB01401,8,DB00685
DB00939,8,DB01208
DB01435,8,DB01208
DB04743,8,DB00487
DB09288,8,DB01059
DB01600,8,DB00487
DB00795,8,DB00487
DB00688,8,DB01155
DB00814,8,DB01155
DB00554,8,DB01208
DB00795,8,DB01044
DB01628,8,DB01044
DB00328,8,DB00487
DB06737,8,DB00827
DB01050,8,DB04576
DB01250,8,DB04576
DB00608,8,DB00827
DB00688,8,DB01137
DB00179,8,DB01059
DB05676,8,DB00779
DB00939,8,DB00779
DB00939,8,DB04576
DB06802,8,DB00467
DB13783,8,DB01137
DB00924,8,DB00193
DB05676,8,DB01137
DB00936,8,DB00817
DB00788,8,DB00827
DB06725,8,DB00487
DB01097,8,DB04576
DB00814,8,DB00685
DB03585,8,DB01059
DB09084,8,DB00779
DB01104,8,DB00193
DB00543,8,DB00193
DB00215,8,DB00193
DB06739,8,DB01059
DB06725,8,DB01137
DB06196,8,DB04576
DB00193,8,DB00614
DB00795,8,DB01059
DB00788,8,DB00487
DB00608,8,DB00817
DB00210,8,DB00467
DB00945,8,DB01044
DB00244,8,DB01208
DB00465,8,DB01155
DB01009,8,DB00685
DB00861,8,DB00779
DB00788,8,DB00467
DB07615,8,DB00685
DB02709,8,DB00779
DB01283,8,DB00467
DB01401,8,DB00467
DB04552,8,DB00685
DB00784,8,DB00827
DB00469,8,DB01044
DB00945,8,DB00779
DB01283,8,DB01155
DB01014,8,DB04576
DB00210,8,DB00779
DB00735,8,DB01208
DB00821,8,DB00487
DB01250,8,DB00467
DB00586,8,DB00685
DB01097,8,DB00685
DB08976,8,DB01044
DB06736,8,DB00779
DB00795,8,DB00685
DB01628,8,DB00779
DB08991,8,DB01137
DB09218,8,DB01137
DB08439,8,DB01059
DB01014,8,DB00779
DB00605,8,DB00779
DB01283,8,DB01044
DB00735,8,DB00817
DB00768,8,DB00827
DB04743,8,DB01137
DB00210,8,DB01155
DB00749,8,DB01059
DB08797,8,DB01155
DB08984,8,DB00817
DB01050,8,DB00779
DB00193,8,DB09244
DB00554,8,DB01044
DB01050,8,DB01155
DB00991,8,DB01137
DB00586,8,DB00487
DB08880,8,DB01208
DB03585,8,DB00779
DB00328,8,DB01137
DB09216,8,DB01155
DB04951,8,DB00779
DB00784,8,DB00487
DB06739,8,DB00685
DB01399,8,DB00685
DB02709,8,DB04576
DB00210,8,DB01059
DB00963,8,DB01208
DB00945,8,DB01208
DB05676,8,DB00487
DB00461,8,DB01208
DB00945,8,DB01155
DB00945,8,DB00487
DB00735,8,DB00467
DB01175,8,DB00193
DB00712,8,DB00817
DB00788,8,DB01059
DB13783,8,DB00467
DB00812,8,DB01137
DB04951,8,DB01059
DB00744,8,DB00817
DB00814,8,DB00487
DB00870,8,DB00685
DB00554,8,DB00685
DB01009,8,DB00487
DB00482,8,DB00817
DB01628,8,DB00685
DB08991,8,DB01059
DB01628,8,DB00827
DB01401,8,DB00817
DB03585,8,DB01137
DB09216,8,DB00827
DB00605,8,DB01044
DB01050,8,DB01044
DB00712,8,DB00779
DB13167,8,DB00779
DB01435,8,DB01155
DB00469,8,DB00827
DB06739,8,DB01155
DB09212,8,DB04576
DB00285,8,DB00193
DB09084,8,DB00827
DB00712,8,DB00685
DB00861,8,DB00827
DB00461,8,DB01044
DB00193,8,DB01367
DB00861,8,DB01059
DB08797,8,DB00487
DB02709,8,DB00487
DB08984,8,DB01137
DB00768,8,DB01044
DB00939,8,DB00467
DB00991,8,DB01208
DB00861,8,DB00467
DB00472,8,DB00193
DB06739,8,DB00817
DB00795,8,DB00779
DB01399,8,DB01044
DB00812,8,DB00467
DB02709,8,DB01044
DB00715,8,DB00193
DB00712,8,DB01155
DB09212,8,DB01137
DB00461,8,DB00817
DB08880,8,DB04576
DB07615,8,DB01208
DB00768,8,DB00817
DB04951,8,DB01044
DB00688,8,DB00817
DB07615,8,DB00487
DB00586,8,DB00467
DB01399,8,DB01208
DB09212,8,DB00685
DB00337,8,DB00779
DB00193,8,DB01247
DB09215,8,DB00467
DB00193,8,DB09245
DB08981,8,DB01155
DB00768,8,DB00487
DB09215,8,DB01044
DB00465,8,DB00827
DB08880,8,DB00467
DB06802,8,DB00779
DB06736,8,DB00817
DB01250,8,DB01208
DB00936,8,DB01208
DB06196,8,DB01044
DB09084,8,DB00685
DB06736,8,DB00467
DB00605,8,DB01059
DB06725,8,DB01044
DB00749,8,DB01044
DB12598,8,DB04576
DB12598,8,DB01208
DB08797,8,DB00467
DB09218,8,DB00817
DB00193,8,DB01037
DB09288,8,DB01155
DB00784,8,DB00817
DB05676,8,DB01155
DB12598,8,DB00487
DB03585,8,DB04576
DB08981,8,DB01208
DB00482,8,DB01155
DB00945,8,DB00467
DB01399,8,DB00827
DB06739,8,DB01137
DB13783,8,DB00487
DB00812,8,DB04576
DB13167,8,DB01155
DB04743,8,DB01208
DB01600,8,DB00817
DB04951,8,DB01137
DB12598,8,DB01137
DB12598,8,DB01059
DB00328,8,DB00827
DB00768,8,DB00467
DB00861,8,DB01208
DB09084,8,DB01137
DB00244,8,DB00685
DB04552,8,DB04576
DB13167,8,DB00467
DB00461,8,DB01059
DB05676,8,DB01208
DB00465,8,DB01208
DB06739,8,DB04576
DB00861,8,DB01044
DB01600,8,DB01155
DB01600,8,DB00827
DB08984,8,DB01059
DB09216,8,DB00817
DB00870,8,DB00487
DB00608,8,DB00467
DB00586,8,DB01137
DB08984,8,DB00685
DB06736,8,DB01155
DB09288,8,DB00467
DB09218,8,DB00827
DB00337,8,DB00817
DB02709,8,DB00817
DB00814,8,DB00827
DB00605,8,DB00817
DB01250,8,DB01137
DB00821,8,DB04576
DB00936,8,DB00685
DB00814,8,DB00817
DB00735,8,DB04576
DB08984,8,DB01155
DB09212,8,DB00779
DB00963,8,DB01044
DB00963,8,DB01059
DB01435,8,DB00827
DB09288,8,DB00685
DB01600,8,DB00779
DB00337,8,DB01155
DB00814,8,DB01208
DB01283,8,DB00487
DB07615,8,DB00779
DB00586,8,DB00817
DB00688,8,DB00467
DB12598,8,DB00467
DB06196,8,DB00685
DB04743,8,DB01155
DB08439,8,DB00467
DB00605,8,DB04576
DB08991,8,DB01044
DB00328,8,DB01155
DB00500,8,DB01137
DB13167,8,DB01137
DB00244,8,DB00487
DB01401,8,DB01059
DB00554,8,DB00779
DB05676,8,DB01044
DB03585,8,DB00487
DB01250,8,DB01059
DB00179,8,DB01155
DB01600,8,DB01208
DB04552,8,DB00779
DB01097,8,DB01208
DB00469,8,DB01137
DB09216,8,DB00487
DB08984,8,DB00487
DB01401,8,DB01137
DB09084,8,DB01059
DB00972,8,DB01137
DB01283,8,DB00817
DB00328,8,DB00685
DB00735,8,DB00827
DB01097,8,DB00467
DB00469,8,DB01059
DB00328,8,DB01208
DB04951,8,DB01155
DB00945,8,DB00685
DB04743,8,DB00685
DB09218,8,DB00779
DB00744,8,DB00685
DB01250,8,DB01044
DB08976,8,DB01155
DB00795,8,DB00817
DB00469,8,DB01208
DB00179,8,DB00487
DB00861,8,DB01155
DB00788,8,DB01208
DB09212,8,DB01155
DB00768,8,DB01155
DB01050,8,DB00467
DB06725,8,DB00467
DB00788,8,DB01155
DB00744,8,DB00467
DB00554,8,DB01155
DB01435,8,DB04576
DB00744,8,DB00779
DB13783,8,DB00685
DB00554,8,DB00467
DB00482,8,DB00685
DB00963,8,DB00685
DB09167,8,DB00193
DB00554,8,DB04576
DB00744,8,DB00487
DB00784,8,DB04576
DB01050,8,DB00817
DB08439,8,DB00817
DB00586,8,DB01059
DB06737,8,DB00467
DB01014,8,DB00817
DB09084,8,DB04576
DB06196,8,DB00779
DB00939,8,DB00827
DB00179,8,DB00817
DB00461,8,DB01155
DB06737,8,DB00779
DB09218,8,DB00467
DB00788,8,DB01044
DB00500,8,DB04576
DB08439,8,DB01155
DB06739,8,DB00827
DB06802,8,DB04576
DB00963,8,DB00467
DB00939,8,DB01044
DB01014,8,DB00685
DB01050,8,DB00685
DB13167,8,DB00817
DB00788,8,DB04576
DB00482,8,DB00467
DB09216,8,DB01208
DB00936,8,DB01155
DB00821,8,DB01208
DB00500,8,DB01044
DB04552,8,DB01137
DB00768,8,DB00779
DB03585,8,DB00467
DB00193,8,DB01171
DB01014,8,DB01208
DB09288,8,DB01137
DB08981,8,DB00487
DB00870,8,DB01044
DB00328,8,DB00817
DB00465,8,DB01137
DB06739,8,DB01208
DB00554,8,DB01059
DB09216,8,DB01059
DB09084,8,DB01208
DB00735,8,DB00779
DB00795,8,DB04576
DB01050,8,DB01208
DB00821,8,DB00685
DB01283,8,DB01137
DB04951,8,DB00685
DB01009,8,DB04576
DB00605,8,DB00685
DB00972,8,DB01155
DB06739,8,DB00487
DB00749,8,DB00685
DB00744,8,DB01044
DB00795,8,DB00467
DB00735,8,DB00487
DB09288,8,DB01208
DB04552,8,DB01044
DB08984,8,DB01044
DB00573,8,DB01208
DB00749,8,DB00487
DB00328,8,DB04576
DB00469,8,DB00467
DB04951,8,DB04576
DB01435,8,DB01059
DB00500,8,DB00487
DB00210,8,DB00827
DB04743,8,DB00779
DB00784,8,DB01137
DB09289,8,DB00193
DB00821,8,DB00827
DB00465,8,DB00467
DB01014,8,DB01044
DB08439,8,DB01137
DB00749,8,DB01137
DB01401,8,DB00779
DB01401,8,DB01044
DB00244,8,DB00817
DB00573,8,DB00685
DB12598,8,DB00827
DB08797,8,DB00685
DB00814,8,DB01137
DB04743,8,DB00827
DB13167,8,DB00827
DB00744,8,DB01155
DB02709,8,DB01059
DB00244,8,DB04576
DB00812,8,DB00779
DB00210,8,DB00685
DB12598,8,DB01155
DB00482,8,DB01208
DB00179,8,DB04576
DB09215,8,DB01155
DB06737,8,DB04576
DB08981,8,DB00817
DB01009,8,DB00779
DB01628,8,DB00467
DB00768,8,DB01059
DB08991,8,DB04576
DB01283,8,DB00827
DB00573,8,DB00779
DB00991,8,DB00467
DB08797,8,DB00827
DB00991,8,DB01155
DB00749,8,DB00817
DB01014,8,DB00487
DB06725,8,DB01208
DB00337,8,DB00487
DB01399,8,DB01059
DB00461,8,DB04576
DB00328,8,DB00779
DB06802,8,DB01155
DB01250,8,DB00827
DB04552,8,DB00467
DB01435,8,DB00685
DB08984,8,DB00779
DB00749,8,DB00827
DB09084,8,DB01044
DB08984,8,DB00827
DB05676,8,DB00467
DB00469,8,DB00685
DB01399,8,DB00817
DB08976,8,DB00817
DB00712,8,DB01137
DB00573,8,DB00827
DB00735,8,DB01137
DB06196,8,DB01137
DB00179,8,DB00779
DB00812,8,DB00817
DB00972,8,DB00487
DB08981,8,DB00779
DB06725,8,DB00817
DB00972,8,DB00779
DB05676,8,DB01059
DB01250,8,DB00685
DB04552,8,DB01155
DB00210,8,DB01208
DB01435,8,DB00817
DB08797,8,DB01059
DB00821,8,DB00817
DB00936,8,DB01059
DB00482,8,DB00827
DB06802,8,DB01059
DB06737,8,DB01059
DB01283,8,DB00779
DB00176,8,DB00193
DB00712,8,DB01208
DB09288,8,DB04576
DB00469,8,DB00817
DB00861,8,DB04576
DB00768,8,DB01137
DB01250,8,DB00779
DB08976,8,DB04576
DB00784,8,DB01155
DB09212,8,DB00487
DB05676,8,DB00817
DB00573,8,DB00467
DB00814,8,DB01044
DB02709,8,DB00467
DB01283,8,DB01059
DB00586,8,DB01044
DB05676,8,DB00685
DB08991,8,DB00487
DB00193,8,DB09241
DB06736,8,DB01059
DB00821,8,DB01044
DB06802,8,DB00685
DB01399,8,DB00467
DB00605,8,DB01137
DB00608,8,DB00779
DB01435,8,DB00779
DB00688,8,DB00487
DB00179,8,DB00827
DB00908,9,DB00202
DB09093,9,DB01339
DB08992,9,DB01226
DB00254,9,DB00483
DB01397,9,DB01337
DB00091,9,DB00565
DB01356,9,DB00202
DB01627,9,DB00728
DB00618,9,DB13450
DB09090,9,DB00732
DB04841,9,DB01226
DB00393,9,DB01226
DB01017,9,DB01337
DB01377,9,DB00728
DB00781,9,DB00732
DB00468,9,DB13450
DB06712,9,DB00732
DB01627,9,DB01135
DB09093,9,DB00483
DB00401,9,DB01226
DB01111,9,DB13450
DB09104,9,DB01226
DB00254,9,DB00202
DB00270,9,DB01226
DB00314,9,DB00452
DB00512,9,DB01226
DB00684,9,DB00657
DB00798,9,DB00657
DB01111,9,DB00565
DB06712,9,DB01226
DB01023,9,DB01226
DB00512,9,DB01338
DB00618,9,DB01135
DB06690,9,DB00732
DB00512,9,DB01135
DB01397,9,DB01336
DB09104,9,DB00565
DB00653,9,DB01338
DB00512,9,DB11156
DB01017,9,DB01336
DB01017,9,DB01245
DB04920,9,DB01226
DB06810,9,DB00657
DB01111,9,DB01199
DB01397,9,DB11156
DB00428,9,DB00657
DB00618,9,DB00728
DB00753,9,DB00732
DB00314,9,DB01336
DB00622,9,DB00732
DB04841,9,DB00732
DB00254,9,DB11156
DB00555,9,DB01226
DB00468,9,DB01337
DB01356,9,DB00483
DB01244,9,DB00732
DB00653,9,DB01199
DB00781,9,DB00657
DB01017,9,DB13450
DB00908,9,DB01135
DB01356,9,DB01245
DB01377,9,DB01226
DB00314,9,DB00657
DB00512,9,DB00565
DB09235,9,DB01226
DB01035,9,DB00732
DB00254,9,DB01245
DB01054,9,DB00732
DB00468,9,DB01338
DB01159,9,DB01226
DB01219,9,DB01339
DB00385,9,DB00657
DB01427,9,DB00732
DB04743,9,DB01226
DB00314,9,DB06810
DB00468,9,DB01336
DB09093,9,DB01336
DB00781,9,DB11156
DB01054,9,DB01226
DB00908,9,DB13450
DB09093,9,DB01337
DB06694,9,DB01226
DB00908,9,DB11156
DB00694,9,DB00657
DB00314,9,DB03615
DB01017,9,DB01338
DB09104,9,DB11156
DB00781,9,DB01337
DB00254,9,DB01336
DB00781,9,DB01245
DB00254,9,DB01135
DB09093,9,DB01199
DB01190,9,DB00483
DB00091,9,DB00483
DB00254,9,DB00565
DB01035,9,DB01199
DB00314,9,DB00732
DB01578,9,DB00657
DB01397,9,DB13450
DB00997,9,DB00657
DB01017,9,DB01339
DB00254,9,DB00657
DB00314,9,DB00483
DB00781,9,DB00202
DB09238,9,DB00732
DB01356,9,DB00728
DB00781,9,DB00565
DB01397,9,DB00565
DB00452,9,DB00657
DB09232,9,DB00732
DB01397,9,DB00728
DB01190,9,DB11156
DB00618,9,DB00483
DB00653,9,DB01135
DB13323,9,DB01226
DB01397,9,DB01338
DB01244,9,DB01226
DB00314,9,DB01082
DB01190,9,DB00732
DB09230,9,DB01226
DB00314,9,DB00428
DB01377,9,DB01337
DB01017,9,DB00483
DB00468,9,DB01199
DB09104,9,DB00483
DB00230,9,DB01226
DB01017,9,DB00657
DB01111,9,DB11156
DB01111,9,DB00202
DB01377,9,DB01135
DB00653,9,DB00202
DB00343,9,DB00732
DB00314,9,DB00385
DB00618,9,DB01336
DB01627,9,DB01336
DB00512,9,DB01199
DB09235,9,DB00732
DB01421,9,DB00657
DB01190,9,DB01337
DB00781,9,DB00728
DB00314,9,DB11156
DB00468,9,DB11156
DB00421,9,DB01226
DB01035,9,DB00202
DB00254,9,DB01338
DB01377,9,DB01338
DB00781,9,DB01199
DB06690,9,DB01226
DB01236,9,DB01226
DB00753,9,DB01226
DB01035,9,DB13450
DB00653,9,DB01337
DB09104,9,DB01336
DB01028,9,DB00732
DB09093,9,DB11156
DB00568,9,DB01226
DB00091,9,DB01336
DB00908,9,DB01339
DB01017,9,DB00728
DB00314,9,DB00445
DB01397,9,DB00732
DB01356,9,DB01135
DB00555,9,DB00732
DB01190,9,DB00728
DB01159,9,DB00732
DB00618,9,DB01199
DB09231,9,DB01226
DB00618,9,DB01339
DB01111,9,DB01338
DB00314,9,DB01199
DB00653,9,DB01336
DB00919,9,DB00657
DB07615,9,DB00732
DB00618,9,DB00732
DB00908,9,DB01199
DB00314,9,DB00997
DB00314,9,DB01245
DB00955,9,DB00657
DB09104,9,DB01337
DB01115,9,DB01226
DB01111,9,DB01336
DB00228,9,DB00732
DB00314,9,DB01177
DB01111,9,DB01245
DB00314,9,DB01339
DB00618,9,DB00202
DB00618,9,DB01338
DB09104,9,DB00202
DB00622,9,DB01226
DB00528,9,DB01226
DB01377,9,DB11156
DB00908,9,DB00565
DB01397,9,DB00202
DB01017,9,DB01226
DB01377,9,DB01199
DB09104,9,DB01339
DB00270,9,DB00732
DB01190,9,DB01338
DB01111,9,DB00483
DB01017,9,DB00565
DB00468,9,DB01226
DB01172,9,DB00657
DB01190,9,DB01336
DB09216,9,DB01226
DB09093,9,DB00732
DB01111,9,DB01339
DB01017,9,DB01135
DB01377,9,DB01336
DB01190,9,DB00202
DB00393,9,DB00732
DB00343,9,DB01226
DB01627,9,DB01339
DB01397,9,DB01135
DB09104,9,DB01245
DB00091,9,DB01226
DB01356,9,DB01199
DB00908,9,DB00483
DB00314,9,DB01135
DB01035,9,DB00728
DB01397,9,DB00483
DB01017,9,DB01199
DB01627,9,DB01337
DB01356,9,DB01337
DB00908,9,DB01337
DB00319,9,DB01339
DB09104,9,DB01338
DB00908,9,DB00732
DB00468,9,DB01245
DB01627,9,DB00732
DB01190,9,DB00657
DB09093,9,DB00728
DB00618,9,DB01337
DB00314,9,DB06263
DB00653,9,DB00565
DB00314,9,DB00955
DB00314,9,DB00798
DB01627,9,DB13450
DB00618,9,DB01245
DB00512,9,DB01245
DB00314,9,DB01338
DB01111,9,DB00728
DB00661,9,DB00732
DB01627,9,DB00483
DB00653,9,DB01245
DB01035,9,DB01336
DB00618,9,DB00565
DB00781,9,DB01338
DB01377,9,DB00732
DB01236,9,DB00732
DB01028,9,DB01226
DB00781,9,DB01226
DB01190,9,DB01245
DB01035,9,DB01337
DB00512,9,DB00728
DB01189,9,DB01226
DB00401,9,DB00732
DB01397,9,DB01245
DB00254,9,DB01337
DB00091,9,DB11156
DB01035,9,DB00565
DB09090,9,DB01226
DB01356,9,DB01336
DB09093,9,DB01135
DB00314,9,DB00781
DB09104,9,DB00728
DB00781,9,DB01339
DB00781,9,DB13450
DB01627,9,DB01245
DB01190,9,DB01199
DB00254,9,DB00728
DB01190,9,DB01339
DB00908,9,DB01338
DB00091,9,DB00728
DB09236,9,DB01226
DB01356,9,DB11156
DB00091,9,DB01199
DB01627,9,DB00657
DB01035,9,DB01245
DB00468,9,DB00732
DB01035,9,DB01226
DB09231,9,DB00732
DB09104,9,DB13450
DB04743,9,DB00732
DB00468,9,DB00483
DB00996,9,DB00732
DB00653,9,DB00728
DB09227,9,DB00732
DB09230,9,DB00732
DB00314,9,DB01172
DB00091,9,DB01135
DB00512,9,DB00732
DB01035,9,DB01339
DB01074,9,DB00732
DB00512,9,DB00483
DB00091,9,DB01337
DB00254,9,DB01339
DB01190,9,DB01226
DB00091,9,DB00732
DB00314,9,DB00202
DB09286,10,DB01235
DB00488,10,DB00924
DB00898,10,DB00880
DB09026,10,DB01235
DB00960,10,DB00476
DB01193,10,DB01136
DB00488,10,DB09167
DB00703,10,DB00476
DB00599,10,DB00999
DB09204,10,DB00457
DB01203,10,DB01136
DB00898,10,DB00808
DB00489,10,DB00706
DB00598,10,DB01136
DB01295,10,DB06207
DB00881,10,DB00476
DB01174,10,DB00880
DB01351,10,DB00524
DB01115,10,DB00476
DB00703,10,DB01235
DB01162,10,DB00476
DB09236,10,DB00476
DB00794,10,DB00999
DB00849,10,DB01325
DB00883,10,DB00476
DB00780,10,DB00476
DB09286,10,DB00476
DB00413,10,DB00476
DB00188,10,DB01235
DB00206,10,DB00476
DB00195,10,DB00476
DB01154,10,DB01021
DB08808,10,DB00598
DB01154,10,DB01325
DB00960,10,DB01162
DB00774,10,DB00476
DB00612,10,DB00476
DB00794,10,DB00774
DB06712,10,DB00476
DB00435,10,DB00476
DB00794,10,DB01325
DB00474,10,DB00999
DB09292,10,DB00476
DB00270,10,DB00476
DB08941,10,DB00476
DB00488,10,DB00752
DB01355,10,DB01324
DB00661,10,DB01235
DB09026,10,DB00476
DB08807,10,DB00346
DB00384,10,DB00476
DB00488,10,DB00370
DB00401,10,DB01235
DB00818,10,DB00476
DB08808,10,DB01136
DB01143,10,DB01235
DB00622,10,DB00476
DB09204,10,DB00476
DB00808,10,DB01235
DB00796,10,DB00476
DB00312,10,DB01325
DB00700,10,DB00476
DB00681,10,DB00476
DB00922,10,DB01235
DB08807,10,DB00598
DB00898,10,DB00310
DB00474,10,DB01324
DB00612,10,DB06207
DB00706,10,DB00476
DB00188,10,DB00476
DB00187,10,DB06207
DB00486,10,DB00476
DB00335,10,DB01136
DB01235,10,DB00476
DB08807,10,DB01162
DB00373,10,DB00598
DB00177,10,DB01235
DB00373,10,DB06207
DB00697,10,DB00476
DB01118,10,DB00476
DB00489,10,DB00590
DB09227,10,DB00476
DB00999,10,DB01235
DB04846,10,DB01136
DB01244,10,DB01235
DB00849,10,DB01021
DB01023,10,DB01235
DB00727,10,DB01235
DB00790,10,DB00476
DB01297,10,DB00346
DB00622,10,DB01235
DB00657,10,DB01235
DB00521,10,DB00598
DB01203,10,DB00590
DB00489,10,DB01136
DB04861,10,DB00598
DB00599,10,DB00232
DB00373,10,DB01235
DB01203,10,DB00476
DB00849,10,DB01324
DB08931,10,DB01235
DB00898,10,DB00524
DB01174,10,DB00524
DB01295,10,DB00706
DB01242,10,DB01235
DB00264,10,DB01162
DB00598,10,DB00476
DB01297,10,DB00598
DB00599,10,DB00436
DB00373,10,DB00590
DB00488,10,DB01168
DB00393,10,DB00476
DB00187,10,DB00590
DB01158,10,DB01235
DB00727,10,DB00476
DB01295,10,DB00457
DB04920,10,DB00476
DB00755,10,DB01235
DB04861,10,DB00706
DB00195,10,DB01235
DB00742,10,DB01235
DB00898,10,DB01324
DB00521,10,DB01136
DB00599,10,DB00808
DB00310,10,DB01235
DB00571,10,DB00457
DB00418,10,DB00774
DB08808,10,DB00590
DB00708,10,DB00476
DB01200,10,DB00476
DB01193,10,DB01235
DB00599,10,DB01325
DB01351,10,DB00808
DB00312,10,DB00880
DB01143,10,DB00476
DB04861,10,DB00457
DB00488,10,DB00805
DB09235,10,DB01235
DB00363,10,DB01235
DB00232,10,DB00476
DB01355,10,DB00808
DB01020,10,DB00476
DB01029,10,DB00476
DB09279,10,DB00476
DB00849,10,DB00774
DB00524,10,DB00476
DB01351,10,DB00310
DB00714,10,DB01235
DB09292,10,DB01235
DB01214,10,DB00476
DB00381,10,DB00476
DB01002,10,DB01235
DB01154,10,DB00232
DB01351,10,DB01324
DB09204,10,DB00590
DB00489,10,DB00476
DB00312,10,DB00774
DB00178,10,DB00476
DB00418,10,DB00524
DB00521,10,DB00590
DB08907,10,DB00476
DB01018,10,DB00476
DB00488,10,DB01037
DB00488,10,DB09245
DB01174,10,DB01325
DB00421,10,DB00476
DB00312,10,DB00524
DB00755,10,DB00476
DB01355,10,DB00880
DB00714,10,DB00476
DB00474,10,DB01021
DB01054,10,DB01235
DB09112,10,DB00476
DB00808,10,DB00476
DB00898,10,DB01021
DB00323,10,DB01235
DB00612,10,DB01162
DB00187,10,DB00346
DB00195,10,DB00457
DB08807,10,DB00590
DB00794,10,DB00310
DB08931,10,DB00476
DB00474,10,DB00436
DB00876,10,DB01235
DB01174,10,DB00999
DB00335,10,DB00457
DB04861,10,DB06207
DB00887,10,DB01235
DB04948,10,DB01235
DB04846,10,DB01162
DB00521,10,DB00476
DB01359,10,DB00706
DB00800,10,DB01235
DB01203,10,DB00457
DB09204,10,DB01162
DB06712,10,DB01235
DB01297,10,DB01136
DB00312,10,DB01324
DB01154,10,DB00880
DB00488,10,DB01242
DB00335,10,DB00598
DB01580,10,DB00706
DB00571,10,DB01162
DB05271,10,DB00476
DB00692,10,DB00476
DB00590,10,DB00476
DB01351,10,DB00999
DB01351,10,DB01325
DB00584,10,DB00476
DB01282,10,DB01235
DB00866,10,DB01162
DB01580,10,DB00457
DB01210,10,DB00476
DB01154,10,DB01324
DB00849,10,DB00232
DB00679,10,DB01235
DB04846,10,DB00598
DB00312,10,DB01021
DB06292,10,DB00476
DB04846,10,DB00457
DB09204,10,DB01235
DB01037,10,DB00476
DB00373,10,DB00706
DB00418,10,DB01021
DB00275,10,DB01235
DB00794,10,DB00880
DB00598,10,DB01235
DB00599,10,DB00880
DB00598,10,DB00457
DB01174,10,DB01324
DB01193,10,DB00457
DB00925,10,DB00476
DB00477,10,DB01235
DB08807,10,DB00457
DB09204,10,DB01136
DB09232,10,DB00476
DB00960,10,DB01235
DB00598,10,DB00590
DB09477,10,DB01235
DB09112,10,DB01235
DB00187,10,DB00598
DB01367,10,DB00476
DB01282,10,DB00476
DB01115,10,DB01235
DB01193,10,DB00590
DB00876,10,DB00476
DB01224,10,DB01235
DB00898,10,DB00436
DB00187,10,DB01162
DB00295,10,DB01235
DB01295,10,DB01136
DB04846,10,DB00706
DB00457,10,DB00476
DB00612,10,DB00590
DB01355,10,DB00232
DB01580,10,DB00476
DB01118,10,DB01235
DB00849,10,DB00436
DB01193,10,DB00598
DB00960,10,DB00590
DB00594,10,DB01235
DB00488,10,DB01142
DB00488,10,DB09289
DB00521,10,DB01162
DB00270,10,DB01235
DB00350,10,DB00476
DB00521,10,DB00457
DB01203,10,DB00598
DB00966,10,DB01235
DB01359,10,DB00476
DB08822,10,DB00476
DB01144,10,DB00476
DB01041,10,DB00476
DB00866,10,DB06207
DB01340,10,DB00476
DB00488,10,DB00540
DB00488,10,DB00182
DB00612,10,DB01136
DB00898,10,DB00774
DB00679,10,DB00476
DB00373,10,DB01162
DB00187,10,DB00706
DB00691,10,DB01235
DB01002,10,DB00476
DB00968,10,DB01235
DB01275,10,DB01235
DB01359,10,DB01162
DB00187,10,DB01235
DB00373,10,DB01136
DB01355,10,DB01021
DB00488,10,DB00543
DB00922,10,DB00476
DB01355,10,DB00999
DB09204,10,DB00598
DB08808,10,DB01162
DB00975,10,DB00476
DB00484,10,DB00476
DB01295,10,DB00590
DB00960,10,DB00706
DB01359,10,DB01235
DB00872,10,DB00476
DB01247,10,DB00476
DB00968,10,DB00476
DB00312,10,DB00999
DB00268,10,DB00476
DB01154,10,DB00524
DB00883,10,DB01235
DB01136,10,DB00590
DB00488,10,DB00614
DB00872,10,DB01235
DB00296,10,DB01235
DB00633,10,DB00476
DB09204,10,DB00706
DB00866,10,DB00590
DB00612,10,DB01235
DB01295,10,DB00346
DB00488,10,DB01171
DB04846,10,DB00590
DB00849,10,DB00880
DB00264,10,DB01136
DB00474,10,DB00880
DB00599,10,DB01324
DB00542,10,DB01235
DB01359,10,DB01136
DB00818,10,DB01235
DB00631,10,DB01235
DB00489,10,DB00457
DB00695,10,DB01235
DB00887,10,DB00476
DB00195,10,DB00598
DB00177,10,DB00476
DB01355,10,DB00436
DB00598,10,DB06207
DB01580,10,DB01136
DB00214,10,DB01235
DB00722,10,DB01235
DB00335,10,DB01235
DB01088,10,DB00476
DB01088,10,DB01235
DB00474,10,DB01325
DB00590,10,DB01235
DB01154,10,DB00310
DB08808,10,DB00706
DB01240,10,DB01235
DB00488,10,DB01247
DB00794,10,DB00232
DB01029,10,DB01235
DB08808,10,DB00457
DB00794,10,DB01021
DB00187,10,DB00457
DB00325,10,DB01235
DB01351,10,DB00436
DB00898,10,DB00232
DB00436,10,DB00476
DB01193,10,DB06207
DB09232,10,DB01235
DB01197,10,DB01235
DB00474,10,DB00310
DB00700,10,DB01235
DB00178,10,DB01235
DB00599,10,DB00774
DB01159,10,DB00476
DB00418,10,DB01325
DB00457,10,DB01235
DB00436,10,DB01235
DB01154,10,DB00999
DB00343,10,DB01235
DB00195,10,DB06207
DB01359,10,DB06207
DB01174,10,DB00436
DB01236,10,DB00476
DB01295,10,DB01162
DB00232,10,DB01235
DB00722,10,DB00476
DB00477,10,DB00476
DB00681,10,DB01235
DB00571,10,DB00476
DB00678,10,DB01235
DB01580,10,DB00598
DB00571,10,DB01136
DB00297,10,DB00476
DB00866,10,DB00598
DB00925,10,DB01235
DB00631,10,DB00476
DB00335,10,DB00476
DB01174,10,DB00774
DB00418,10,DB00880
DB00797,10,DB01235
DB00542,10,DB00476
DB01203,10,DB01235
DB00575,10,DB01235
DB00418,10,DB00310
DB00849,10,DB00808
DB01136,10,DB01162
DB01210,10,DB01235
DB00492,10,DB00476
DB01297,10,DB00457
DB00335,10,DB01162
DB00753,10,DB00476
DB00418,10,DB00436
DB01224,10,DB00476
DB00849,10,DB00524
DB06292,10,DB01235
DB01359,10,DB00590
DB01154,10,DB00436
DB00866,10,DB00457
DB01297,10,DB01162
DB00519,10,DB00476
DB01297,10,DB00706
DB01203,10,DB06207
DB00599,10,DB00310
DB00571,10,DB00598
DB08807,10,DB00706
DB01229,10,DB00476
DB01169,10,DB01235
DB00657,10,DB00476
DB00474,10,DB00232
DB00384,10,DB01235
DB00264,10,DB01235
DB01193,10,DB00476
DB09236,10,DB01235
DB01612,10,DB01235
DB00343,10,DB00476
DB00524,10,DB01235
DB00474,10,DB00774
DB01174,10,DB00310
DB00966,10,DB00476
DB00312,10,DB00232
DB04846,10,DB06207
DB00678,10,DB00476
DB00521,10,DB06207
DB00553,11,DB00460
DB04571,11,DB00460
DB06261,11,DB00460
DB01600,11,DB00460
DB01878,11,DB00460
DB00140,11,DB00460
DB00821,11,DB00460
